target_url,rank,keyword,period_volume,avg_volume,kd,status,cluster,reason
/,1,seedance,1453980,868736,67,KEEP_P0,Homepage / Generic Seedance,generic brand/product intent; homepage owns broad terms
/,2,seedance ai,53030,61441,75,KEEP_P0,Homepage / Generic Seedance,generic brand/product intent; homepage owns broad terms
/,3,seedance 2,52440,96898,61,KEEP_P0,Homepage / Generic Seedance,generic brand/product intent; homepage owns broad terms
/,4,seedance logo,16050,5496,45,KEEP_P2,Long-tail contextual coverage,"relevant Seedance long-tail; cover contextually, not standalone page"
/,5,seedance2,11880,30705,72,KEEP_P2,Long-tail contextual coverage,"relevant Seedance long-tail; cover contextually, not standalone page"
/,6,seedance official website,8550,3958,49,KEEP_P0,Homepage / Generic Seedance,generic brand/product intent; homepage owns broad terms
/,7,bytedance seedance,7930,7415,44,KEEP_P0,Homepage / Generic Seedance,generic brand/product intent; homepage owns broad terms
/,8,what is seedance,6860,2148,71,KEEP_P0,Homepage / Generic Seedance,generic brand/product intent; homepage owns broad terms
/,9,seedance video generator,5920,3187,51,KEEP_P0,Homepage / Generic Seedance,generic brand/product intent; homepage owns broad terms
/,10,seedance ai video generator,5400,1522,38,KEEP_P0,Homepage / Generic Seedance,generic brand/product intent; homepage owns broad terms
/,11,seedance company,4930,379,72,KEEP_P2,Long-tail contextual coverage,"relevant Seedance long-tail; cover contextually, not standalone page"
/,12,seedance 料金,4850,785,4,KEEP_P2,Long-tail contextual coverage,"relevant Seedance long-tail; cover contextually, not standalone page"
/,13,seedance 官网,4600,3364,40,KEEP_P2,Long-tail contextual coverage,"relevant Seedance long-tail; cover contextually, not standalone page"
/,14,"seedance 2,5",4170,202,78,KEEP_P2,Long-tail contextual coverage,"relevant Seedance long-tail; cover contextually, not standalone page"
/,15,seedance 2.,3980,1938,83,KEEP_P2,Long-tail contextual coverage,"relevant Seedance long-tail; cover contextually, not standalone page"
/,16,ai seedance,3930,1856,66,KEEP_P2,Long-tail contextual coverage,"relevant Seedance long-tail; cover contextually, not standalone page"
/,17,seedance subscription,3670,581,26,KEEP_P2,Long-tail contextual coverage,"relevant Seedance long-tail; cover contextually, not standalone page"
/,18,seedance 2.6,3630,193,78,KEEP_P2,Long-tail contextual coverage,"relevant Seedance long-tail; cover contextually, not standalone page"
/,19,seedance video,3300,3219,65,KEEP_P0,Homepage / Generic Seedance,generic brand/product intent; homepage owns broad terms
/,20,seedance bytedance,3290,3877,48,KEEP_P0,Homepage / Generic Seedance,generic brand/product intent; homepage owns broad terms
/,21,seedance 1.5,3280,7909,19,KEEP_P2,Long-tail contextual coverage,"relevant Seedance long-tail; cover contextually, not standalone page"
/,22,seedance icon,3270,373,--,KEEP_P2,Long-tail contextual coverage,"relevant Seedance long-tail; cover contextually, not standalone page"
/,23,how to use seedance,3250,2109,46,KEEP_P2,Long-tail contextual coverage,"relevant Seedance long-tail; cover contextually, not standalone page"
/,24,seedance 中文,2850,1148,67,KEEP_P2,Long-tail contextual coverage,"relevant Seedance long-tail; cover contextually, not standalone page"
/,25,seedance ia,2770,1856,66,KEEP_P2,Long-tail contextual coverage,"relevant Seedance long-tail; cover contextually, not standalone page"
/,26,who created seedance,2730,263,--,KEEP_P2,Long-tail contextual coverage,"relevant Seedance long-tail; cover contextually, not standalone page"
/,27,logo seedance,2510,427,68,KEEP_P2,Long-tail contextual coverage,"relevant Seedance long-tail; cover contextually, not standalone page"
/,28,seedance 20,2510,1832,53,KEEP_P2,Long-tail contextual coverage,"relevant Seedance long-tail; cover contextually, not standalone page"
/,29,seedance mcp,2420,667,11,KEEP_P2,Long-tail contextual coverage,"relevant Seedance long-tail; cover contextually, not standalone page"
/,30,who owns seedance,2400,1139,71,KEEP_P2,Long-tail contextual coverage,"relevant Seedance long-tail; cover contextually, not standalone page"
/,31,seedance 1.5 pro,2390,14404,33,KEEP_P2,Long-tail contextual coverage,"relevant Seedance long-tail; cover contextually, not standalone page"
/,32,dola seedance,2370,133,82,KEEP_P2,Long-tail contextual coverage,"relevant Seedance long-tail; cover contextually, not standalone page"
/,33,seedance 2 mini,2300,1031,30,KEEP_P2,Long-tail contextual coverage,"relevant Seedance long-tail; cover contextually, not standalone page"
/,34,seedance watermark remover,2290,482,--,KEEP_P2,Long-tail contextual coverage,"relevant Seedance long-tail; cover contextually, not standalone page"
/,35,seedance logo png,2270,814,40,KEEP_P2,Long-tail contextual coverage,"relevant Seedance long-tail; cover contextually, not standalone page"
/,36,seedance reddit,2260,2524,--,KEEP_P2,Long-tail contextual coverage,"relevant Seedance long-tail; cover contextually, not standalone page"
/,37,seedance videos disney,2230,75,--,KEEP_P2,Long-tail contextual coverage,"relevant Seedance long-tail; cover contextually, not standalone page"
/,38,lumina seedance,2190,212,66,KEEP_P2,Long-tail contextual coverage,"relevant Seedance long-tail; cover contextually, not standalone page"
/,39,seedance owner,2170,652,54,KEEP_P2,Long-tail contextual coverage,"relevant Seedance long-tail; cover contextually, not standalone page"
/,40,who makes seedance,2150,110,--,KEEP_P2,Long-tail contextual coverage,"relevant Seedance long-tail; cover contextually, not standalone page"
/,41,seedance25,2140,19,--,KEEP_P2,Long-tail contextual coverage,"relevant Seedance long-tail; cover contextually, not standalone page"
/,42,seedance tiktok,2070,383,7,KEEP_P2,Long-tail contextual coverage,"relevant Seedance long-tail; cover contextually, not standalone page"
/,43,seedance ai video,2010,1174,66,KEEP_P0,Homepage / Generic Seedance,generic brand/product intent; homepage owns broad terms
/,44,is seedance good for images?,2010,0,--,KEEP_P2,Long-tail contextual coverage,"relevant Seedance long-tail; cover contextually, not standalone page"
/,45,seedance 無料,1990,1378,--,KEEP_P2,Long-tail contextual coverage,"relevant Seedance long-tail; cover contextually, not standalone page"
/,46,seedance 1,1980,525,--,KEEP_P2,Long-tail contextual coverage,"relevant Seedance long-tail; cover contextually, not standalone page"
/,47,seedance new model,1940,335,--,KEEP_P0,Homepage / Generic Seedance,generic brand/product intent; homepage owns broad terms
/,48,who made seedance,1900,483,44,KEEP_P2,Long-tail contextual coverage,"relevant Seedance long-tail; cover contextually, not standalone page"
/,49,seedance gratis,1850,1491,55,KEEP_P2,Long-tail contextual coverage,"relevant Seedance long-tail; cover contextually, not standalone page"
/,50,seedance skill,1840,496,8,KEEP_P2,Long-tail contextual coverage,"relevant Seedance long-tail; cover contextually, not standalone page"
/seedance-2-0,1,seedance 2.0,1130190,1326847,59,KEEP_P0,2.0 Core / Generator,Seedance 2.0 transactional/core intent; existing page owns it
/seedance-2-0,2,seedance 2.0 free,173510,113963,58,KEEP_P0,2.0 Core / Generator,Seedance 2.0 transactional/core intent; existing page owns it
/seedance-2-0,3,seedance 2.0 ai,27130,33671,69,KEEP_P0,2.0 Core / Generator,Seedance 2.0 transactional/core intent; existing page owns it
/seedance-2-0,4,seedance2.0,23910,57747,54,KEEP_P0,2.0 Core / Generator,Seedance 2.0 transactional/core intent; existing page owns it
/seedance-2-0,5,dreamina seedance 2.0,20620,15616,52,KEEP_P0,2.0 Core / Generator,Seedance 2.0 transactional/core intent; existing page owns it
/seedance-2-0,6,higgsfield seedance 2.0,10020,6577,51,KEEP_P0,2.0 Core / Generator,Seedance 2.0 transactional/core intent; existing page owns it
/seedance-2-0,7,free seedance 2.0,9630,6273,56,KEEP_P0,2.0 Core / Generator,Seedance 2.0 transactional/core intent; existing page owns it
/seedance-2-0,8,seedance 2.0 mini,9050,3679,35,KEEP_P0,2.0 Core / Generator,Seedance 2.0 transactional/core intent; existing page owns it
/seedance-2-0,9,seedance 2.0 free unlimited,7870,2665,59,KEEP_P0,2.0 Core / Generator,Seedance 2.0 transactional/core intent; existing page owns it
/seedance-2-0,10,unlimited seedance 2.0,7220,2467,25,KEEP_P0,2.0 Core / Generator,Seedance 2.0 transactional/core intent; existing page owns it
/seedance-2-0,11,seedance 2.0 pricing,7180,4635,15,KEEP_P0,2.0 Core / Generator,Seedance 2.0 transactional/core intent; existing page owns it
/seedance-2-0,12,bytedance seedance 2.0,6880,13690,42,KEEP_P0,2.0 Core / Generator,Seedance 2.0 transactional/core intent; existing page owns it
/seedance-2-0,13,capcut seedance 2.0,6180,4376,26,KEEP_P0,2.0 Core / Generator,Seedance 2.0 transactional/core intent; existing page owns it
/seedance-2-0,14,seedance 2.0 price,6020,4578,31,KEEP_P0,2.0 Core / Generator,Seedance 2.0 transactional/core intent; existing page owns it
/seedance-2-0,15,seedance 2.0 unlimited,5490,3226,34,KEEP_P0,2.0 Core / Generator,Seedance 2.0 transactional/core intent; existing page owns it
/seedance-2-0,16,how to use seedance 2.0,4710,8741,32,KEEP_P0,2.0 Core / Generator,Seedance 2.0 transactional/core intent; existing page owns it
/seedance-2-0,17,seedance 2.0 fast,4610,1792,57,KEEP_P0,2.0 Core / Generator,Seedance 2.0 transactional/core intent; existing page owns it
/seedance-2-0,18,is seedance 2.0 free,4030,2116,51,KEEP_P0,2.0 Core / Generator,Seedance 2.0 transactional/core intent; existing page owns it
/seedance-2-0,19,seedance 2.0 videos,4030,3176,74,KEEP_P0,2.0 Core / Generator,Seedance 2.0 transactional/core intent; existing page owns it
/seedance-2-0,20,seedance 2.0 higgsfield,3750,4935,47,KEEP_P0,2.0 Core / Generator,Seedance 2.0 transactional/core intent; existing page owns it
/seedance-2-0,21,seedance 2.0 official website,3440,4777,65,KEEP_P0,2.0 Core / Generator,Seedance 2.0 transactional/core intent; existing page owns it
/seedance-2-0,22,seedance 2.0 prompt guide,3250,1341,8,KEEP_P0,2.0 Core / Generator,Seedance 2.0 transactional/core intent; existing page owns it
/seedance-2-0,23,seedance 2.0 release date,3130,6797,68,KEEP_P0,2.0 Core / Generator,Seedance 2.0 transactional/core intent; existing page owns it
/seedance-2-0,24,seedance 2.0 reddit,3120,6898,--,KEEP_P0,2.0 Core / Generator,Seedance 2.0 transactional/core intent; existing page owns it
/seedance-2-0,25,what is seedance 2.0,3120,2376,60,KEEP_P0,2.0 Core / Generator,Seedance 2.0 transactional/core intent; existing page owns it
/seedance-2-0,26,seedance 2.0 logo,3100,3039,66,KEEP_P0,2.0 Core / Generator,Seedance 2.0 transactional/core intent; existing page owns it
/seedance-2-0,27,cheapest seedance 2.0,2950,806,16,KEEP_P0,2.0 Core / Generator,Seedance 2.0 transactional/core intent; existing page owns it
/seedance-2-0,28,best seedance 2.0 prompts,2730,769,11,KEEP_P0,2.0 Core / Generator,Seedance 2.0 transactional/core intent; existing page owns it
/seedance-2-0,29,ai seedance 2.0,2680,4898,43,KEEP_P0,2.0 Core / Generator,Seedance 2.0 transactional/core intent; existing page owns it
/seedance-2-0,30,how to access seedance 2.0,2670,2256,--,KEEP_P0,2.0 Core / Generator,Seedance 2.0 transactional/core intent; existing page owns it
/seedance-2-0,31,seedance 2.0 free trial,2670,1574,27,KEEP_P0,2.0 Core / Generator,Seedance 2.0 transactional/core intent; existing page owns it
/seedance-2-0,32,try seedance 2.0,2660,2008,28,KEEP_P0,2.0 Core / Generator,Seedance 2.0 transactional/core intent; existing page owns it
/seedance-2-0,33,seedance 2.0 prompt,2640,2273,11,KEEP_P0,2.0 Core / Generator,Seedance 2.0 transactional/core intent; existing page owns it
/seedance-2-0,34,seedance 2.0 download,2490,1107,55,KEEP_P0,2.0 Core / Generator,Seedance 2.0 transactional/core intent; existing page owns it
/seedance-2-0,35,seedance 2.0 ai video,2460,3455,47,KEEP_P0,2.0 Core / Generator,Seedance 2.0 transactional/core intent; existing page owns it
/seedance-2-0,36,seedance 2.0 料金,2440,838,4,KEEP_P0,2.0 Core / Generator,Seedance 2.0 transactional/core intent; existing page owns it
/seedance-2-0,37,seedance 2.0 4k,2280,1107,50,KEEP_P0,2.0 Core / Generator,Seedance 2.0 transactional/core intent; existing page owns it
/seedance-2-0,38,free trial seedance 2.0,2150,157,36,KEEP_P0,2.0 Core / Generator,Seedance 2.0 transactional/core intent; existing page owns it
/seedance-2-0,39,seedance 2.0 video,2110,1693,56,KEEP_P0,2.0 Core / Generator,Seedance 2.0 transactional/core intent; existing page owns it
/seedance-2-0,40,how to use seedance 2.0 for free,2090,971,34,KEEP_P0,2.0 Core / Generator,Seedance 2.0 transactional/core intent; existing page owns it
/seedance-2-0,41,canva seedance 2.0,2070,138,44,KEEP_P0,2.0 Core / Generator,Seedance 2.0 transactional/core intent; existing page owns it
/seedance-2-0,42,seedance 2.0.,2030,2976,32,KEEP_P0,2.0 Core / Generator,Seedance 2.0 transactional/core intent; existing page owns it
/seedance-2-0,43,higgsfield unlimited seedance 2.0,2010,175,39,KEEP_P0,2.0 Core / Generator,Seedance 2.0 transactional/core intent; existing page owns it
/seedance-2-0,44,seedance 2.0 for free,1990,1180,64,KEEP_P0,2.0 Core / Generator,Seedance 2.0 transactional/core intent; existing page owns it
/seedance-2-0,45,openrouter seedance 2.0,1950,399,1,KEEP_P0,2.0 Core / Generator,Seedance 2.0 transactional/core intent; existing page owns it
/seedance-2-0,46,seedance 2.0 即 梦,1850,2239,83,KEEP_P0,2.0 Core / Generator,Seedance 2.0 transactional/core intent; existing page owns it
/seedance-2-0,47,seedance 2.0 fight club,1790,0,--,KEEP_P0,2.0 Core / Generator,Seedance 2.0 transactional/core intent; existing page owns it
/seedance-2-0,48,byteplus seedance 2.0,1780,1810,34,KEEP_P0,2.0 Core / Generator,Seedance 2.0 transactional/core intent; existing page owns it
/seedance-2-0,49,seedance 2.0 pagina oficial,1660,203,67,KEEP_P0,2.0 Core / Generator,Seedance 2.0 transactional/core intent; existing page owns it
/seedance-2-0,50,dreamina credits per 720 15 second seedance 2.0 video,1640,0,--,KEEP_P0,2.0 Core / Generator,Seedance 2.0 transactional/core intent; existing page owns it
/seedance-2-5,1,seedance 2.5,1144140,39176,32,KEEP_P0,2.5 Core Hub,Seedance 2.5 core/version intent
/seedance-2-5,2,seedance2.5,86310,3701,72,KEEP_P0,2.5 Core Hub,Seedance 2.5 core/version intent
/seedance-2-5,3,seedance 2.5 reddit,11840,707,--,KEEP_P0,2.5 Core Hub,Seedance 2.5 core/version intent
/seedance-2-5,4,seedance 2.5 logo,7180,24,--,KEEP_P0,2.5 Core Hub,Seedance 2.5 core/version intent
/seedance-2-5,5,bytedance seedance 2.5,6580,407,--,KEEP_P0,2.5 Core Hub,Seedance 2.5 core/version intent
/seedance-2-5,6,seedance 2.5 ai,6290,217,--,KEEP_P0,2.5 Core Hub,Seedance 2.5 core/version intent
/seedance-2-5,7,seedance 2.5 bytedance,6060,167,48,KEEP_P0,2.5 Core Hub,Seedance 2.5 core/version intent
/seedance-2-5,8,seedance 2.5 gratis,5820,0,--,KEEP_P0,2.5 Core Hub,Seedance 2.5 core/version intent
/seedance-2-5,9,seedance 2.5 official website,4850,0,--,KEEP_P0,2.5 Core Hub,Seedance 2.5 core/version intent
/seedance-2-5,10,seedance 2.5 video,4660,168,--,KEEP_P0,2.5 Core Hub,Seedance 2.5 core/version intent
/seedance-2-5,11,cheapest seedance 2.5,4010,0,--,KEEP_P0,2.5 Core Hub,Seedance 2.5 core/version intent
/seedance-2-5,12,seedance 2.5 ai video generator,3890,185,--,KEEP_P0,2.5 Core Hub,Seedance 2.5 core/version intent
/seedance-2-5,13,seedance 2.5 examples,3670,29,--,KEEP_P0,2.5 Core Hub,Seedance 2.5 core/version intent
/seedance-2-5,14,seedance 2.5 guide,3610,15,--,KEEP_P0,2.5 Core Hub,Seedance 2.5 core/version intent
/seedance-2-5,15,what is seedance 2.5,3180,26,--,KEEP_P0,2.5 Core Hub,Seedance 2.5 core/version intent
/seedance-2-5,16,seedance 2.5 料金,3040,55,--,KEEP_P0,2.5 Core Hub,Seedance 2.5 core/version intent
/seedance-2-5,17,elevenlabs seedance 2.5,2500,4,--,KEEP_P0,2.5 Core Hub,Seedance 2.5 core/version intent
/seedance-2-5,18,seedance 2.5 edit,2370,0,--,KEEP_P0,2.5 Core Hub,Seedance 2.5 core/version intent
/seedance-2-5,19,seedance 2.5 openrouter,2310,16,--,KEEP_P0,2.5 Core Hub,Seedance 2.5 core/version intent
/seedance-2-5,20,seedance 2.5 無制限,2270,0,--,KEEP_P0,2.5 Core Hub,Seedance 2.5 core/version intent
/seedance-2-5,21,where to use seedance 2.5,1970,67,--,KEEP_P0,2.5 Core Hub,Seedance 2.5 core/version intent
/seedance-2-5,22,bytedance: seedance 2.5,1870,0,--,KEEP_P0,2.5 Core Hub,Seedance 2.5 core/version intent
/seedance-2-5,23,seedance 2.5.,1850,41,--,KEEP_P0,2.5 Core Hub,Seedance 2.5 core/version intent
/seedance-2-5,24,seedance 2.5 precio,1790,0,--,KEEP_P0,2.5 Core Hub,Seedance 2.5 core/version intent
/seedance-2-5,25,seedance 2.5 r2v,1750,0,--,KEEP_P0,2.5 Core Hub,Seedance 2.5 core/version intent
/seedance-2-5,26,seedance 2.5 公式,1730,0,--,KEEP_P0,2.5 Core Hub,Seedance 2.5 core/version intent
/seedance-2-5,27,where can i use seedance 2.5,1730,0,--,KEEP_P0,2.5 Core Hub,Seedance 2.5 core/version intent
/seedance-2-5,28,seedance 2.5 skill,1720,0,--,KEEP_P0,2.5 Core Hub,Seedance 2.5 core/version intent
/seedance-2-5,29,seedance 2.5 videos,1700,100,--,KEEP_P0,2.5 Core Hub,Seedance 2.5 core/version intent
/seedance-2-5,30,seedance 2.5 preço,1670,0,--,KEEP_P0,2.5 Core Hub,Seedance 2.5 core/version intent
/seedance-2-5,31,seedance 2.5 video edit,1670,0,--,KEEP_P0,2.5 Core Hub,Seedance 2.5 core/version intent
/seedance-2-5,32,buat video seedance 2.5,1660,0,--,KEEP_P0,2.5 Core Hub,Seedance 2.5 core/version intent
/seedance-2-5,33,seedance 2.5 価格,1660,0,--,KEEP_P0,2.5 Core Hub,Seedance 2.5 core/version intent
/seedance-2-5,34,seedance 2.5 video length,1630,0,--,KEEP_P0,2.5 Core Hub,Seedance 2.5 core/version intent
/seedance-2-5,35,who owns seedance 2.5,1610,0,--,KEEP_P0,2.5 Core Hub,Seedance 2.5 core/version intent
/seedance-2-5,36,how to use seedance 2.5,1600,41,--,KEEP_P0,2.5 Core Hub,Seedance 2.5 core/version intent
/seedance-2-5,37,is seedance 2.5 out,1600,133,--,KEEP_P0,2.5 Core Hub,Seedance 2.5 core/version intent
/seedance-2-5,38,seedance 2.5 try,1600,0,--,KEEP_P0,2.5 Core Hub,Seedance 2.5 core/version intent
/seedance-2-5,39,seedance 2.5 dragon,1570,145,--,KEEP_P0,2.5 Core Hub,Seedance 2.5 core/version intent
/seedance-2-5,40,try seedance 2.5,1560,47,--,KEEP_P0,2.5 Core Hub,Seedance 2.5 core/version intent
/seedance-2-5,41,seedance2.5何时上线,1470,37,--,KEEP_P0,2.5 Core Hub,Seedance 2.5 core/version intent
/seedance-2-5,42,seedance 2.5 cheapest,1460,0,--,KEEP_P0,2.5 Core Hub,Seedance 2.5 core/version intent
/seedance-2-5,43,seedance 2.5 demo,1410,41,--,KEEP_P0,2.5 Core Hub,Seedance 2.5 core/version intent
/seedance-2-5,44,seedance 2.5 价格,1400,82,--,KEEP_P0,2.5 Core Hub,Seedance 2.5 core/version intent
/seedance-2-5,45,seedance 2.5 test,1350,11,--,KEEP_P0,2.5 Core Hub,Seedance 2.5 core/version intent
/seedance-2-5,46,seedance 2.5 elevenlabs,1340,0,--,KEEP_P0,2.5 Core Hub,Seedance 2.5 core/version intent
/seedance-2-5,47,which on is worth to use seedance 2.5 ?,1340,0,--,KEEP_P0,2.5 Core Hub,Seedance 2.5 core/version intent
/seedance-2-5,48,seedance 2.5 a kafa tutacak kimse yok mu,1280,0,--,KEEP_P0,2.5 Core Hub,Seedance 2.5 core/version intent
/seedance-2-5,49,seedance 2.5 neden çok pahalı,1280,0,--,KEEP_P0,2.5 Core Hub,Seedance 2.5 core/version intent
/seedance-2-5,50,seedance 2.5 fre,1260,0,--,KEEP_P0,2.5 Core Hub,Seedance 2.5 core/version intent
/seedance-2-5/pricing,1,seedance 2.5 free,43270,143,--,KEEP_P0,2.5 Pricing / Free / Unlimited,Seedance 2.5 commercial/pricing intent
/seedance-2-5/pricing,2,seedance 2.5 unlimited,40570,0,--,KEEP_P0,2.5 Pricing / Free / Unlimited,Seedance 2.5 commercial/pricing intent
/seedance-2-5/pricing,3,seedance 2.5 pricing,22980,139,9,KEEP_P0,2.5 Pricing / Free / Unlimited,Seedance 2.5 commercial/pricing intent
/seedance-2-5/pricing,4,unlimited seedance 2.5,20780,0,--,KEEP_P0,2.5 Pricing / Free / Unlimited,Seedance 2.5 commercial/pricing intent
/seedance-2-5/pricing,5,free seedance 2.5,13010,4,--,KEEP_P0,2.5 Pricing / Free / Unlimited,Seedance 2.5 commercial/pricing intent
/seedance-2-5/pricing,6,seedance 2.5 price,10370,85,11,KEEP_P0,2.5 Pricing / Free / Unlimited,Seedance 2.5 commercial/pricing intent
/seedance-2-5/pricing,7,seedance 2.5 free trial,9890,26,--,KEEP_P0,2.5 Pricing / Free / Unlimited,Seedance 2.5 commercial/pricing intent
/seedance-2-5/pricing,8,seedance 2.5 unlimited free,5320,0,--,KEEP_P0,2.5 Pricing / Free / Unlimited,Seedance 2.5 commercial/pricing intent
/seedance-2-5/pricing,9,seedance 2.5 free unlimited,4990,0,--,KEEP_P0,2.5 Pricing / Free / Unlimited,Seedance 2.5 commercial/pricing intent
/seedance-2-5/pricing,10,seedance 2.5 cheap,4710,0,--,KEEP_P0,2.5 Pricing / Free / Unlimited,Seedance 2.5 commercial/pricing intent
/seedance-2-5/pricing,11,seedance 2.5 cost,4330,0,--,KEEP_P0,2.5 Pricing / Free / Unlimited,Seedance 2.5 commercial/pricing intent
/seedance-2-5/pricing,12,higgsfield unlimited seedance 2.5,2620,0,--,KEEP_P0,2.5 Pricing / Free / Unlimited,Seedance 2.5 commercial/pricing intent
/seedance-2-5/pricing,13,artlist seedance 2.5 unlimited,2410,0,--,KEEP_P0,2.5 Pricing / Free / Unlimited,Seedance 2.5 commercial/pricing intent
/seedance-2-5/pricing,14,higgsfield seedance 2.5 unlimited,2330,0,--,KEEP_P0,2.5 Pricing / Free / Unlimited,Seedance 2.5 commercial/pricing intent
/seedance-2-5/pricing,15,seedance 2.5 for free,2200,0,--,KEEP_P0,2.5 Pricing / Free / Unlimited,Seedance 2.5 commercial/pricing intent
/seedance-2-5/pricing,16,free trial seedance 2.5,2130,0,--,KEEP_P0,2.5 Pricing / Free / Unlimited,Seedance 2.5 commercial/pricing intent
/seedance-2-5/pricing,17,is seedance 2.5 free,1800,0,--,KEEP_P0,2.5 Pricing / Free / Unlimited,Seedance 2.5 commercial/pricing intent
/seedance-2-5/pricing,18,seedance 2.5 unlimited plan,1770,0,--,KEEP_P0,2.5 Pricing / Free / Unlimited,Seedance 2.5 commercial/pricing intent
/seedance-2-5/pricing,19,how much does it cost a seedance 2.5 video,1610,0,--,KEEP_P0,2.5 Pricing / Free / Unlimited,Seedance 2.5 commercial/pricing intent
/seedance-2-5/pricing,20,33 days of unlimited seedance 2.5,1420,0,--,KEEP_P0,2.5 Pricing / Free / Unlimited,Seedance 2.5 commercial/pricing intent
/seedance-2-5/pricing,21,cheap seedance 2.5,1400,25,--,KEEP_P0,2.5 Pricing / Free / Unlimited,Seedance 2.5 commercial/pricing intent
/seedance-2-5/pricing,22,seedance 2.5 unlimited higgsfield,1370,0,--,KEEP_P0,2.5 Pricing / Free / Unlimited,Seedance 2.5 commercial/pricing intent
/seedance-2-5/pricing,23,which platform cost less to use seedance 2.5,1300,0,--,KEEP_P0,2.5 Pricing / Free / Unlimited,Seedance 2.5 commercial/pricing intent
/seedance-2-5/pricing,24,seedance 2.5 free 33 days,1200,0,--,KEEP_P0,2.5 Pricing / Free / Unlimited,Seedance 2.5 commercial/pricing intent
/seedance-2-5/pricing,25,byteplus seedance 2.5 pricing,1160,0,--,KEEP_P0,2.5 Pricing / Free / Unlimited,Seedance 2.5 commercial/pricing intent
/seedance-2-5/pricing,26,dreamina seedance 2.5 pricing,1100,0,--,KEEP_P0,2.5 Pricing / Free / Unlimited,Seedance 2.5 commercial/pricing intent
/seedance-2-5/pricing,27,seedance 2.5 33 days free,1090,0,--,KEEP_P0,2.5 Pricing / Free / Unlimited,Seedance 2.5 commercial/pricing intent
/seedance-2-5/pricing,28,how to use seedance 2.5 for free,1060,0,--,KEEP_P0,2.5 Pricing / Free / Unlimited,Seedance 2.5 commercial/pricing intent
/seedance-2-5/pricing,29,seedance 2.5 higsfield free,1050,0,--,KEEP_P0,2.5 Pricing / Free / Unlimited,Seedance 2.5 commercial/pricing intent
/seedance-2-5/pricing,30,use seedance 2.5 free,1050,0,--,KEEP_P0,2.5 Pricing / Free / Unlimited,Seedance 2.5 commercial/pricing intent
/seedance-2-5/pricing,31,artlist 1 year unlimited seedance 2.5 is that true gemini?,1030,0,--,KEEP_P0,2.5 Pricing / Free / Unlimited,Seedance 2.5 commercial/pricing intent
/seedance-2-5/pricing,32,seedance 2.5 ai free,1030,0,--,KEEP_P0,2.5 Pricing / Free / Unlimited,Seedance 2.5 commercial/pricing intent
/seedance-2-5/pricing,33,seedance 2.5 best price,1000,0,--,KEEP_P0,2.5 Pricing / Free / Unlimited,Seedance 2.5 commercial/pricing intent
/seedance-2-5/pricing,34,higgsfield seedance 2.5 free,990,0,--,KEEP_P0,2.5 Pricing / Free / Unlimited,Seedance 2.5 commercial/pricing intent
/seedance-2-5/pricing,35,seedance 2.5 higgsfield unlimited criteria breakdown,980,0,--,KEEP_P0,2.5 Pricing / Free / Unlimited,Seedance 2.5 commercial/pricing intent
/seedance-2-5/pricing,36,kie ai seedance 2.5 price,940,0,--,KEEP_P0,2.5 Pricing / Free / Unlimited,Seedance 2.5 commercial/pricing intent
/seedance-2-5/pricing,37,seedance 2.5 pricing per video,930,0,--,KEEP_P0,2.5 Pricing / Free / Unlimited,Seedance 2.5 commercial/pricing intent
/seedance-2-5/pricing,38,seedance 2.5 unlimited higgsfield reddit,920,0,--,KEEP_P0,2.5 Pricing / Free / Unlimited,Seedance 2.5 commercial/pricing intent
/seedance-2-5/pricing,39,how to get free seedance 2.5 generation on openart,910,0,--,KEEP_P0,2.5 Pricing / Free / Unlimited,Seedance 2.5 commercial/pricing intent
/seedance-2-5/pricing,40,seedance 2.5 free?,910,0,--,KEEP_P0,2.5 Pricing / Free / Unlimited,Seedance 2.5 commercial/pricing intent
/seedance-2-5/pricing,41,seedance 2.5 unlimited generations,900,0,--,KEEP_P0,2.5 Pricing / Free / Unlimited,Seedance 2.5 commercial/pricing intent
/seedance-2-5/pricing,42,seedance 2.5 test for free,890,0,--,KEEP_P0,2.5 Pricing / Free / Unlimited,Seedance 2.5 commercial/pricing intent
/seedance-2-5/pricing,43,dreaminaut.capcut.com price for seedance 2.5,880,0,--,KEEP_P0,2.5 Pricing / Free / Unlimited,Seedance 2.5 commercial/pricing intent
/seedance-2-5/pricing,44,seedance 2.5 is free,870,0,--,KEEP_P0,2.5 Pricing / Free / Unlimited,Seedance 2.5 commercial/pricing intent
/seedance-2-5/pricing,45,seedance 2.5 trial,870,0,--,KEEP_P0,2.5 Pricing / Free / Unlimited,Seedance 2.5 commercial/pricing intent
/seedance-2-5/pricing,46,try 1 time seedance 2.5 for free,840,0,--,KEEP_P0,2.5 Pricing / Free / Unlimited,Seedance 2.5 commercial/pricing intent
/seedance-2-5/pricing,47,cost per 1080p video per sec seedance 2.5,830,21,--,KEEP_P0,2.5 Pricing / Free / Unlimited,Seedance 2.5 commercial/pricing intent
/seedance-2-5/pricing,48,free unlimited ai video generator github seedance 2.5,820,0,--,KEEP_P0,2.5 Pricing / Free / Unlimited,Seedance 2.5 commercial/pricing intent
/seedance-2-5/pricing,49,try seedance 2.5 for free,820,0,--,KEEP_P0,2.5 Pricing / Free / Unlimited,Seedance 2.5 commercial/pricing intent
/seedance-2-5/pricing,50,try seedance 2.5 free,800,0,--,KEEP_P0,2.5 Pricing / Free / Unlimited,Seedance 2.5 commercial/pricing intent
/seedance-2-5/platforms,1,seedance 2.5 higgsfield,25550,310,--,KEEP_P1,2.5 Platforms / Where to Use,platform/provider navigational cluster; consolidate first
/seedance-2-5/platforms,2,dreamina seedance 2.5,24790,467,--,KEEP_P1,2.5 Platforms / Where to Use,platform/provider navigational cluster; consolidate first
/seedance-2-5/platforms,3,higgsfield seedance 2.5,20370,225,--,KEEP_P1,2.5 Platforms / Where to Use,platform/provider navigational cluster; consolidate first
/seedance-2-5/platforms,4,dreamina seedance,7660,3496,39,KEEP_P2,Platforms / Providers,generic provider/platform intent; consolidate on 2.5 platforms guide
/seedance-2-5/platforms,5,seedance higgsfield,5800,1588,39,KEEP_P2,Platforms / Providers,generic provider/platform intent; consolidate on 2.5 platforms guide
/seedance-2-5/platforms,6,capcut seedance 2.5,5460,39,--,KEEP_P1,2.5 Platforms / Where to Use,platform/provider navigational cluster; consolidate first
/seedance-2-5/platforms,7,artlist seedance 2.5,5160,4,--,KEEP_P1,2.5 Platforms / Where to Use,platform/provider navigational cluster; consolidate first
/seedance-2-5/platforms,8,capcut seedance,4800,2307,28,KEEP_P2,Platforms / Providers,generic provider/platform intent; consolidate on 2.5 platforms guide
/seedance-2-5/platforms,9,fal seedance 2.5,4610,58,--,KEEP_P1,2.5 Platforms / Where to Use,platform/provider navigational cluster; consolidate first
/seedance-2-5/platforms,10,higgsfield seedance,3880,1700,61,KEEP_P2,Platforms / Providers,generic provider/platform intent; consolidate on 2.5 platforms guide
/seedance-2-5/platforms,11,runway seedance 2.5,3520,0,--,KEEP_P1,2.5 Platforms / Where to Use,platform/provider navigational cluster; consolidate first
/seedance-2-5/platforms,12,byteplus seedance,3380,1635,25,KEEP_P2,Platforms / Providers,generic provider/platform intent; consolidate on 2.5 platforms guide
/seedance-2-5/platforms,13,seedance dreamina,3170,838,53,KEEP_P2,Platforms / Providers,generic provider/platform intent; consolidate on 2.5 platforms guide
/seedance-2-5/platforms,14,seedance 2.5 byteplus,3090,88,--,KEEP_P1,2.5 Platforms / Where to Use,platform/provider navigational cluster; consolidate first
/seedance-2-5/platforms,15,seedance 2.5 capcut,3090,17,--,KEEP_P1,2.5 Platforms / Where to Use,platform/provider navigational cluster; consolidate first
/seedance-2-5/platforms,16,seedance capcut,2980,1120,54,KEEP_P2,Platforms / Providers,generic provider/platform intent; consolidate on 2.5 platforms guide
/seedance-2-5/platforms,17,byteplus seedance 2.5,2570,58,--,KEEP_P1,2.5 Platforms / Where to Use,platform/provider navigational cluster; consolidate first
/seedance-2-5/platforms,18,seedance 2.5 dreamina,2570,124,--,KEEP_P1,2.5 Platforms / Where to Use,platform/provider navigational cluster; consolidate first
/seedance-2-5/platforms,19,seedance 2.5 fal,2480,45,--,KEEP_P1,2.5 Platforms / Where to Use,platform/provider navigational cluster; consolidate first
/seedance-2-5/platforms,20,dreamina seedance mcp,2380,0,--,KEEP_P2,Platforms / Providers,generic provider/platform intent; consolidate on 2.5 platforms guide
/seedance-2-5/platforms,21,seedance has no keyframes on higgsfield?,2180,0,--,KEEP_P2,Platforms / Providers,generic provider/platform intent; consolidate on 2.5 platforms guide
/seedance-2-5/platforms,22,fal.ai seedance 2.5,2060,35,--,KEEP_P1,2.5 Platforms / Where to Use,platform/provider navigational cluster; consolidate first
/seedance-2-5/platforms,23,openart seedance 2.5,2030,57,--,KEEP_P1,2.5 Platforms / Where to Use,platform/provider navigational cluster; consolidate first
/seedance-2-5/platforms,24,seedance 2.5 higgsfield da türkiye tarih ve saatiyle ne zaman açılacak,1560,0,--,KEEP_P1,2.5 Platforms / Where to Use,platform/provider navigational cluster; consolidate first
/seedance-2-5/platforms,25,runway seedance,1550,923,25,KEEP_P2,Platforms / Providers,generic provider/platform intent; consolidate on 2.5 platforms guide
/seedance-2-5/platforms,26,seedance 2.5 on higgsfield,1450,0,--,KEEP_P1,2.5 Platforms / Where to Use,platform/provider navigational cluster; consolidate first
/seedance-2-5/platforms,27,higgsfield seedance2 5,1450,0,--,KEEP_P2,Platforms / Providers,generic provider/platform intent; consolidate on 2.5 platforms guide
/seedance-2-5/platforms,28,seedance 2.5 fal.ai,1360,0,--,KEEP_P1,2.5 Platforms / Where to Use,platform/provider navigational cluster; consolidate first
/seedance-2-5/platforms,29,dreamina-seedance-2.0-720p,1340,470,37,KEEP_P2,Platforms / Providers,generic provider/platform intent; consolidate on 2.5 platforms guide
/seedance-2-5/platforms,30,apakah aplikasi seedance 2.5 bisa digunakan pada aplikasi capcut standar,1280,0,--,KEEP_P1,2.5 Platforms / Where to Use,platform/provider navigational cluster; consolidate first
/seedance-2-5/platforms,31,seedance 2.5 kie,1280,14,--,KEEP_P1,2.5 Platforms / Where to Use,platform/provider navigational cluster; consolidate first
/seedance-2-5/platforms,32,dreamina seedance 2.5 da referans yüz kabul ediyor mu,1260,0,--,KEEP_P1,2.5 Platforms / Where to Use,platform/provider navigational cluster; consolidate first
/seedance-2-5/platforms,33,seedance runway,1250,227,52,KEEP_P2,Platforms / Providers,generic provider/platform intent; consolidate on 2.5 platforms guide
/seedance-2-5/platforms,34,krea seedance 2.5,1220,4,--,KEEP_P1,2.5 Platforms / Where to Use,platform/provider navigational cluster; consolidate first
/seedance-2-5/platforms,35,replicate seedance 2.5,1180,0,--,KEEP_P1,2.5 Platforms / Where to Use,platform/provider navigational cluster; consolidate first
/seedance-2-5/platforms,36,qual plano assinar da higgsfield para usar o seedance,1180,0,--,KEEP_P2,Platforms / Providers,generic provider/platform intent; consolidate on 2.5 platforms guide
/seedance-2-5/platforms,37,dreamina-seedance,1170,168,--,KEEP_P2,Platforms / Providers,generic provider/platform intent; consolidate on 2.5 platforms guide
/seedance-2-5/platforms,38,fal ai seedance 2.5,1140,37,--,KEEP_P1,2.5 Platforms / Where to Use,platform/provider navigational cluster; consolidate first
/seedance-2-5/platforms,39,seedance 2.5 replicate,1120,8,--,KEEP_P1,2.5 Platforms / Where to Use,platform/provider navigational cluster; consolidate first
/seedance-2-5/platforms,40,kie seedance 2.5,1100,0,--,KEEP_P1,2.5 Platforms / Where to Use,platform/provider navigational cluster; consolidate first
/seedance-2-5/platforms,41,seedance 2 capcut,1080,515,--,KEEP_P2,Platforms / Providers,generic provider/platform intent; consolidate on 2.5 platforms guide
/seedance-2-5/platforms,42,"seedance 2.5 , runway",1070,0,--,KEEP_P1,2.5 Platforms / Where to Use,platform/provider navigational cluster; consolidate first
/seedance-2-5/platforms,43,how does higgsfield seedance unlimated wokr,1070,0,--,KEEP_P2,Platforms / Providers,generic provider/platform intent; consolidate on 2.5 platforms guide
/seedance-2-5/platforms,44,why is now runway ml throwing seedance videos with terrible fps,1070,0,--,KEEP_P2,Platforms / Providers,generic provider/platform intent; consolidate on 2.5 platforms guide
/seedance-2-5/platforms,45,dreamina / seedance 2.5,1050,0,--,KEEP_P1,2.5 Platforms / Where to Use,platform/provider navigational cluster; consolidate first
/seedance-2-5/platforms,46,dreamina seedance 2.5 short film,1050,0,--,KEEP_P1,2.5 Platforms / Where to Use,platform/provider navigational cluster; consolidate first
/seedance-2-5/platforms,47,higgsfield oder artlist seedance 2.5 was ist besser,1050,0,--,KEEP_P1,2.5 Platforms / Where to Use,platform/provider navigational cluster; consolidate first
/seedance-2-5/platforms,48,wieviel ai video kann man mit artlist seedance 2.5 generieren?,1050,0,--,KEEP_P1,2.5 Platforms / Where to Use,platform/provider navigational cluster; consolidate first
/seedance-2-5/platforms,49,fal ai seedance,1050,930,70,KEEP_P2,Platforms / Providers,generic provider/platform intent; consolidate on 2.5 platforms guide
/seedance-2-5/platforms,50,wieviel videos kann ich mit seedance 2.5 auf artlist erstellen?,1040,0,--,KEEP_P1,2.5 Platforms / Where to Use,platform/provider navigational cluster; consolidate first
/seedance-pricing,1,seedance free,19340,6289,41,KEEP_P1,Generic Seedance Pricing,generic Seedance pricing/free intent; informational owner should explain provider/model cost and link to site plans
/seedance-pricing,2,seedance pricing,15990,5088,9,KEEP_P1,Generic Seedance Pricing,generic Seedance pricing/free intent; informational owner should explain provider/model cost and link to site plans
/seedance-pricing,3,seedance unlimited,10720,1400,39,KEEP_P1,Generic Seedance Pricing,generic Seedance pricing/free intent; informational owner should explain provider/model cost and link to site plans
/seedance-pricing,4,is seedance free,8630,3763,37,KEEP_P1,Generic Seedance Pricing,generic Seedance pricing/free intent; informational owner should explain provider/model cost and link to site plans
/seedance-pricing,5,free seedance,7350,1670,60,KEEP_P1,Generic Seedance Pricing,generic Seedance pricing/free intent; informational owner should explain provider/model cost and link to site plans
/seedance-pricing,6,seedance 2 free,6530,3529,47,KEEP_P1,Generic Seedance Pricing,generic Seedance pricing/free intent; informational owner should explain provider/model cost and link to site plans
/seedance-pricing,7,seedance free trial,6050,2202,52,KEEP_P1,Generic Seedance Pricing,generic Seedance pricing/free intent; informational owner should explain provider/model cost and link to site plans
/seedance-pricing,8,unlimited seedance,5470,940,14,KEEP_P1,Generic Seedance Pricing,generic Seedance pricing/free intent; informational owner should explain provider/model cost and link to site plans
/seedance-pricing,9,seedance price,4170,1919,7,KEEP_P1,Generic Seedance Pricing,generic Seedance pricing/free intent; informational owner should explain provider/model cost and link to site plans
/seedance-pricing,10,free seedance ai,2940,862,58,KEEP_P1,Generic Seedance Pricing,generic Seedance pricing/free intent; informational owner should explain provider/model cost and link to site plans
/seedance-pricing,11,seedance free use,2710,593,47,KEEP_P1,Generic Seedance Pricing,generic Seedance pricing/free intent; informational owner should explain provider/model cost and link to site plans
/seedance-pricing,12,seedance for free,2680,1054,65,KEEP_P1,Generic Seedance Pricing,generic Seedance pricing/free intent; informational owner should explain provider/model cost and link to site plans
/seedance-pricing,13,seedance unlimited free,2410,43,--,KEEP_P1,Generic Seedance Pricing,generic Seedance pricing/free intent; informational owner should explain provider/model cost and link to site plans
/seedance-pricing,14,free seedance 2,2380,641,66,KEEP_P1,Generic Seedance Pricing,generic Seedance pricing/free intent; informational owner should explain provider/model cost and link to site plans
/seedance-pricing,15,seedance free unlimited,2380,486,42,KEEP_P1,Generic Seedance Pricing,generic Seedance pricing/free intent; informational owner should explain provider/model cost and link to site plans
/seedance-pricing,16,free seedance video generator,2090,394,55,KEEP_P1,Generic Seedance Pricing,generic Seedance pricing/free intent; informational owner should explain provider/model cost and link to site plans
/seedance-pricing,17,higgsfield seedance unlimited,2030,577,--,KEEP_P1,Generic Seedance Pricing,generic Seedance pricing/free intent; informational owner should explain provider/model cost and link to site plans
/seedance-pricing,18,seedance trial,2010,490,68,KEEP_P1,Generic Seedance Pricing,generic Seedance pricing/free intent; informational owner should explain provider/model cost and link to site plans
/seedance-pricing,19,which ai is free for video generation ? is seedance free?,1840,0,--,KEEP_P1,Generic Seedance Pricing,generic Seedance pricing/free intent; informational owner should explain provider/model cost and link to site plans
/seedance-pricing,20,"seedance 2,5 free",1810,0,--,KEEP_P1,Generic Seedance Pricing,generic Seedance pricing/free intent; informational owner should explain provider/model cost and link to site plans
/seedance-pricing,21,seedance unlimited plan,1710,460,21,KEEP_P1,Generic Seedance Pricing,generic Seedance pricing/free intent; informational owner should explain provider/model cost and link to site plans
/seedance-pricing,22,artlist unlimited seedance,1640,0,--,KEEP_P1,Generic Seedance Pricing,generic Seedance pricing/free intent; informational owner should explain provider/model cost and link to site plans
/seedance-pricing,23,try seedance for free,1630,300,40,KEEP_P1,Generic Seedance Pricing,generic Seedance pricing/free intent; informational owner should explain provider/model cost and link to site plans
/seedance-pricing,24,unlimited seedance 25,1600,0,--,KEEP_P1,Generic Seedance Pricing,generic Seedance pricing/free intent; informational owner should explain provider/model cost and link to site plans
/seedance-pricing,25,seedance free try,1440,101,--,KEEP_P1,Generic Seedance Pricing,generic Seedance pricing/free intent; informational owner should explain provider/model cost and link to site plans
/seedance-pricing,26,seedance cost,1430,592,12,KEEP_P1,Generic Seedance Pricing,generic Seedance pricing/free intent; informational owner should explain provider/model cost and link to site plans
/seedance-pricing,27,higgsfield unlimited seedance,1410,283,--,KEEP_P1,Generic Seedance Pricing,generic Seedance pricing/free intent; informational owner should explain provider/model cost and link to site plans
/seedance-pricing,28,seedance pricing india,1250,20,--,KEEP_P1,Generic Seedance Pricing,generic Seedance pricing/free intent; informational owner should explain provider/model cost and link to site plans
/seedance-pricing,29,seadance image editor free,1190,0,--,KEEP_P1,Generic Seedance Pricing,generic Seedance pricing/free intent; informational owner should explain provider/model cost and link to site plans
/seedance-pricing,30,seedance 2 price,1150,462,29,KEEP_P1,Generic Seedance Pricing,generic Seedance pricing/free intent; informational owner should explain provider/model cost and link to site plans
/seedance-pricing,31,free seedance 20,1130,60,--,KEEP_P1,Generic Seedance Pricing,generic Seedance pricing/free intent; informational owner should explain provider/model cost and link to site plans
/seedance-pricing,32,seedance 2 pricing,1130,1061,14,KEEP_P1,Generic Seedance Pricing,generic Seedance pricing/free intent; informational owner should explain provider/model cost and link to site plans
/seedance-pricing,33,seedance free daily credits,1060,0,--,KEEP_P1,Generic Seedance Pricing,generic Seedance pricing/free intent; informational owner should explain provider/model cost and link to site plans
/seedance-pricing,34,does seedance have free trial,1030,41,--,KEEP_P1,Generic Seedance Pricing,generic Seedance pricing/free intent; informational owner should explain provider/model cost and link to site plans
/seedance-pricing,35,pro subscription capcut seedance how many credits,1020,0,--,KEEP_P1,Generic Seedance Pricing,generic Seedance pricing/free intent; informational owner should explain provider/model cost and link to site plans
/seedance-pricing,36,free seedance higgsfield,1000,0,--,KEEP_P1,Generic Seedance Pricing,generic Seedance pricing/free intent; informational owner should explain provider/model cost and link to site plans
/seedance-pricing,37,free trial seedance,990,83,50,KEEP_P1,Generic Seedance Pricing,generic Seedance pricing/free intent; informational owner should explain provider/model cost and link to site plans
/seedance-pricing,38,how much seedance spending in operation cost,980,0,--,KEEP_P1,Generic Seedance Pricing,generic Seedance pricing/free intent; informational owner should explain provider/model cost and link to site plans
/seedance-pricing,39,seedance pricing plan,960,151,7,KEEP_P1,Generic Seedance Pricing,generic Seedance pricing/free intent; informational owner should explain provider/model cost and link to site plans
/seedance-pricing,40,seedance bytedance price,920,19,--,KEEP_P1,Generic Seedance Pricing,generic Seedance pricing/free intent; informational owner should explain provider/model cost and link to site plans
/seedance-pricing,41,seedance free redit,910,57,--,KEEP_P1,Generic Seedance Pricing,generic Seedance pricing/free intent; informational owner should explain provider/model cost and link to site plans
/seedance-pricing,42,artlist unlimited seedance how long will this deal last,900,0,--,KEEP_P1,Generic Seedance Pricing,generic Seedance pricing/free intent; informational owner should explain provider/model cost and link to site plans
/seedance-pricing,43,higgsfield 5 free seedance videos where to apply,900,23,--,KEEP_P1,Generic Seedance Pricing,generic Seedance pricing/free intent; informational owner should explain provider/model cost and link to site plans
/seedance-pricing,44,seedance video ai free,900,139,74,KEEP_P1,Generic Seedance Pricing,generic Seedance pricing/free intent; informational owner should explain provider/model cost and link to site plans
/seedance-pricing,45,how to use seedance free,880,124,--,KEEP_P1,Generic Seedance Pricing,generic Seedance pricing/free intent; informational owner should explain provider/model cost and link to site plans
/seedance-pricing,46,runway unlimited seedance,880,171,--,KEEP_P1,Generic Seedance Pricing,generic Seedance pricing/free intent; informational owner should explain provider/model cost and link to site plans
/seedance-pricing,47,seedance free github,880,0,--,KEEP_P1,Generic Seedance Pricing,generic Seedance pricing/free intent; informational owner should explain provider/model cost and link to site plans
/seedance-pricing,48,higgsfield seedance 2 free,870,0,--,KEEP_P1,Generic Seedance Pricing,generic Seedance pricing/free intent; informational owner should explain provider/model cost and link to site plans
/seedance-pricing,49,higgsfield seedance 2 free x.com,870,0,--,KEEP_P1,Generic Seedance Pricing,generic Seedance pricing/free intent; informational owner should explain provider/model cost and link to site plans
/seedance-pricing,50,seedance free after purchase subscription,850,0,--,KEEP_P1,Generic Seedance Pricing,generic Seedance pricing/free intent; informational owner should explain provider/model cost and link to site plans
/seedance-api,1,seedance api,22010,11226,28,KEEP_P0,Seedance API,generic Seedance API intent
/seedance-api,2,seedance 2.0 api,11060,19608,26,KEEP_P1,Seedance API,2.0 API intent; generic API guide can answer and link to providers
/seedance-api,3,seedance api pricing,4280,1934,16,KEEP_P0,Seedance API,generic Seedance API intent
/seedance-api,4,seedance api price,2510,263,12,KEEP_P0,Seedance API,generic Seedance API intent
/seedance-api,5,seedance 2 api,2350,4707,40,KEEP_P0,Seedance API,generic Seedance API intent
/seedance-api,6,seedance 2.0 api pricing,2030,1746,17,KEEP_P1,Seedance API,2.0 API intent; generic API guide can answer and link to providers
/seedance-api,7,seedance api key,2000,606,37,KEEP_P0,Seedance API,generic Seedance API intent
/seedance-api,8,seedance api cost,1560,492,13,KEEP_P0,Seedance API,generic Seedance API intent
/seedance-api,9,cheapest seedance 2.0 api,1490,210,28,KEEP_P1,Seedance API,2.0 API intent; generic API guide can answer and link to providers
/seedance-api,10,how to access seedance api directly.,1350,0,--,KEEP_P0,Seedance API,generic Seedance API intent
/seedance-api,11,seedance api 料金,1220,0,--,KEEP_P0,Seedance API,generic Seedance API intent
/seedance-api,12,api seedance,1190,331,12,KEEP_P0,Seedance API,generic Seedance API intent
/seedance-api,13,seedance 2.0 api key,950,613,12,KEEP_P1,Seedance API,2.0 API intent; generic API guide can answer and link to providers
/seedance-api,14,seedance 2.0 api price,930,365,19,KEEP_P1,Seedance API,2.0 API intent; generic API guide can answer and link to providers
/seedance-api,15,bytedance seedance 2.0 api,860,351,33,KEEP_P1,Seedance API,2.0 API intent; generic API guide can answer and link to providers
/seedance-api,16,api seedance 2.0,810,788,12,KEEP_P1,Seedance API,2.0 API intent; generic API guide can answer and link to providers
/seedance-api,17,seedance api costing,790,16,--,KEEP_P0,Seedance API,generic Seedance API intent
/seedance-api,18,cheapest seedance 2 api,770,71,--,KEEP_P0,Seedance API,generic Seedance API intent
/seedance-api,19,seedance direct api,770,30,--,KEEP_P0,Seedance API,generic Seedance API intent
/seedance-api,20,seedance api access,750,55,--,KEEP_P0,Seedance API,generic Seedance API intent
/seedance-api,21,seedance ai api,740,432,--,KEEP_P0,Seedance API,generic Seedance API intent
/seedance-api,22,seedance2.0 api,740,1097,40,KEEP_P1,Seedance API,2.0 API intent; generic API guide can answer and link to providers
/seedance-api,23,bytedance seedance api,730,263,--,KEEP_P0,Seedance API,generic Seedance API intent
/seedance-api,24,kie.ai seedance 2.0 api,700,0,--,KEEP_P1,Seedance API,2.0 API intent; generic API guide can answer and link to providers
/seedance-api,25,seedance 2.0 api bytedance,650,71,--,KEEP_P1,Seedance API,2.0 API intent; generic API guide can answer and link to providers
/seedance-api,26,bytedance seedance 2.0 credits api,640,0,--,KEEP_P1,Seedance API,2.0 API intent; generic API guide can answer and link to providers
/seedance-api,27,byteplus seedance 2.0 api,640,270,--,KEEP_P1,Seedance API,2.0 API intent; generic API guide can answer and link to providers
/seedance-api,28,seedance 2.0 credits api,640,0,--,KEEP_P1,Seedance API,2.0 API intent; generic API guide can answer and link to providers
/seedance-api,29,seedance 金額 api,630,0,--,KEEP_P0,Seedance API,generic Seedance API intent
/seedance-api,30,atlas cloud seedance 2.0 api,610,144,28,KEEP_P1,Seedance API,2.0 API intent; generic API guide can answer and link to providers
/seedance-api,31,seedance documentation,600,294,3,KEEP_P0,Seedance API,generic Seedance API intent
/seedance-api,32,seedance 2.0 1080p video api cost,590,24,--,KEEP_P1,Seedance API,2.0 API intent; generic API guide can answer and link to providers
/seedance-api,33,"venice seedance 2,0 api",560,0,--,KEEP_P0,Seedance API,generic Seedance API intent
/seedance-api,34,seedance 2.0 api cost,540,560,12,KEEP_P1,Seedance API,2.0 API intent; generic API guide can answer and link to providers
/seedance-api,35,seedance api 无码,530,0,--,KEEP_P0,Seedance API,generic Seedance API intent
/seedance-api,36,fall api seedance,510,0,--,KEEP_P0,Seedance API,generic Seedance API intent
/seedance-api,37,bydance api seedance,490,0,--,KEEP_P0,Seedance API,generic Seedance API intent
/seedance-api,38,dùng api seedance ở đâu,490,0,--,KEEP_P0,Seedance API,generic Seedance API intent
/seedance-api,39,seedance 2 docs,480,15,--,KEEP_P0,Seedance API,generic Seedance API intent
/seedance-api,40,seedance 2.0 cheapest api,470,242,19,KEEP_P1,Seedance API,2.0 API intent; generic API guide can answer and link to providers
/seedance-api,41,seedance 2.0 doc,470,152,--,KEEP_P1,Seedance API,2.0 API intent; generic API guide can answer and link to providers
/seedance-api,42,seedance 2.0 mini api,470,383,3,KEEP_P1,Seedance API,2.0 API intent; generic API guide can answer and link to providers
/seedance-api,43,seedance 2 documentation,430,88,--,KEEP_P0,Seedance API,generic Seedance API intent
/seedance-api,44,seedance 2.0 api doc,420,44,--,KEEP_P1,Seedance API,2.0 API intent; generic API guide can answer and link to providers
/seedance-api,45,seedance 2.0 api documentation,420,38,--,KEEP_P1,Seedance API,2.0 API intent; generic API guide can answer and link to providers
/seedance-api,46,bytedance seedance documentation,410,0,--,KEEP_P0,Seedance API,generic Seedance API intent
/seedance-api,47,bytedance seedance documentation api,410,0,--,KEEP_P0,Seedance API,generic Seedance API intent
/seedance-api,48,seedance api 价格,410,75,--,KEEP_P0,Seedance API,generic Seedance API intent
/seedance-api,49,seedance documentation api,410,0,--,KEEP_P0,Seedance API,generic Seedance API intent
/seedance-api,50,seedance 2.0 price api,410,48,--,KEEP_P1,Seedance API,2.0 API intent; generic API guide can answer and link to providers
/blog/is-seedance-open-source,1,is seedance 2.0 open source,4010,2330,51,KEEP_P1,Open Source / Local,2.0 open-source/local intent; consolidate into factual explainer
/blog/is-seedance-open-source,2,is seedance 2.5 open source,4000,17,--,KEEP_P1,Open Source / Local / Hugging Face,"open-source/local intent; answer truthfully, no fake download page"
/blog/is-seedance-open-source,3,seedance open source,3720,1815,41,KEEP_P1,Open Source / Local,generic open-source/local intent
/blog/is-seedance-open-source,4,seedance 2.5 huggingface,3610,0,--,KEEP_P1,Open Source / Local / Hugging Face,"open-source/local intent; answer truthfully, no fake download page"
/blog/is-seedance-open-source,5,seedance 2.5 open source,3170,79,35,KEEP_P1,Open Source / Local / Hugging Face,"open-source/local intent; answer truthfully, no fake download page"
/blog/is-seedance-open-source,6,is seedance open source,3040,1574,38,KEEP_P1,Open Source / Local,generic open-source/local intent
/blog/is-seedance-open-source,7,seedance 2.0 open source,2990,2310,48,KEEP_P1,Open Source / Local,2.0 open-source/local intent; consolidate into factual explainer
/blog/is-seedance-open-source,8,seedance 2.0 local,1840,1375,26,KEEP_P1,Open Source / Local,2.0 open-source/local intent; consolidate into factual explainer
/blog/is-seedance-open-source,9,seedance 2 open source,1830,374,--,KEEP_P1,Open Source / Local,generic open-source/local intent
/blog/is-seedance-open-source,10,seedance 2.5 local,1630,0,--,KEEP_P1,Open Source / Local / Hugging Face,"open-source/local intent; answer truthfully, no fake download page"
/blog/is-seedance-open-source,11,seedance 2.5 comfyui,1520,0,--,KEEP_P1,Open Source / Local / Hugging Face,"open-source/local intent; answer truthfully, no fake download page"
/blog/is-seedance-open-source,12,seedance 2.0 huggingface,1440,1489,36,KEEP_P1,Open Source / Local,2.0 open-source/local intent; consolidate into factual explainer
/blog/is-seedance-open-source,13,seedance 2.0 github,1400,1468,18,KEEP_P1,Open Source / Local,2.0 open-source/local intent; consolidate into factual explainer
/blog/is-seedance-open-source,14,seedance 2.0 comfyui,1340,2250,1,KEEP_P1,Open Source / Local,2.0 open-source/local intent; consolidate into factual explainer
/blog/is-seedance-open-source,15,seedance 2.5 download,1310,0,--,KEEP_P1,Open Source / Local / Hugging Face,"open-source/local intent; answer truthfully, no fake download page"
/blog/is-seedance-open-source,16,seedance alternative open source,1310,68,--,KEEP_P1,Open Source / Local,generic open-source/local intent
/blog/is-seedance-open-source,17,seedance local,1310,939,15,KEEP_P1,Open Source / Local,generic open-source/local intent
/blog/is-seedance-open-source,18,seedance github,1300,654,13,KEEP_P1,Open Source / Local,generic open-source/local intent
/blog/is-seedance-open-source,19,github emily2040 seedance 2.0,1060,26,--,KEEP_P1,Open Source / Local,2.0 open-source/local intent; consolidate into factual explainer
/blog/is-seedance-open-source,20,quantos gb de vram precios para rodar seedance 2.5 no comfyui?,1000,0,--,KEEP_P1,Open Source / Local / Hugging Face,"open-source/local intent; answer truthfully, no fake download page"
/blog/is-seedance-open-source,21,seedance huggingface,980,863,--,KEEP_P1,Open Source / Local,generic open-source/local intent
/blog/is-seedance-open-source,22,seedance local model,860,32,--,KEEP_P1,Open Source / Local,generic open-source/local intent
/blog/is-seedance-open-source,23,seedance 2.5 local training,850,0,--,KEEP_P1,Open Source / Local / Hugging Face,"open-source/local intent; answer truthfully, no fake download page"
/blog/is-seedance-open-source,24,comfyui seedance,810,630,--,KEEP_P1,Open Source / Local,generic open-source/local intent
/blog/is-seedance-open-source,25,seedance 2.5 github,810,0,--,KEEP_P1,Open Source / Local / Hugging Face,"open-source/local intent; answer truthfully, no fake download page"
/blog/is-seedance-open-source,26,hugging face seedance,780,86,--,KEEP_P1,Open Source / Local,generic open-source/local intent
/blog/is-seedance-open-source,27,comfyui seedance 2.0,760,1159,1,KEEP_P1,Open Source / Local,2.0 open-source/local intent; consolidate into factual explainer
/blog/is-seedance-open-source,28,seedance on comfyui,740,0,--,KEEP_P1,Open Source / Local,generic open-source/local intent
/blog/is-seedance-open-source,29,seedance 1.5 local,710,46,--,KEEP_P1,Open Source / Local,generic open-source/local intent
/blog/is-seedance-open-source,30,seedance 2 huggingface,710,268,--,KEEP_P1,Open Source / Local,generic open-source/local intent
/blog/is-seedance-open-source,31,seedance2.0 skill github,680,7,--,KEEP_P1,Open Source / Local,2.0 open-source/local intent; consolidate into factual explainer
/blog/is-seedance-open-source,32,comfyui seedance 2.5,640,0,--,KEEP_P1,Open Source / Local / Hugging Face,"open-source/local intent; answer truthfully, no fake download page"
/blog/is-seedance-open-source,33,github seedance 2.5,640,0,--,KEEP_P1,Open Source / Local / Hugging Face,"open-source/local intent; answer truthfully, no fake download page"
/blog/is-seedance-open-source,34,seedance 2.0 open source alternative,620,95,--,KEEP_P1,Open Source / Local,2.0 open-source/local intent; consolidate into factual explainer
/blog/is-seedance-open-source,35,seedance 2 comfyui,590,185,--,KEEP_P1,Open Source / Local,generic open-source/local intent
/blog/is-seedance-open-source,36,seedance 2.5 image to video github,560,0,--,KEEP_P1,Open Source / Local / Hugging Face,"open-source/local intent; answer truthfully, no fake download page"
/blog/is-seedance-open-source,37,seedance 2.0 free & unlimited github,550,0,--,KEEP_P1,Open Source / Local,2.0 open-source/local intent; consolidate into factual explainer
/blog/is-seedance-open-source,38,seedance 2.0 free & unlimited github download,550,0,--,KEEP_P1,Open Source / Local,2.0 open-source/local intent; consolidate into factual explainer
/blog/is-seedance-open-source,39,seedance 1.5 comfyui,540,29,--,KEEP_P1,Open Source / Local,generic open-source/local intent
/blog/is-seedance-open-source,40,can i run https://github.com/bytedance-seedance/seedance-2.0 on my own pc,510,65,--,KEEP_P1,Open Source / Local,generic open-source/local intent
/blog/is-seedance-open-source,41,seedance 2.0 opensource,510,223,43,KEEP_P1,Open Source / Local,2.0 open-source/local intent; consolidate into factual explainer
/blog/is-seedance-open-source,42,seedance 2.0 is open source,500,152,50,KEEP_P1,Open Source / Local,2.0 open-source/local intent; consolidate into factual explainer
/blog/is-seedance-open-source,43,can we add seedance into comfyui,480,0,--,KEEP_P1,Open Source / Local,generic open-source/local intent
/blog/is-seedance-open-source,44,comfyui using seedance and keyframing,480,0,--,KEEP_P1,Open Source / Local,generic open-source/local intent
/blog/is-seedance-open-source,45,como usar seedance 2.5 en huggingface,480,0,--,KEEP_P1,Open Source / Local / Hugging Face,"open-source/local intent; answer truthfully, no fake download page"
/blog/is-seedance-open-source,46,seedance 2.0 mini github,460,0,--,KEEP_P1,Open Source / Local,2.0 open-source/local intent; consolidate into factual explainer
/blog/is-seedance-open-source,47,seedance on comfyui storyboard,460,0,--,KEEP_P1,Open Source / Local,generic open-source/local intent
/blog/is-seedance-open-source,48,seedance 2.0 free github,450,347,--,KEEP_P1,Open Source / Local,2.0 open-source/local intent; consolidate into factual explainer
/blog/is-seedance-open-source,49,seedance 2.0/2.5 local,450,0,--,KEEP_P1,Open Source / Local,2.0 open-source/local intent; consolidate into factual explainer
/blog/is-seedance-open-source,50,kie.ai seedance comfyui,420,0,--,KEEP_P1,Open Source / Local,generic open-source/local intent
/prompts,1,seedance prompts,4430,1892,10,KEEP_P1,Generic Seedance Prompts,generic prompt intent
/prompts,2,seedance 2 prompts,2730,1339,10,KEEP_P1,Generic Seedance Prompts,generic prompt intent
/prompts,3,seedance prompt guide,2650,1722,11,KEEP_P1,Generic Seedance Prompts,generic prompt intent
/prompts,4,seedance prompt,2010,1609,4,KEEP_P1,Generic Seedance Prompts,generic prompt intent
/prompts,5,seedance prompt library,1350,134,--,KEEP_P1,Generic Seedance Prompts,generic prompt intent
/prompts,6,free seedance prompt for cinamatic traler,1210,0,--,KEEP_P1,Generic Seedance Prompts,generic prompt intent
/prompts,7,claude skill for seedance prompt,1080,52,--,KEEP_P1,Generic Seedance Prompts,generic prompt intent
/prompts,8,can seedance 2 understand the arabic prompt?,1060,33,--,KEEP_P1,Generic Seedance Prompts,generic prompt intent
/prompts,9,seedance2 prompt guide,1050,0,--,KEEP_P1,Generic Seedance Prompts,generic prompt intent
/prompts,10,cap seedance prompt,1010,0,--,KEEP_P1,Generic Seedance Prompts,generic prompt intent
/prompts,11,is clude better ro seedance prompt writing or chatgpt,1010,0,--,KEEP_P1,Generic Seedance Prompts,generic prompt intent
/prompts,12,seedance immage  prompt,970,133,--,KEEP_P1,Generic Seedance Prompts,generic prompt intent
/prompts,13,viral seedance prompts,950,23,--,KEEP_P1,Generic Seedance Prompts,generic prompt intent
/prompts,14,embroidery machine seedance prompt,930,0,--,KEEP_P1,Generic Seedance Prompts,generic prompt intent
/prompts,15,seedance prompting guide,920,435,11,KEEP_P1,Generic Seedance Prompts,generic prompt intent
/prompts,16,seedance ings intro olusturmak prompt,840,0,--,KEEP_P1,Generic Seedance Prompts,generic prompt intent
/prompts,17,seedance prompt for cock to penetrate pussy,820,0,--,KEEP_P1,Generic Seedance Prompts,generic prompt intent
/prompts,18,seedance video prompt,820,189,9,KEEP_P1,Generic Seedance Prompts,generic prompt intent
/prompts,19,prompt guide seedance 2,760,0,--,KEEP_P1,Generic Seedance Prompts,generic prompt intent
/prompts,20,seedance product prompt,760,0,--,KEEP_P1,Generic Seedance Prompts,generic prompt intent
/prompts,21,prompt seedance bertarung seperti di game,730,0,--,KEEP_P1,Generic Seedance Prompts,generic prompt intent
/prompts,22,seedance 2 prompt skill claude github,720,0,--,KEEP_P1,Generic Seedance Prompts,generic prompt intent
/prompts,23,best animation prompts for seedance,700,0,--,KEEP_P1,Generic Seedance Prompts,generic prompt intent
/prompts,24,best seedance prompts,700,97,--,KEEP_P1,Generic Seedance Prompts,generic prompt intent
/prompts,25,give me prompt to generate reference image for seedance ai,660,0,--,KEEP_P1,Generic Seedance Prompts,generic prompt intent
/prompts,26,skill builder prompt seedance,640,0,--,KEEP_P1,Generic Seedance Prompts,generic prompt intent
/prompts,27,skill clusw builder prompt seedance,640,0,--,KEEP_P1,Generic Seedance Prompts,generic prompt intent
/prompts,28,makeover prompt cloth seedance 2,620,0,--,KEEP_P1,Generic Seedance Prompts,generic prompt intent
/prompts,29,seedance 2 prompt guide,580,800,--,KEEP_P1,Generic Seedance Prompts,generic prompt intent
/prompts,30,seedance prompt generator,580,582,--,KEEP_P1,Generic Seedance Prompts,generic prompt intent
/prompts,31,custome gpt for seedance prompt generation,570,0,--,KEEP_P1,Generic Seedance Prompts,generic prompt intent
/prompts,32,list of prompt video result seedance,550,0,--,KEEP_P1,Generic Seedance Prompts,generic prompt intent
/prompts,33,"seedance 2,5 prompts list",550,0,--,KEEP_P1,Generic Seedance Prompts,generic prompt intent
/prompts,34,seedance prompt for,550,0,--,KEEP_P1,Generic Seedance Prompts,generic prompt intent
/prompts,35,seedance prompts library,540,19,--,KEEP_P1,Generic Seedance Prompts,generic prompt intent
/prompts,36,product rotation seedance prompt,530,0,--,KEEP_P1,Generic Seedance Prompts,generic prompt intent
/prompts,37,behind the scene seedance prompts,520,0,--,KEEP_P1,Generic Seedance Prompts,generic prompt intent
/prompts,38,seedance higgsfield prompt,510,0,--,KEEP_P1,Generic Seedance Prompts,generic prompt intent
/prompts,39,comedy ai prompts seedance,480,0,--,KEEP_P1,Generic Seedance Prompts,generic prompt intent
/prompts,40,seedance prompting,470,58,--,KEEP_P1,Generic Seedance Prompts,generic prompt intent
/prompts,41,seedance prompts kpop,460,0,--,KEEP_P1,Generic Seedance Prompts,generic prompt intent
/prompts,42,cartoon seedance prompts,450,0,--,KEEP_P1,Generic Seedance Prompts,generic prompt intent
/prompts,43,turning image into a seedance prompt,450,0,--,KEEP_P1,Generic Seedance Prompts,generic prompt intent
/prompts,44,claude seedance prompting skill,420,32,--,KEEP_P1,Generic Seedance Prompts,generic prompt intent
/prompts,45,awesome seedance prompt,410,161,--,KEEP_P1,Generic Seedance Prompts,generic prompt intent
/prompts,46,hggsifled seedance ad creatives md prompt,410,16,--,KEEP_P1,Generic Seedance Prompts,generic prompt intent
/prompts,47,higgsifeld prompt md seedance,410,16,--,KEEP_P1,Generic Seedance Prompts,generic prompt intent
/prompts,48,mappa studio animination style for seedance prompt,410,0,--,KEEP_P1,Generic Seedance Prompts,generic prompt intent
/prompts,49,prompt seedance,410,218,--,KEEP_P1,Generic Seedance Prompts,generic prompt intent
/prompts,50,seedance 2 pro video prompt native,410,16,--,KEEP_P1,Generic Seedance Prompts,generic prompt intent
/blog/seedance-2-5-prompt-engineering-guide,1,seedance 2.5 prompt guide,7870,0,--,KEEP_P0,2.5 Prompts,Seedance 2.5 prompt intent; existing article already owns it
/blog/seedance-2-5-prompt-engineering-guide,2,seedance 2.5 prompts,6320,16,--,KEEP_P0,2.5 Prompts,Seedance 2.5 prompt intent; existing article already owns it
/blog/seedance-2-5-prompt-engineering-guide,3,seedance 2.5 prompting guide,5540,0,--,KEEP_P0,2.5 Prompts,Seedance 2.5 prompt intent; existing article already owns it
/blog/seedance-2-5-prompt-engineering-guide,4,seedance 2.5 prompt,5380,31,--,KEEP_P0,2.5 Prompts,Seedance 2.5 prompt intent; existing article already owns it
/blog/seedance-2-5-prompt-engineering-guide,5,prompt seedance 2.5,1390,0,--,KEEP_P0,2.5 Prompts,Seedance 2.5 prompt intent; existing article already owns it
/blog/seedance-2-5-prompt-engineering-guide,6,dreamina seedance 2.5 prompt yapıştırırken referansı nasıl etiketlicem,1260,0,--,KEEP_P0,2.5 Prompts,Seedance 2.5 prompt intent; existing article already owns it
/blog/seedance-2-5-prompt-engineering-guide,7,qual o maximo de caracteres para um prompt no seedance 2.5,1240,0,--,KEEP_P0,2.5 Prompts,Seedance 2.5 prompt intent; existing article already owns it
/blog/seedance-2-5-prompt-engineering-guide,8,seedance 2.5 prompt skill,840,0,--,KEEP_P0,2.5 Prompts,Seedance 2.5 prompt intent; existing article already owns it
/blog/seedance-2-5-prompt-engineering-guide,9,claude seedance 2.5 prompt writer skill,830,0,--,KEEP_P0,2.5 Prompts,Seedance 2.5 prompt intent; existing article already owns it
/blog/seedance-2-5-prompt-engineering-guide,10,seedance 2.5 prompting,790,0,--,KEEP_P0,2.5 Prompts,Seedance 2.5 prompt intent; existing article already owns it
/blog/seedance-2-5-prompt-engineering-guide,11,seedance 2.5 videos gallery with prompts,780,0,--,KEEP_P0,2.5 Prompts,Seedance 2.5 prompt intent; existing article already owns it
/blog/seedance-2-5-prompt-engineering-guide,12,seedance 2.5 videos gallery with prompts 9:16,780,0,--,KEEP_P0,2.5 Prompts,Seedance 2.5 prompt intent; existing article already owns it
/blog/seedance-2-5-prompt-engineering-guide,13,seedance 2.5 official prompt guide,680,0,--,KEEP_P0,2.5 Prompts,Seedance 2.5 prompt intent; existing article already owns it
/blog/seedance-2-5-prompt-engineering-guide,14,how to prompt seedance 2.5,670,0,--,KEEP_P0,2.5 Prompts,Seedance 2.5 prompt intent; existing article already owns it
/blog/seedance-2-5-prompt-engineering-guide,15,seedance 2.5 prompt length,670,0,--,KEEP_P0,2.5 Prompts,Seedance 2.5 prompt intent; existing article already owns it
/blog/seedance-2-5-prompt-engineering-guide,16,bytedance seedance 2.5 prompt guide,610,0,--,KEEP_P0,2.5 Prompts,Seedance 2.5 prompt intent; existing article already owns it
/blog/seedance-2-5-prompt-engineering-guide,17,seedance 2.5 video prompts,610,0,--,KEEP_P0,2.5 Prompts,Seedance 2.5 prompt intent; existing article already owns it
/blog/seedance-2-5-prompt-engineering-guide,18,seedance 2.5 prompt library,600,0,--,KEEP_P0,2.5 Prompts,Seedance 2.5 prompt intent; existing article already owns it
/blog/seedance-2-5-prompt-engineering-guide,19,seedance 2.5 prompt github,590,0,--,KEEP_P0,2.5 Prompts,Seedance 2.5 prompt intent; existing article already owns it
/blog/seedance-2-5-prompt-engineering-guide,20,seedance 2.5 prompts examples,580,0,--,KEEP_P0,2.5 Prompts,Seedance 2.5 prompt intent; existing article already owns it
/blog/seedance-2-5-prompt-engineering-guide,21,seedance 2.5 prompting guide higgfield,550,0,--,KEEP_P0,2.5 Prompts,Seedance 2.5 prompt intent; existing article already owns it
/blog/seedance-2-5-prompt-engineering-guide,22,how to prompt for seedance 2.5,530,0,--,KEEP_P0,2.5 Prompts,Seedance 2.5 prompt intent; existing article already owns it
/blog/seedance-2-5-prompt-engineering-guide,23,how to write cinema seedance 2.5 prompts,530,0,--,KEEP_P0,2.5 Prompts,Seedance 2.5 prompt intent; existing article already owns it
/blog/seedance-2-5-prompt-engineering-guide,24,how to write prompts for seedance 2.5,530,0,--,KEEP_P0,2.5 Prompts,Seedance 2.5 prompt intent; existing article already owns it
/blog/seedance-2-5-prompt-engineering-guide,25,seedance 2.5 fight prompts,520,0,--,KEEP_P0,2.5 Prompts,Seedance 2.5 prompt intent; existing article already owns it
/blog/seedance-2-5-prompt-engineering-guide,26,seedance 2.5 prompt architecture\,480,0,--,KEEP_P0,2.5 Prompts,Seedance 2.5 prompt intent; existing article already owns it
/blog/seedance-2-5-prompt-engineering-guide,27,seedance 2.5 prompt iphoen camera,460,0,--,KEEP_P0,2.5 Prompts,Seedance 2.5 prompt intent; existing article already owns it
/blog/seedance-2-5-prompt-engineering-guide,28,seedance 2.5 moving painting prompt,450,0,--,KEEP_P0,2.5 Prompts,Seedance 2.5 prompt intent; existing article already owns it
/blog/seedance-2-5-prompt-engineering-guide,29,bytedance released an official seedance 2.5 prompt guide,410,0,--,KEEP_P0,2.5 Prompts,Seedance 2.5 prompt intent; existing article already owns it
/blog/seedance-2-5-prompt-engineering-guide,30,seedance 2.5 prompts library,400,0,--,KEEP_P0,2.5 Prompts,Seedance 2.5 prompt intent; existing article already owns it
/blog/seedance-2-5-prompt-engineering-guide,31,seedance 2.5 prompts & real video examples,390,0,--,KEEP_P0,2.5 Prompts,Seedance 2.5 prompt intent; existing article already owns it
/blog/seedance-2-5-prompt-engineering-guide,32,camera control best prompts seedance 2.5,380,0,--,KEEP_P0,2.5 Prompts,Seedance 2.5 prompt intent; existing article already owns it
/blog/seedance-2-5-prompt-engineering-guide,33,seedance 2.5 negative prompt,380,0,--,KEEP_P0,2.5 Prompts,Seedance 2.5 prompt intent; existing article already owns it
/blog/seedance-2-5-prompt-engineering-guide,34,about seedance 2.5 prompts,370,0,--,KEEP_P0,2.5 Prompts,Seedance 2.5 prompt intent; existing article already owns it
/blog/seedance-2-5-prompt-engineering-guide,35,higgsfileds seedance 2.5 prompt guide,370,0,--,KEEP_P0,2.5 Prompts,Seedance 2.5 prompt intent; existing article already owns it
/blog/seedance-2-5-prompt-engineering-guide,36,seedance 2.5 prompting guide bytedance,370,0,--,KEEP_P0,2.5 Prompts,Seedance 2.5 prompt intent; existing article already owns it
/blog/seedance-2-5-prompt-engineering-guide,37,spiderman prompt seedance 2.5,370,0,--,KEEP_P0,2.5 Prompts,Seedance 2.5 prompt intent; existing article already owns it
/blog/seedance-2-5-prompt-engineering-guide,38,can seedance 2.5 text-to-video accept negetive prompt,360,0,--,KEEP_P0,2.5 Prompts,Seedance 2.5 prompt intent; existing article already owns it
/blog/seedance-2-5-prompt-engineering-guide,39,seedance 2.5 prompt youmind,350,0,--,KEEP_P0,2.5 Prompts,Seedance 2.5 prompt intent; existing article already owns it
/blog/seedance-2-5-prompt-engineering-guide,40,seedance 2.5 claude prompt skill,340,0,--,KEEP_P0,2.5 Prompts,Seedance 2.5 prompt intent; existing article already owns it
/blog/seedance-2-5-prompt-engineering-guide,41,seedance 2.5 prompt template,340,0,--,KEEP_P0,2.5 Prompts,Seedance 2.5 prompt intent; existing article already owns it
/blog/seedance-2-5-prompt-engineering-guide,42,seedance 2.5 prompting guiode,340,0,--,KEEP_P0,2.5 Prompts,Seedance 2.5 prompt intent; existing article already owns it
/blog/seedance-2-5-prompt-engineering-guide,43,atlascloud seedance 2.5 prompts,320,0,--,KEEP_P0,2.5 Prompts,Seedance 2.5 prompt intent; existing article already owns it
/blog/seedance-2-5-prompt-engineering-guide,44,seedance 2.5 prompts with real footage,320,0,--,KEEP_P0,2.5 Prompts,Seedance 2.5 prompt intent; existing article already owns it
/blog/seedance-2-5-prompt-engineering-guide,45,seedance 2.5 vlog prompt,320,0,--,KEEP_P0,2.5 Prompts,Seedance 2.5 prompt intent; existing article already owns it
/blog/seedance-2-5-prompt-engineering-guide,46,seedance2.5 prompt libery,320,0,--,KEEP_P0,2.5 Prompts,Seedance 2.5 prompt intent; existing article already owns it
/blog/seedance-2-5-prompt-engineering-guide,47,what are the best practices for seedance 2.5 prompts?,320,0,--,KEEP_P0,2.5 Prompts,Seedance 2.5 prompt intent; existing article already owns it
/blog/seedance-2-5-prompt-engineering-guide,48,higgsfield seedance 2.5 prompt template for ugc,310,0,--,KEEP_P0,2.5 Prompts,Seedance 2.5 prompt intent; existing article already owns it
/blog/seedance-2-5-prompt-engineering-guide,49,seedance 2.5 gallery prompt,310,0,--,KEEP_P0,2.5 Prompts,Seedance 2.5 prompt intent; existing article already owns it
/blog/seedance-2-5-prompt-engineering-guide,50,seedance 2.5 lipsyncing prompts,310,0,--,KEEP_P0,2.5 Prompts,Seedance 2.5 prompt intent; existing article already owns it
/seedance-2-5/api,1,seedance 2.5 api,33390,536,--,KEEP_P0,2.5 API,Seedance 2.5 developer/API intent
/seedance-2-5/api,2,seedance2.5 api,1980,38,--,KEEP_P0,2.5 API,Seedance 2.5 developer/API intent
/seedance-2-5/api,3,seedance 2.5 documentation,1850,10,--,KEEP_P0,2.5 API,Seedance 2.5 developer/API intent
/seedance-2-5/api,4,api seedance 2.5,1770,68,--,KEEP_P0,2.5 API,Seedance 2.5 developer/API intent
/seedance-2-5/api,5,seedance2.5 api 料金,1710,0,--,KEEP_P0,2.5 API,Seedance 2.5 developer/API intent
/seedance-2-5/api,6,seedance 2.5 api pricing,1700,75,--,KEEP_P0,2.5 API,Seedance 2.5 developer/API intent
/seedance-2-5/api,7,seedance 2.5 api price,1430,3,--,KEEP_P0,2.5 API,Seedance 2.5 developer/API intent
/seedance-2-5/api,8,seedance 2.5 docs,1370,0,--,KEEP_P0,2.5 API,Seedance 2.5 developer/API intent
/seedance-2-5/api,9,seedance 2.5 api ware,940,0,--,KEEP_P0,2.5 API,Seedance 2.5 developer/API intent
/seedance-2-5/api,10,seedance 2.5 api cost,790,0,--,KEEP_P0,2.5 API,Seedance 2.5 developer/API intent
/seedance-2-5/api,11,byteplus seedance 2.5 api,580,0,--,KEEP_P0,2.5 API,Seedance 2.5 developer/API intent
/seedance-2-5/api,12,atlas cloud seedance 2.5 api,530,0,--,KEEP_P0,2.5 API,Seedance 2.5 developer/API intent
/seedance-2-5/api,13,official documentation seedance 2.5,420,0,--,KEEP_P0,2.5 API,Seedance 2.5 developer/API intent
/seedance-2-5/api,14,bytedance documentation on seedance 2.5 official documentation,410,0,--,KEEP_P0,2.5 API,Seedance 2.5 developer/API intent
/seedance-2-5/api,15,seedance 2.5 api token pricing,340,0,--,KEEP_P0,2.5 API,Seedance 2.5 developer/API intent
/seedance-2-5/api,16,seedance 2.5 kie api,340,0,--,KEEP_P0,2.5 API,Seedance 2.5 developer/API intent
/seedance-2-5/api,17,seedance 2.5 api guide,330,0,--,KEEP_P0,2.5 API,Seedance 2.5 developer/API intent
/seedance-2-5/api,18,seedance 2.5 api pricer,330,0,--,KEEP_P0,2.5 API,Seedance 2.5 developer/API intent
/seedance-2-5/api,19,seedance 2.5 bytedance api,330,0,--,KEEP_P0,2.5 API,Seedance 2.5 developer/API intent
/seedance-2-5/api,20,whats the cheapest seedance 2.5 api,310,0,--,KEEP_P0,2.5 API,Seedance 2.5 developer/API intent
/seedance-2-5/api,21,seedance 2.5 prompting guide documentation,300,0,--,KEEP_P0,2.5 API,Seedance 2.5 developer/API intent
/seedance-2-5/api,22,when will seedance 2.5 api be available on byteplus,300,0,--,KEEP_P0,2.5 API,Seedance 2.5 developer/API intent
/seedance-2-5/api,23,seedance 2.5 doc,290,0,--,KEEP_P0,2.5 API,Seedance 2.5 developer/API intent
/seedance-2-5/api,24,seedance 2.5 is bytedance api,290,0,--,KEEP_P0,2.5 API,Seedance 2.5 developer/API intent
/seedance-2-5/api,25,seedance 2.5 cheapest api,270,14,--,KEEP_P0,2.5 API,Seedance 2.5 developer/API intent
/seedance-2-5/api,26,api cost seedance 2.5 420 adn 720p,260,0,--,KEEP_P0,2.5 API,Seedance 2.5 developer/API intent
/seedance-2-5/api,27,kie.ai seedance 2.5 api,260,0,--,KEEP_P0,2.5 API,Seedance 2.5 developer/API intent
/seedance-2-5/api,28,seedance 2.5 api official,260,0,--,KEEP_P0,2.5 API,Seedance 2.5 developer/API intent
/seedance-2-5/api,29,seedance 2.5 api where is the cheapest,260,0,--,KEEP_P0,2.5 API,Seedance 2.5 developer/API intent
/seedance-2-5/api,30,what is api source for seedance 2.5 model,260,0,--,KEEP_P0,2.5 API,Seedance 2.5 developer/API intent
/seedance-2-5/api,31,bytedance seedance 2.5 api,250,0,--,KEEP_P0,2.5 API,Seedance 2.5 developer/API intent
/seedance-2-5/api,32,fal.ai seedance2.5 api,240,0,--,KEEP_P0,2.5 API,Seedance 2.5 developer/API intent
/seedance-2-5/api,33,bytedance official api seedance 2.5,230,0,--,KEEP_P0,2.5 API,Seedance 2.5 developer/API intent
/seedance-2-5/api,34,byteplus seedance 2.5 docs,230,0,--,KEEP_P0,2.5 API,Seedance 2.5 developer/API intent
/seedance-2-5/api,35,seedance 2.5 api fal ai,230,0,--,KEEP_P0,2.5 API,Seedance 2.5 developer/API intent
/seedance-2-5/api,36,seedance 2.5 guide documentation official bytedance guide,230,0,--,KEEP_P0,2.5 API,Seedance 2.5 developer/API intent
/seedance-2-5/api,37,dreamina seedance 2.5 api,220,0,--,KEEP_P0,2.5 API,Seedance 2.5 developer/API intent
/seedance-2-5/api,38,seedance 2.5 api?,220,0,--,KEEP_P0,2.5 API,Seedance 2.5 developer/API intent
/seedance-2-5/api,39,fal ai seedance 2.5 api,200,4,--,KEEP_P0,2.5 API,Seedance 2.5 developer/API intent
/seedance-2-5/api,40,seedance 2.5 api openrouter,200,0,--,KEEP_P0,2.5 API,Seedance 2.5 developer/API intent
/seedance-2-5/api,41,video generation api key seedance 2.5,200,13,--,KEEP_P0,2.5 API,Seedance 2.5 developer/API intent
/seedance-2-5/api,42,free seedance 2.5 api,180,0,--,KEEP_P0,2.5 API,Seedance 2.5 developer/API intent
/seedance-2-5/api,43,unlimited seedance 2.5 via api,170,0,--,KEEP_P0,2.5 API,Seedance 2.5 developer/API intent
/seedance-2-5/api,44,seedance 2.5 cost api vs higgsfield,150,0,--,KEEP_P0,2.5 API,Seedance 2.5 developer/API intent
/seedance-2-5/api,45,seedance 2.5 api price dreamina,140,0,--,KEEP_P0,2.5 API,Seedance 2.5 developer/API intent
/seedance-2-5/api,46,seedance2.5 api docs,130,0,--,KEEP_P0,2.5 API,Seedance 2.5 developer/API intent
/seedance-2-5/api,47,volcano ark api seedance 2.5,120,0,--,KEEP_P0,2.5 API,Seedance 2.5 developer/API intent
/seedance-2-5/api,48,火山引擎上线 seedance 2.5 api：原生支持 30 秒视频直出,120,0,--,KEEP_P0,2.5 API,Seedance 2.5 developer/API intent
/seedance-2-5/api,49,seedance 2.5 30 s video api cheapest price is where,110,0,--,KEEP_P0,2.5 API,Seedance 2.5 developer/API intent
/seedance-2-5/api,50,seedance 2.5 doc how to use,110,0,--,KEEP_P0,2.5 API,Seedance 2.5 developer/API intent
/blog/seedance-2-5-release-date-and-overview,1,seedance 2.5 release date,30000,4314,--,KEEP_P0,2.5 Release / Availability,Seedance 2.5 release/availability intent
/blog/seedance-2-5-release-date-and-overview,2,when seedance 2.5 on higgsfield,3150,0,--,KEEP_P0,2.5 Release / Availability,Seedance 2.5 release/availability intent
/blog/seedance-2-5-release-date-and-overview,3,when is seedance 2.5 coming out,2340,122,--,KEEP_P0,2.5 Release / Availability,Seedance 2.5 release/availability intent
/blog/seedance-2-5-release-date-and-overview,4,seedance 2.5 release,1450,318,--,KEEP_P0,2.5 Release / Availability,Seedance 2.5 release/availability intent
/blog/seedance-2-5-release-date-and-overview,5,when is seedance 2.5 coming to higgsfield,1260,29,--,KEEP_P0,2.5 Release / Availability,Seedance 2.5 release/availability intent
/blog/seedance-2-5-release-date-and-overview,6,seedance 2.5 when on higgsfield ?,1150,0,--,KEEP_P0,2.5 Release / Availability,Seedance 2.5 release/availability intent
/blog/seedance-2-5-release-date-and-overview,7,when is seedance 2.5 coming to united states?,1070,0,--,KEEP_P0,2.5 Release / Availability,Seedance 2.5 release/availability intent
/blog/seedance-2-5-release-date-and-overview,8,is seedance 2.5 available on capcut,990,0,--,KEEP_P0,2.5 Release / Availability,Seedance 2.5 release/availability intent
/blog/seedance-2-5-release-date-and-overview,9,seedance 2.5 blocking hollywood ip when:7d,920,0,--,KEEP_P0,2.5 Release / Availability,Seedance 2.5 release/availability intent
/blog/seedance-2-5-release-date-and-overview,10,seedance 2.5 release higgsfield,880,0,--,KEEP_P0,2.5 Release / Availability,Seedance 2.5 release/availability intent
/blog/seedance-2-5-release-date-and-overview,11,seedance 2.5 coming soon,770,41,--,KEEP_P0,2.5 Release / Availability,Seedance 2.5 release/availability intent
/blog/seedance-2-5-release-date-and-overview,12,when is seedance 2.5 coming to higgsfield?,730,0,--,KEEP_P0,2.5 Release / Availability,Seedance 2.5 release/availability intent
/blog/seedance-2-5-release-date-and-overview,13,seedance 2.5 available,620,0,--,KEEP_P0,2.5 Release / Availability,Seedance 2.5 release/availability intent
/blog/seedance-2-5-release-date-and-overview,14,seedance 2.5 availability,570,0,--,KEEP_P0,2.5 Release / Availability,Seedance 2.5 release/availability intent
/blog/seedance-2-5-release-date-and-overview,15,when seedance 2.5 release inn higgsfield ai,570,0,--,KEEP_P0,2.5 Release / Availability,Seedance 2.5 release/availability intent
/blog/seedance-2-5-release-date-and-overview,16,when is seedance 2.5 coming,530,22,--,KEEP_P0,2.5 Release / Availability,Seedance 2.5 release/availability intent
/blog/seedance-2-5-release-date-and-overview,17,polymarket seedance 2.5 release,500,12,--,KEEP_P0,2.5 Release / Availability,Seedance 2.5 release/availability intent
/blog/seedance-2-5-release-date-and-overview,18,how to launch seedance 2.5 with claude,450,0,--,KEEP_P0,2.5 Release / Availability,Seedance 2.5 release/availability intent
/blog/seedance-2-5-release-date-and-overview,19,when is seedance 2.5 1080p coming to fal,440,0,--,KEEP_P0,2.5 Release / Availability,Seedance 2.5 release/availability intent
/blog/seedance-2-5-release-date-and-overview,20,seedance 2.5 1080 prelease date,400,0,--,KEEP_P0,2.5 Release / Availability,Seedance 2.5 release/availability intent
/blog/seedance-2-5-release-date-and-overview,21,when will seedance 2.5 be available on higgsfield,380,0,--,KEEP_P0,2.5 Release / Availability,Seedance 2.5 release/availability intent
/blog/seedance-2-5-release-date-and-overview,22,seedance 2.5 release when,360,0,--,KEEP_P0,2.5 Release / Availability,Seedance 2.5 release/availability intent
/blog/seedance-2-5-release-date-and-overview,23,when will seedance 2.5 be released,350,40,--,KEEP_P0,2.5 Release / Availability,Seedance 2.5 release/availability intent
/blog/seedance-2-5-release-date-and-overview,24,release seedance 2.5,330,53,--,KEEP_P0,2.5 Release / Availability,Seedance 2.5 release/availability intent
/blog/seedance-2-5-release-date-and-overview,25,when does seedance 2.5 come out,320,95,--,KEEP_P0,2.5 Release / Availability,Seedance 2.5 release/availability intent
/blog/seedance-2-5-release-date-and-overview,26,when will seedance 2.5 be on fal.ai,320,7,--,KEEP_P0,2.5 Release / Availability,Seedance 2.5 release/availability intent
/blog/seedance-2-5-release-date-and-overview,27,seedance 2.5 when,310,125,--,KEEP_P0,2.5 Release / Availability,Seedance 2.5 release/availability intent
/blog/seedance-2-5-release-date-and-overview,28,seedance 2.5 reddit release date,300,33,--,KEEP_P0,2.5 Release / Availability,Seedance 2.5 release/availability intent
/blog/seedance-2-5-release-date-and-overview,29,when is the lunch of seedance2.5,290,91,--,KEEP_P0,2.5 Release / Availability,Seedance 2.5 release/availability intent
/blog/seedance-2-5-release-date-and-overview,30,when seedance 2.5,290,7,--,KEEP_P0,2.5 Release / Availability,Seedance 2.5 release/availability intent
/blog/seedance-2-5-release-date-and-overview,31,is seedance 2.5 release rumors,270,11,--,KEEP_P0,2.5 Release / Availability,Seedance 2.5 release/availability intent
/blog/seedance-2-5-release-date-and-overview,32,date de sortie seedance 2.5,250,0,--,KEEP_P0,2.5 Release / Availability,Seedance 2.5 release/availability intent
/blog/seedance-2-5-release-date-and-overview,33,seedance 2.5 usa release date,230,0,--,KEEP_P0,2.5 Release / Availability,Seedance 2.5 release/availability intent
/blog/seedance-2-5-release-date-and-overview,34,today si august 7 when will higgesfield launch seedance 2.5,230,0,--,KEEP_P0,2.5 Release / Availability,Seedance 2.5 release/availability intent
/blog/seedance-2-5-release-date-and-overview,35,seedance 2.5 dreamina which countries is available,210,0,--,KEEP_P0,2.5 Release / Availability,Seedance 2.5 release/availability intent
/blog/seedance-2-5-release-date-and-overview,36,when seedance 2.5 release date,190,0,--,KEEP_P0,2.5 Release / Availability,Seedance 2.5 release/availability intent
/blog/seedance-2-5-release-date-and-overview,37,seedance 2.5 release date reddit,180,29,--,KEEP_P0,2.5 Release / Availability,Seedance 2.5 release/availability intent
/blog/seedance-2-5-release-date-and-overview,38,seedance 2.5 video release date,180,0,--,KEEP_P0,2.5 Release / Availability,Seedance 2.5 release/availability intent
/blog/seedance-2-5-release-date-and-overview,39,when us use seedance2.5,180,0,--,KEEP_P0,2.5 Release / Availability,Seedance 2.5 release/availability intent
/blog/seedance-2-5-release-date-and-overview,40,seedance2.5 coming soon,170,15,--,KEEP_P0,2.5 Release / Availability,Seedance 2.5 release/availability intent
/blog/seedance-2-5-release-date-and-overview,41,is seedance 2.5 available in capcut?,140,0,--,KEEP_P0,2.5 Release / Availability,Seedance 2.5 release/availability intent
/blog/seedance-2-5-release-date-and-overview,42,when does seedance 2.5 ship,120,26,--,KEEP_P0,2.5 Release / Availability,Seedance 2.5 release/availability intent
/compare,1,seedream vs seedance,2010,811,--,KEEP_P2,Comparisons,comparison intent
/compare,2,seedance 2.0 mini vs seedance 2.0,1990,61,--,KEEP_P2,Comparisons,2.0 comparison intent
/compare,3,seedance 2.0 mini vs fast,1900,263,--,KEEP_P2,Comparisons,2.0 comparison intent
/compare,4,ltx 2.3 vs seedance 2.0,1770,244,--,KEEP_P2,Comparisons,2.0 comparison intent
/compare,5,something better than seedance 2.5?,1720,0,--,KEEP_P2,Comparisons,competitor/comparison intent; publish selectively with verified specs
/compare,6,flux 3 vs seedance 2,1670,0,--,KEEP_P2,Comparisons,comparison intent
/compare,7,seedance vs seedream,1570,620,--,KEEP_P2,Comparisons,comparison intent
/compare,8,seedance alternative,1420,248,--,KEEP_P2,Comparisons,comparison intent
/compare,9,flux 3 vs seedance 2.5,1230,0,--,KEEP_P2,Comparisons,competitor/comparison intent; publish selectively with verified specs
/compare,10,seedance 2.0 via runway,1160,155,35,KEEP_P2,Comparisons,2.0 comparison intent
/compare,11,seedance 2.0 fast vs normal,1000,763,21,KEEP_P2,Comparisons,2.0 comparison intent
/compare,12,seedream seedance,960,331,--,KEEP_P2,Comparisons,comparison intent
/compare,13,runway seedance 2.0,940,1170,7,KEEP_P2,Comparisons,2.0 comparison intent
/compare,14,seedance 2.5 vs,940,22,--,KEEP_P2,Comparisons,competitor/comparison intent; publish selectively with verified specs
/compare,15,ltx 2.3 vs seedance,900,88,--,KEEP_P2,Comparisons,comparison intent
/compare,16,gemini omni flash vs seedance 2.0,870,78,--,KEEP_P2,Comparisons,2.0 comparison intent
/compare,17,wann kommt seedance 2.5,830,135,3,KEEP_P2,Comparisons,competitor/comparison intent; publish selectively with verified specs
/compare,18,grok and seedance 2.0 free,780,0,--,KEEP_P2,Comparisons,2.0 comparison intent
/compare,19,grok imagine 1.5 video cost vs seedance 2.0,760,0,--,KEEP_P2,Comparisons,2.0 comparison intent
/compare,20,heygen vs seedance 2.0,720,194,--,KEEP_P2,Comparisons,2.0 comparison intent
/compare,21,any video ai better then seedance 2.5 ?,670,0,--,KEEP_P2,Comparisons,competitor/comparison intent; publish selectively with verified specs
/compare,22,who make seedance and seedream,670,0,--,KEEP_P2,Comparisons,comparison intent
/compare,23,ltx 2.3 vs seedance youtube,660,0,--,KEEP_P2,Comparisons,comparison intent
/compare,24,wan 3.0 vs seedance 2.5,660,0,--,KEEP_P2,Comparisons,competitor/comparison intent; publish selectively with verified specs
/compare,25,flux 3 preise vergleich seedance,650,0,--,KEEP_P2,Comparisons,comparison intent
/compare,26,wan 2.7 vs seedance 2.0,650,388,--,KEEP_P2,Comparisons,2.0 comparison intent
/compare,27,seedance do better with json?,610,0,--,KEEP_P2,Comparisons,comparison intent
/compare,28,google omni vs seedance 2.5,580,0,--,KEEP_P2,Comparisons,competitor/comparison intent; publish selectively with verified specs
/compare,29,grok imagine vs seedance 2.0,570,73,--,KEEP_P2,Comparisons,2.0 comparison intent
/compare,30,seedance seedream,560,459,--,KEEP_P2,Comparisons,comparison intent
/compare,31,runwayml seedance2.0,550,0,--,KEEP_P2,Comparisons,2.0 comparison intent
/compare,32,seedance 2.0 fast vs seedance 2.0 mini,520,8,--,KEEP_P2,Comparisons,2.0 comparison intent
/compare,33,ltx 2.3 vs seedance 2.5,500,67,--,KEEP_P2,Comparisons,competitor/comparison intent; publish selectively with verified specs
/compare,34,ai platform with seedance and seedream models,470,0,--,KEEP_P2,Comparisons,comparison intent
/compare,35,ai tool with seedance and seedream models,470,0,--,KEEP_P2,Comparisons,comparison intent
/compare,36,dreamina seedance 2.0 vs seedance 2.0,450,189,--,KEEP_P2,Comparisons,2.0 comparison intent
/compare,37,seedance 2.0 vs seedance 2.0 mini,450,106,--,KEEP_P2,Comparisons,2.0 comparison intent
/compare,38,seedream and seedance,450,56,--,KEEP_P2,Comparisons,comparison intent
/compare,39,sora 2 vs seedance 2.0,450,87,--,KEEP_P2,Comparisons,2.0 comparison intent
/compare,40,seedance 2 mini versus seedance 2,440,14,--,KEEP_P2,Comparisons,comparison intent
/compare,41,seedance 2.0 vs seedance 2.0 fast quality reddit,410,0,--,KEEP_P2,Comparisons,2.0 comparison intent
/compare,42,flux 3 vs seedance 2.0,400,9,--,KEEP_P2,Comparisons,2.0 comparison intent
/compare,43,ltx 2.5 vs seedance,400,0,--,KEEP_P2,Comparisons,comparison intent
/compare,44,wan ai vs seedance,390,0,--,KEEP_P2,Comparisons,comparison intent
/compare,45,seedance 2.0 vs 2.0 mini,370,30,--,KEEP_P2,Comparisons,2.0 comparison intent
/compare,46,compare seedance 2.0 and 2.0 fast,350,0,--,KEEP_P2,Comparisons,2.0 comparison intent
/compare,47,seedance 2.0 pricing comparison 2026,340,0,--,KEEP_P2,Comparisons,2.0 comparison intent
/compare,48,seedance 1.5 pro vs seedance 2.0,300,48,--,KEEP_P2,Comparisons,2.0 comparison intent
/compare,49,seedance 1.5 pro vs seedance 2.0 reddit,300,0,--,KEEP_P2,Comparisons,2.0 comparison intent
/compare,50,seedance 2.0 vs higgsfield pricing,280,0,--,KEEP_P2,Comparisons,2.0 comparison intent
/compare/seedance-vs-kling,1,kling vs seedance,4380,1883,1,KEEP_P2,Comparisons,comparison intent
/compare/seedance-vs-kling,2,seedance vs kling,3770,1987,28,KEEP_P2,Comparisons,comparison intent
/compare/seedance-vs-kling,3,kling 3.0 vs seedance 2.0,3370,1548,1,KEEP_P2,Comparisons,2.0 comparison intent
/compare/seedance-vs-kling,4,seedance 2.0 vs kling 3.0,2670,1577,1,KEEP_P2,Comparisons,2.0 comparison intent
/compare/seedance-vs-kling,5,kling 3 omni vs seedance 2 omni,1850,34,--,KEEP_P2,Comparisons,comparison intent
/compare/seedance-vs-kling,6,"kling 3.0 pro vs seedance 2,5",1150,0,--,KEEP_P2,Comparisons,comparison intent
/compare/seedance-vs-kling,7,seedance 2 vs kling 3,1150,227,--,KEEP_P2,Comparisons,comparison intent
/compare/seedance-vs-kling,8,ai video school complete beginner to pro: veo kling seedance,1100,131,--,KEEP_P2,Comparisons,comparison intent
/compare/seedance-vs-kling,9,seedance 2 is less realistic than kling,940,0,--,KEEP_P2,Comparisons,comparison intent
/compare/seedance-vs-kling,10,kling seedance,920,591,23,KEEP_P2,Comparisons,comparison intent
/compare/seedance-vs-kling,11,seedance 2.5 vs kling 3.0 vs veo 3.1,910,0,--,KEEP_P2,Comparisons,competitor/comparison intent; publish selectively with verified specs
/compare/seedance-vs-kling,12,seedance não oferece serviços como o kling?,830,0,--,KEEP_P2,Comparisons,comparison intent
/compare/seedance-vs-kling,13,kling ou seedance?,800,0,--,KEEP_P2,Comparisons,comparison intent
/compare/seedance-vs-kling,14,seedance is good 2.0 for ecommerce creatives or kling 3.0,730,0,--,KEEP_P2,Comparisons,comparison intent
/compare/seedance-vs-kling,15,kling 3 more cinematic than seedance,700,17,--,KEEP_P2,Comparisons,comparison intent
/compare/seedance-vs-kling,16,kling seedance 2.0,700,65,--,KEEP_P2,Comparisons,2.0 comparison intent
/compare/seedance-vs-kling,17,seedance 2.0 & kling 3.0,680,104,--,KEEP_P2,Comparisons,2.0 comparison intent
/compare/seedance-vs-kling,18,kling 3 more cinematic human face than seedance,650,0,--,KEEP_P2,Comparisons,comparison intent
/compare/seedance-vs-kling,19,kling 3 more realistic than seedance,650,0,--,KEEP_P2,Comparisons,comparison intent
/compare/seedance-vs-kling,20,kling o3 vs seedance,650,63,--,KEEP_P2,Comparisons,comparison intent
/compare/seedance-vs-kling,21,seedance 2.0 o kling 3.0,550,96,--,KEEP_P2,Comparisons,2.0 comparison intent
/compare/seedance-vs-kling,22,kling vs seedance reddit,500,55,--,KEEP_P2,Comparisons,comparison intent
/compare/seedance-vs-kling,23,seedance 2.0 vs kling,480,154,--,KEEP_P2,Comparisons,2.0 comparison intent
/compare/seedance-vs-kling,24,seedance or kling which is better for ad making,480,0,--,KEEP_P2,Comparisons,comparison intent
/compare/seedance-vs-kling,25,seedance 2.5 vs kling 3.0,470,44,--,KEEP_P2,Comparisons,competitor/comparison intent; publish selectively with verified specs
/compare/seedance-vs-kling,26,kling 3.0 vs seedance 2.5,450,0,--,KEEP_P2,Comparisons,competitor/comparison intent; publish selectively with verified specs
/compare/seedance-vs-kling,27,kling vs seedance broll,440,10,--,KEEP_P2,Comparisons,comparison intent
/compare/seedance-vs-kling,28,kling 3 vs seedance 2,410,403,1,KEEP_P2,Comparisons,comparison intent
/compare/seedance-vs-kling,29,kling 3 vs seedance 2 for ai ugc,410,16,--,KEEP_P2,Comparisons,comparison intent
/compare/seedance-vs-kling,30,kling 3.0 omni vvs seedance 2.5,410,0,--,KEEP_P2,Comparisons,competitor/comparison intent; publish selectively with verified specs
/compare/seedance-vs-kling,31,seedance 2.5 vs kling 3,380,0,--,KEEP_P2,Comparisons,competitor/comparison intent; publish selectively with verified specs
/compare/seedance-vs-kling,32,udemy – higgsfield filmmaking mba: master seedance 2.0 & kling 3.0,340,0,--,KEEP_P2,Comparisons,2.0 comparison intent
/compare/seedance-vs-kling,33,seedance or kling,300,85,--,KEEP_P2,Comparisons,comparison intent
/compare/seedance-vs-kling,34,ai video school complete beginner to pro: veo kling seedance telegram,280,50,--,KEEP_P2,Comparisons,comparison intent
/compare/seedance-vs-kling,35,kling is better than seedance,280,11,--,KEEP_P2,Comparisons,comparison intent
/compare/seedance-vs-kling,36,ai video school complete beginner to pro: veo kling seedance reddit,270,50,--,KEEP_P2,Comparisons,comparison intent
/compare/seedance-vs-kling,37,kling vs seedance video generator,270,138,--,KEEP_P2,Comparisons,comparison intent
/compare/seedance-vs-kling,38,kling ai avatar v2 vs seedance 2.0,240,0,--,KEEP_P2,Comparisons,2.0 comparison intent
/compare/seedance-vs-kling,39,qual é melhor kling ou seedance,210,0,--,KEEP_P2,Comparisons,comparison intent
/compare/seedance-vs-kling,40,so sánh chất lượng kling 3.0 vs seedance 2.0,210,8,--,KEEP_P2,Comparisons,2.0 comparison intent
/compare/seedance-vs-kling,41,diferencias kling y seedance,180,5,--,KEEP_P2,Comparisons,comparison intent
/compare/seedance-vs-kling,42,kling x seedance,170,53,--,KEEP_P2,Comparisons,comparison intent
/compare/seedance-vs-kling,43,is seedance & kling made by google,150,0,--,KEEP_P2,Comparisons,comparison intent
/compare/seedance-vs-kling,44,kling u seedance,140,53,--,KEEP_P2,Comparisons,comparison intent
/compare/seedance-vs-kling,45,kling o3 vs seedance 2.5,120,0,--,KEEP_P2,Comparisons,competitor/comparison intent; publish selectively with verified specs
/compare/seedance-vs-kling,46,kling or seedance better,120,3,--,KEEP_P2,Comparisons,comparison intent
/seedance-2-5/vs-seedance-2-0,1,seedance 2.5 vs 2.0,6660,60,--,KEEP_P0,2.5 vs 2.0,Version comparison intent
/seedance-2-5/vs-seedance-2-0,2,seedance 2.0 vs 2.5,6120,83,--,KEEP_P2,Comparisons,2.0 comparison intent
/seedance-2-5/vs-seedance-2-0,3,seedance 2.0 and seedance 2.5 which is better,2790,0,--,KEEP_P0,2.5 vs 2.0,Version comparison intent
/seedance-2-5/vs-seedance-2-0,4,seedance 2.5 vs 2.0 reddit,2160,0,--,KEEP_P0,2.5 vs 2.0,Version comparison intent
/seedance-2-5/vs-seedance-2-0,5,is seedance 2.5 better than 2.0,1410,0,--,KEEP_P0,2.5 vs 2.0,Version comparison intent
/seedance-2-5/vs-seedance-2-0,6,seedance 2.5 vs seedance 2,710,55,2,KEEP_P0,2.5 vs 2.0,Version comparison intent
/seedance-2-5/vs-seedance-2-0,7,gemini omni flash vs seedance 2.0 vs seedance 2.5,690,0,--,KEEP_P0,2.5 vs 2.0,Version comparison intent
/seedance-2-5/vs-seedance-2-0,8,seedance 2.5 vs seedance 2.0,670,7,--,KEEP_P0,2.5 vs 2.0,Version comparison intent
/seedance-2-5/vs-seedance-2-0,9,seedance 2.0 vs seedance 2.5,570,0,--,KEEP_P0,2.5 vs 2.0,Version comparison intent
/seedance-2-5/vs-seedance-2-0,10,is seedance 2.5 better than seedance 2.0,550,0,--,KEEP_P0,2.5 vs 2.0,Version comparison intent
/seedance-2-5/vs-seedance-2-0,11,seedance 2.5 vs 2.0 higgsfield,480,0,--,KEEP_P0,2.5 vs 2.0,Version comparison intent
/seedance-2-5/vs-seedance-2-0,12,sedancseedance 2.0 vs seedance 2.5,410,0,--,KEEP_P0,2.5 vs 2.0,Version comparison intent
/seedance-2-5/vs-seedance-2-0,13,how is seedance 2.5 better than seedance 2.0,320,0,--,KEEP_P0,2.5 vs 2.0,Version comparison intent
/seedance-2-5/vs-seedance-2-0,14,seedance 2.5 vs. 2.0,260,0,--,KEEP_P0,2.5 vs 2.0,Version comparison intent
/seedance-2-5/vs-seedance-2-0,15,is seedance 2.5 or 2.0 better or fast er,180,0,--,KEEP_P0,2.5 vs 2.0,Version comparison intent
/seedance-2-5/vs-seedance-2-0,16,seedance 2.5 example vs 2.0,150,0,--,KEEP_P0,2.5 vs 2.0,Version comparison intent
/seedance-2-5/vs-seedance-2-0,17,seedance 2.0 vs 2.5 cost,120,0,--,KEEP_P2,Comparisons,2.0 comparison intent
/compare/seedance-vs-minimax-h3,1,minimax h3 vs seedance,4540,0,--,KEEP_P2,Comparisons,comparison intent
/compare/seedance-vs-minimax-h3,2,minimax h3 vs seedance 2.0,2670,0,--,KEEP_P2,Comparisons,2.0 comparison intent
/compare/seedance-vs-minimax-h3,3,minimax h3 vs seedance 2.5,2090,0,--,KEEP_P2,Comparisons,competitor/comparison intent; publish selectively with verified specs
/compare/seedance-vs-minimax-h3,4,"seedance killer""minimax",1500,0,--,KEEP_P2,Comparisons,comparison intent
/compare/seedance-vs-minimax-h3,5,seedance vs minimax h3,1160,13,--,KEEP_P2,Comparisons,comparison intent
/compare/seedance-vs-minimax-h3,6,minimax h3 vs seedance 2.5 cual es mejor,1010,0,--,KEEP_P2,Comparisons,competitor/comparison intent; publish selectively with verified specs
/compare/seedance-vs-minimax-h3,7,seedance 2.0 vs minimax h3,860,0,--,KEEP_P2,Comparisons,2.0 comparison intent
/compare/seedance-vs-minimax-h3,8,mini max h3 or seedance 2.0 reddit,770,0,--,KEEP_P2,Comparisons,2.0 comparison intent
/compare/seedance-vs-minimax-h3,9,seedance 2.5 minimax,540,0,--,KEEP_P2,Comparisons,competitor/comparison intent; publish selectively with verified specs
/compare/seedance-vs-minimax-h3,10,api料金比較 minimax kiling veo seedance,460,0,--,KEEP_P2,Comparisons,comparison intent
/compare/seedance-vs-minimax-h3,11,seedance 2.5 wan 3.0 minimax h3,430,0,--,KEEP_P2,Comparisons,competitor/comparison intent; publish selectively with verified specs
/compare/seedance-vs-minimax-h3,12,seedance 2.5 vs minimax,420,0,--,KEEP_P2,Comparisons,competitor/comparison intent; publish selectively with verified specs
/compare/seedance-vs-minimax-h3,13,seedance 2.5 and minimax,380,0,--,KEEP_P2,Comparisons,competitor/comparison intent; publish selectively with verified specs
/compare/seedance-vs-minimax-h3,14,seedance 2.5 ou minimax,340,0,--,KEEP_P2,Comparisons,competitor/comparison intent; publish selectively with verified specs
/compare/seedance-vs-minimax-h3,15,seedance 2 vs minimax h3,310,0,--,KEEP_P2,Comparisons,comparison intent
/compare/seedance-vs-minimax-h3,16,flux 3 vs seedance 2 vs minimax 3,290,0,--,KEEP_P2,Comparisons,comparison intent
/compare/seedance-vs-minimax-h3,17,minimax h3 vs seedance 2.0 pricing,240,0,--,KEEP_P2,Comparisons,2.0 comparison intent
/compare/seedance-vs-minimax-h3,18,minimax h3 vs seedance 2.5 vs flux 3,240,0,--,KEEP_P2,Comparisons,competitor/comparison intent; publish selectively with verified specs
/compare/seedance-vs-minimax-h3,19,minimax h3 seedance,220,3,--,KEEP_P2,Comparisons,comparison intent
/compare/seedance-vs-minimax-h3,20,minimaxh3 vs seedance2.5,220,0,--,KEEP_P2,Comparisons,competitor/comparison intent; publish selectively with verified specs
/compare/seedance-vs-minimax-h3,21,minimax h3 vs seedance reddit,210,0,--,KEEP_P2,Comparisons,comparison intent
/compare/seedance-vs-minimax-h3,22,seedance 2.0 alternative minimax h3,210,0,--,KEEP_P2,Comparisons,2.0 comparison intent
/compare/seedance-vs-minimax-h3,23,seedance minimax,210,0,--,KEEP_P2,Comparisons,comparison intent
/compare/seedance-vs-minimax-h3,24,minimax h3 vs seedance2,200,0,--,KEEP_P2,Comparisons,comparison intent
/compare/seedance-vs-minimax-h3,25,minimax h3 seedance 对比评测,160,3,--,KEEP_P2,Comparisons,comparison intent
/compare/seedance-vs-minimax-h3,26,minimax h3 和 seedance 2.0 对比,160,0,--,KEEP_P2,Comparisons,2.0 comparison intent
/compare/seedance-vs-minimax-h3,27,"minimax vs seedance 2,5",160,0,--,KEEP_P2,Comparisons,comparison intent
/compare/seedance-vs-minimax-h3,28,seedance 2.5 cheaper than h3,160,0,--,KEEP_P2,Comparisons,competitor/comparison intent; publish selectively with verified specs
/compare/seedance-vs-minimax-h3,29,mini max h3 e melhor q seedance 2.5?,150,0,--,KEEP_P2,Comparisons,competitor/comparison intent; publish selectively with verified specs
/compare/seedance-vs-minimax-h3,30,minimax h3 seedance 2.0定价,150,0,--,KEEP_P2,Comparisons,2.0 comparison intent
/compare/seedance-vs-minimax-h3,31,minimax seedance 2.0,150,0,--,KEEP_P2,Comparisons,2.0 comparison intent
/compare/seedance-vs-minimax-h3,32,minmax h3 vs seedance2.5,150,0,--,KEEP_P2,Comparisons,competitor/comparison intent; publish selectively with verified specs
/compare/seedance-vs-minimax-h3,33,seedance vs h3,140,0,--,KEEP_P2,Comparisons,comparison intent
/compare/seedance-vs-minimax-h3,34,实测minimax h3 vs seedance2.5 ：旗鼓相当，性格迥异,120,0,--,KEEP_P2,Comparisons,competitor/comparison intent; publish selectively with verified specs
/use-cases/seedance-video,1,seedance 2.5 ugc,3800,0,--,KEEP_P2,2.5 Use Cases,use-case intent; cluster into use-case pages after core pages
/use-cases/seedance-video,2,seedance 2.5 3d animation,1440,0,--,KEEP_P2,2.5 Use Cases,use-case intent; cluster into use-case pages after core pages
/use-cases/seedance-video,3,flux 3 vs seedance 2.5 ugc,1210,0,--,KEEP_P2,2.5 Use Cases,use-case intent; cluster into use-case pages after core pages
/use-cases/seedance-video,4,seedance 2.5 animation,1170,0,--,KEEP_P2,2.5 Use Cases,use-case intent; cluster into use-case pages after core pages
/use-cases/seedance-video,5,seedance 2.5 anime,1100,56,--,KEEP_P2,2.5 Use Cases,use-case intent; cluster into use-case pages after core pages
/use-cases/seedance-video,6,does create ugc . ai have seedance 2.5?,880,0,--,KEEP_P2,2.5 Use Cases,use-case intent; cluster into use-case pages after core pages
/use-cases/seedance-video,7,does create ugc have seedance 2.5?,880,0,--,KEEP_P2,2.5 Use Cases,use-case intent; cluster into use-case pages after core pages
/use-cases/seedance-video,8,seedance 2.5 reels,860,0,--,KEEP_P2,2.5 Use Cases,use-case intent; cluster into use-case pages after core pages
/use-cases/seedance-video,9,ai ugc seedance 2.5,760,0,--,KEEP_P2,2.5 Use Cases,use-case intent; cluster into use-case pages after core pages
/use-cases/seedance-video,10,seedance 2.5 music video,740,0,--,KEEP_P2,2.5 Use Cases,use-case intent; cluster into use-case pages after core pages
/use-cases/seedance-video,11,seedance 2.5 for real estate walktrough,700,0,--,KEEP_P2,2.5 Use Cases,use-case intent; cluster into use-case pages after core pages
/use-cases/seedance-video,12,seedance2.5 ugc,630,0,--,KEEP_P2,2.5 Use Cases,use-case intent; cluster into use-case pages after core pages
/use-cases/seedance-video,13,seedance 2.5 illustration animation,570,0,--,KEEP_P2,2.5 Use Cases,use-case intent; cluster into use-case pages after core pages
/use-cases/seedance-video,14,seedance 2.5 ugc guide,510,0,--,KEEP_P2,2.5 Use Cases,use-case intent; cluster into use-case pages after core pages
/use-cases/seedance-video,15,seedance 2.5 ugc pormpting,490,0,--,KEEP_P2,2.5 Use Cases,use-case intent; cluster into use-case pages after core pages
/use-cases/seedance-video,16,seedance 2.5 fashion,450,0,--,KEEP_P2,2.5 Use Cases,use-case intent; cluster into use-case pages after core pages
/use-cases/seedance-video,17,seedance 2.5 ugc reddit,370,0,--,KEEP_P2,2.5 Use Cases,use-case intent; cluster into use-case pages after core pages
/use-cases/seedance-video,18,seedance 2.5 anime generation,320,0,--,KEEP_P2,2.5 Use Cases,use-case intent; cluster into use-case pages after core pages
/use-cases/seedance-video,19,how to create promps for seedance 2.5 for ugc,210,0,--,KEEP_P2,2.5 Use Cases,use-case intent; cluster into use-case pages after core pages
/use-cases/seedance-video,20,seedance 2.5 create music video,210,0,--,KEEP_P2,2.5 Use Cases,use-case intent; cluster into use-case pages after core pages
/use-cases/seedance-video,21,seedance 2.5 ugc skill,190,0,--,KEEP_P2,2.5 Use Cases,use-case intent; cluster into use-case pages after core pages
/use-cases/seedance-video,22,seedance 2.5 real estate video reddit,180,0,--,KEEP_P2,2.5 Use Cases,use-case intent; cluster into use-case pages after core pages
/compare/seedance-vs-veo,1,veo 3.1 vs seedance 2.0,3100,334,2,KEEP_P2,Comparisons,2.0 comparison intent
/compare/seedance-vs-veo,2,seedance 2.0 or veo 3,1660,11,--,KEEP_P2,Comparisons,2.0 comparison intent
/compare/seedance-vs-veo,3,seedance 2.0 vs veo 3.1,1640,547,1,KEEP_P2,Comparisons,2.0 comparison intent
/compare/seedance-vs-veo,4,seedance 2.0 vs veo 3.1 diferencias,1600,0,--,KEEP_P2,Comparisons,2.0 comparison intent
/compare/seedance-vs-veo,5,seedance 2 (https://t.me/veo3_roobot?start=sourceunic_slon1008),1000,0,--,KEEP_P2,Comparisons,comparison intent
/compare/seedance-vs-veo,6,seedance vs veo 3,970,696,4,KEEP_P2,Comparisons,comparison intent
/compare/seedance-vs-veo,7,veo 4 vs seedance 2.5,970,40,--,KEEP_P2,Comparisons,competitor/comparison intent; publish selectively with verified specs
/compare/seedance-vs-veo,8,seedance 2.5 vs veo 3.1,640,0,--,KEEP_P2,Comparisons,competitor/comparison intent; publish selectively with verified specs
/compare/seedance-vs-veo,9,seedance vs veo,530,173,--,KEEP_P2,Comparisons,comparison intent
/compare/seedance-vs-veo,10,seedance x gemini veo,420,0,--,KEEP_P2,Comparisons,comparison intent
/compare/seedance-vs-veo,11,veo 3 vs seedance 2.0,410,47,--,KEEP_P2,Comparisons,2.0 comparison intent
/compare/seedance-vs-veo,12,veo 3.1 fast vs seedance 2.0,390,9,--,KEEP_P2,Comparisons,2.0 comparison intent
/compare/seedance-vs-veo,13,seedance veo,360,55,--,KEEP_P2,Comparisons,comparison intent
/compare/seedance-vs-veo,14,seedance2.0和veo3.1哪个更好用,330,10,--,KEEP_P2,Comparisons,2.0 comparison intent
/compare/seedance-vs-veo,15,difference between google flow and veo 3 and seedance 2.0?,320,0,--,KEEP_P2,Comparisons,2.0 comparison intent
/compare/seedance-vs-veo,16,seedance vs veo 3 lite which is cheaper but better,290,0,--,KEEP_P2,Comparisons,comparison intent
/compare/seedance-vs-veo,17,seedance creat by veo3?,210,5,--,KEEP_P2,Comparisons,comparison intent
/compare/seedance-vs-veo,18,google veo 3.1 vs seedance 2.0,180,55,--,KEEP_P2,Comparisons,2.0 comparison intent
/blog/seedance-2-5-1080p-guide,1,seedance 2.5 1080p,3200,0,--,KEEP_P0,2.5 1080p / Resolution,Seedance 2.5 resolution intent; existing guide already owns it
/blog/seedance-2-5-1080p-guide,2,seedance 2.5 1080p higgsfield,1260,0,--,KEEP_P0,2.5 1080p / Resolution,Seedance 2.5 resolution intent; existing guide already owns it
/blog/seedance-2-5-1080p-guide,3,seedance 2.5 480p,940,16,--,KEEP_P0,2.5 1080p / Resolution,Seedance 2.5 resolution intent; existing guide already owns it
/blog/seedance-2-5-1080p-guide,4,seedance 2.5 480p reddit,940,0,--,KEEP_P0,2.5 1080p / Resolution,Seedance 2.5 resolution intent; existing guide already owns it
/blog/seedance-2-5-1080p-guide,5,seedance 2.5 480p ai to enhanced hd,910,0,--,KEEP_P0,2.5 1080p / Resolution,Seedance 2.5 resolution intent; existing guide already owns it
/blog/seedance-2-5-1080p-guide,6,seedance 2.5 only in 720p?,730,0,--,KEEP_P0,2.5 1080p / Resolution,Seedance 2.5 resolution intent; existing guide already owns it
/blog/seedance-2-5-1080p-guide,7,why is seedance 2.5 720p,700,0,--,KEEP_P0,2.5 1080p / Resolution,Seedance 2.5 resolution intent; existing guide already owns it
/blog/seedance-2-5-1080p-guide,8,seedance 2.5 1080p resolution,470,0,--,KEEP_P0,2.5 1080p / Resolution,Seedance 2.5 resolution intent; existing guide already owns it
/blog/seedance-2-5-1080p-guide,9,seedance 2.5 is only 720p?,310,0,--,KEEP_P0,2.5 1080p / Resolution,Seedance 2.5 resolution intent; existing guide already owns it
/blog/seedance-2-5-1080p-guide,10,seedance2.5 1080p,170,0,--,KEEP_P0,2.5 1080p / Resolution,Seedance 2.5 resolution intent; existing guide already owns it
/blog/seedance-2-5-1080p-guide,11,seedance 2.5 1080p quality,150,0,--,KEEP_P0,2.5 1080p / Resolution,Seedance 2.5 resolution intent; existing guide already owns it
/blog/seedance-2-5-1080p-guide,12,480p vs 720p for seedance 2.5 reddit,140,0,--,KEEP_P0,2.5 1080p / Resolution,Seedance 2.5 resolution intent; existing guide already owns it
/blog/seedance-2-5-long-video-guide,1,seedance 2.5 30 seconds,910,0,--,KEEP_P2,2.5 Long Video / Extension,emerging long-video/extension intent; verify current limits before page
/blog/seedance-2-5-long-video-guide,2,seedance2.5 extend,650,0,--,KEEP_P2,2.5 Long Video / Extension,emerging long-video/extension intent; verify current limits before page
/blog/seedance-2-5-long-video-guide,3,seedance 2.5 long form mode,490,0,--,KEEP_P2,2.5 Long Video / Extension,emerging long-video/extension intent; verify current limits before page
/blog/seedance-2-5-long-video-guide,4,seedance 2.5 video extend,400,0,--,KEEP_P2,2.5 Long Video / Extension,emerging long-video/extension intent; verify current limits before page
/blog/seedance-2-5-long-video-guide,5,hoggsfield 30 second seedance 2.5,290,0,--,KEEP_P2,2.5 Long Video / Extension,emerging long-video/extension intent; verify current limits before page
/blog/seedance-2-5-long-video-guide,6,how to extend seedance 2.5 clips,160,0,--,KEEP_P2,2.5 Long Video / Extension,emerging long-video/extension intent; verify current limits before page
/seedance-2-5/reference-to-video,1,seedance 2.5 video reference,1020,0,--,KEEP_P1,2.5 Reference to Video,emerging reference-to-video product intent
/seedance-2-5/reference-to-video,2,seedance 2.5 reference to video,400,26,--,KEEP_P1,2.5 Reference to Video,emerging reference-to-video product intent
/seedance-2-5/reference-to-video,3,seedance 2.5 change reference video style,290,0,--,KEEP_P1,2.5 Reference to Video,emerging reference-to-video product intent
/seedance-2-5/reference-to-video,4,seedance 2.5 change video reference style,290,0,--,KEEP_P1,2.5 Reference to Video,emerging reference-to-video product intent
/seedance-2-5/reference-to-video,5,seedance 2.5 avatar reference video,280,0,--,KEEP_P1,2.5 Reference to Video,emerging reference-to-video product intent
/seedance-2-5/reference-to-video,6,how to use video reference for seedance 2.5,180,0,--,KEEP_P1,2.5 Reference to Video,emerging reference-to-video product intent
/blog/seedance-2-5-features-vs-sora-runway,1,seedance 2 vs sora vs pika pro b roll,430,0,--,KEEP_P2,Comparisons,comparison intent
/blog/seedance-2-5-features-vs-sora-runway,2,seedance or sora which one is best?,260,0,--,KEEP_P2,Comparisons,comparison intent
/blog/seedance-2-5-features-vs-sora-runway,3,que es mejor sora 2 o seedance,190,128,--,KEEP_P2,Comparisons,comparison intent
/blog/seedance-2-5-features-vs-sora-runway,4,sora 2 vs seedance 2.55,120,0,--,KEEP_P2,Comparisons,competitor/comparison intent; publish selectively with verified specs
