target_url,page_surface,page_build_priority,page_status,page_type,supporting_url,page_title_suggestion,page_h1_suggestion,rank,keyword_role,keyword,canonical_keyword,keyword_type,period_volume,avg_volume,kd,status,volume_note,intent_family,usage_guidance,recommended_action
/,CORE,P0,EXISTING,HOME,,Seedance AI Video Generator | Seadance Video,Seedance AI Video Generator,1,PRIMARY,seedance,seedance,CANONICAL,1453980,868736,67,KEEP_P0,HAS_VOLUME,Homepage / Generic Seedance,核心页面：守核心产品/版本/交易意图，避免被大量长尾信息稀释。,KEEP_OR_REFRESH
/,CORE,P0,EXISTING,HOME,,Seedance AI Video Generator | Seadance Video,Seedance AI Video Generator,2,PRIMARY,seedance ai,seedance ai,CANONICAL,53030,61441,75,KEEP_P0,HAS_VOLUME,Homepage / Generic Seedance,核心页面：守核心产品/版本/交易意图，避免被大量长尾信息稀释。,KEEP_OR_REFRESH
/,CORE,P0,EXISTING,HOME,,Seedance AI Video Generator | Seadance Video,Seedance AI Video Generator,3,PRIMARY,seedance 2,seedance 2,CANONICAL,52440,96898,61,KEEP_P0,HAS_VOLUME,Homepage / Generic Seedance,核心页面：守核心产品/版本/交易意图，避免被大量长尾信息稀释。,KEEP_OR_REFRESH
/,CORE,P0,EXISTING,HOME,,Seedance AI Video Generator | Seadance Video,Seedance AI Video Generator,4,TYPO_SUPPORT,seeddance,seedance,TYPO,48930,38089,51,KEEP_P0,HAS_VOLUME,Homepage / Generic Seedance,核心页面：守核心产品/版本/交易意图，避免被大量长尾信息稀释。,KEEP_OR_REFRESH
/,CORE,P0,EXISTING,HOME,,Seedance AI Video Generator | Seadance Video,Seedance AI Video Generator,5,TYPO_SUPPORT,seadance,seedance,TYPO_BRAND_OVERLAP,47200,26034,66,KEEP_P0,HAS_VOLUME,Homepage / Generic Seedance,核心页面：守核心产品/版本/交易意图，避免被大量长尾信息稀释。,KEEP_OR_REFRESH
/,CORE,P0,EXISTING,HOME,,Seedance AI Video Generator | Seadance Video,Seedance AI Video Generator,6,TYPO_SUPPORT,sedance,seedance,TYPO,41310,13682,52,KEEP_P0,HAS_VOLUME,Homepage / Generic Seedance,核心页面：守核心产品/版本/交易意图，避免被大量长尾信息稀释。,KEEP_OR_REFRESH
/,CORE,P0,EXISTING,HOME,,Seedance AI Video Generator | Seadance Video,Seedance AI Video Generator,7,TYPO_SUPPORT,seed dance,seedance,TYPO,18290,11201,51,KEEP_P0,HAS_VOLUME,Homepage / Generic Seedance,核心页面：守核心产品/版本/交易意图，避免被大量长尾信息稀释。,KEEP_OR_REFRESH
/,CORE,P0,EXISTING,HOME,,Seedance AI Video Generator | Seadance Video,Seedance AI Video Generator,8,PRIMARY,seedance logo,seedance logo,CANONICAL,16050,5496,45,KEEP_P0,HAS_VOLUME,Homepage / Generic Seedance,核心页面：守核心产品/版本/交易意图，避免被大量长尾信息稀释。,KEEP_OR_REFRESH
/,CORE,P0,EXISTING,HOME,,Seedance AI Video Generator | Seadance Video,Seedance AI Video Generator,9,TYPO_SUPPORT,seedence,seedance,TYPO,12300,6513,50,KEEP_P0,HAS_VOLUME,Homepage / Generic Seedance,核心页面：守核心产品/版本/交易意图，避免被大量长尾信息稀释。,KEEP_OR_REFRESH
/,CORE,P0,EXISTING,HOME,,Seedance AI Video Generator | Seadance Video,Seedance AI Video Generator,10,SECONDARY,seedance2,seedance2,CANONICAL,11880,30705,72,KEEP_P0,HAS_VOLUME,Other / Contextual,核心页面：守核心产品/版本/交易意图，避免被大量长尾信息稀释。,KEEP_OR_REFRESH
/,CORE,P0,EXISTING,HOME,,Seedance AI Video Generator | Seadance Video,Seedance AI Video Generator,11,SECONDARY,seedance official website,seedance official website,CANONICAL,8550,3958,49,KEEP_P0,HAS_VOLUME,Homepage / Generic Seedance,核心页面：守核心产品/版本/交易意图，避免被大量长尾信息稀释。,KEEP_OR_REFRESH
/,CORE,P0,EXISTING,HOME,,Seedance AI Video Generator | Seadance Video,Seedance AI Video Generator,12,SECONDARY,bytedance seedance,bytedance seedance,CANONICAL,7930,7415,44,KEEP_P0,HAS_VOLUME,Homepage / Generic Seedance,核心页面：守核心产品/版本/交易意图，避免被大量长尾信息稀释。,KEEP_OR_REFRESH
/,CORE,P0,EXISTING,HOME,,Seedance AI Video Generator | Seadance Video,Seedance AI Video Generator,13,SECONDARY,seedance video generator,seedance video generator,CANONICAL,5920,3187,51,KEEP_P0,HAS_VOLUME,Homepage / Generic Seedance,核心页面：守核心产品/版本/交易意图，避免被大量长尾信息稀释。,KEEP_OR_REFRESH
/,CORE,P0,EXISTING,HOME,,Seedance AI Video Generator | Seadance Video,Seedance AI Video Generator,14,SECONDARY,seedance ai video generator,seedance ai video generator,CANONICAL,5400,1522,38,KEEP_P0,HAS_VOLUME,Homepage / Generic Seedance,核心页面：守核心产品/版本/交易意图，避免被大量长尾信息稀释。,KEEP_OR_REFRESH
/,CORE,P0,EXISTING,HOME,,Seedance AI Video Generator | Seadance Video,Seedance AI Video Generator,15,TYPO_SUPPORT,sea dance,seedance,TYPO,4770,3430,59,KEEP_P0,HAS_VOLUME,Homepage / Generic Seedance,核心页面：守核心产品/版本/交易意图，避免被大量长尾信息稀释。,KEEP_OR_REFRESH
/,CORE,P0,EXISTING,HOME,,Seedance AI Video Generator | Seadance Video,Seedance AI Video Generator,16,SECONDARY,seedance 官网,seedance 官网,CANONICAL,4600,3364,40,KEEP_P0,HAS_VOLUME,Homepage / Generic Seedance,核心页面：守核心产品/版本/交易意图，避免被大量长尾信息稀释。,KEEP_OR_REFRESH
/,CORE,P0,EXISTING,HOME,,Seedance AI Video Generator | Seadance Video,Seedance AI Video Generator,17,TYPO_SUPPORT,seednace,seedance,TYPO,4230,2058,76,KEEP_P0,HAS_VOLUME,Homepage / Generic Seedance,核心页面：守核心产品/版本/交易意图，避免被大量长尾信息稀释。,KEEP_OR_REFRESH
/,CORE,P0,EXISTING,HOME,,Seedance AI Video Generator | Seadance Video,Seedance AI Video Generator,18,SECONDARY,seedance 2.,seedance 2.,CANONICAL,3980,1938,83,KEEP_P0,HAS_VOLUME,Homepage / Generic Seedance,核心页面：守核心产品/版本/交易意图，避免被大量长尾信息稀释。,KEEP_OR_REFRESH
/,CORE,P0,EXISTING,HOME,,Seedance AI Video Generator | Seadance Video,Seedance AI Video Generator,19,SECONDARY,ai seedance,ai seedance,CANONICAL,3930,1856,66,KEEP_P0,HAS_VOLUME,Homepage / Generic Seedance,核心页面：守核心产品/版本/交易意图，避免被大量长尾信息稀释。,KEEP_OR_REFRESH
/,CORE,P0,EXISTING,HOME,,Seedance AI Video Generator | Seadance Video,Seedance AI Video Generator,20,SECONDARY,seedance video,seedance video,CANONICAL,3300,3219,65,KEEP_P0,HAS_VOLUME,Homepage / Generic Seedance,核心页面：守核心产品/版本/交易意图，避免被大量长尾信息稀释。,KEEP_OR_REFRESH
/,CORE,P0,EXISTING,HOME,,Seedance AI Video Generator | Seadance Video,Seedance AI Video Generator,21,SECONDARY,seedance bytedance,seedance bytedance,CANONICAL,3290,3877,48,KEEP_P0,HAS_VOLUME,Homepage / Generic Seedance,核心页面：守核心产品/版本/交易意图，避免被大量长尾信息稀释。,KEEP_OR_REFRESH
/,CORE,P0,EXISTING,HOME,,Seedance AI Video Generator | Seadance Video,Seedance AI Video Generator,22,SECONDARY,seedance icon,seedance icon,CANONICAL,3270,373,--,KEEP_P0,HAS_VOLUME,Homepage / Generic Seedance,核心页面：守核心产品/版本/交易意图，避免被大量长尾信息稀释。,KEEP_OR_REFRESH
/,CORE,P0,EXISTING,HOME,,Seedance AI Video Generator | Seadance Video,Seedance AI Video Generator,23,SECONDARY,seedance 中文,seedance 中文,CANONICAL,2850,1148,67,KEEP_P0,HAS_VOLUME,Homepage / Generic Seedance,核心页面：守核心产品/版本/交易意图，避免被大量长尾信息稀释。,KEEP_OR_REFRESH
/,CORE,P0,EXISTING,HOME,,Seedance AI Video Generator | Seadance Video,Seedance AI Video Generator,24,TYPO_SUPPORT,sedance ai,seedance ai,TYPO,2800,1413,68,KEEP_P0,HAS_VOLUME,Homepage / Generic Seedance,核心页面：守核心产品/版本/交易意图，避免被大量长尾信息稀释。,KEEP_OR_REFRESH
/,CORE,P0,EXISTING,HOME,,Seedance AI Video Generator | Seadance Video,Seedance AI Video Generator,25,SECONDARY,seedance ia,seedance ia,CANONICAL,2770,1856,66,KEEP_P0,HAS_VOLUME,Homepage / Generic Seedance,核心页面：守核心产品/版本/交易意图，避免被大量长尾信息稀释。,KEEP_OR_REFRESH
/,CORE,P0,EXISTING,HOME,,Seedance AI Video Generator | Seadance Video,Seedance AI Video Generator,26,SECONDARY,logo seedance,logo seedance,CANONICAL,2510,427,68,KEEP_P0,HAS_VOLUME,Homepage / Generic Seedance,核心页面：守核心产品/版本/交易意图，避免被大量长尾信息稀释。,KEEP_OR_REFRESH
/,CORE,P0,EXISTING,HOME,,Seedance AI Video Generator | Seadance Video,Seedance AI Video Generator,27,SECONDARY,dola seedance,dola seedance,CANONICAL,2370,133,82,KEEP_P0,HAS_VOLUME,Homepage / Generic Seedance,核心页面：守核心产品/版本/交易意图，避免被大量长尾信息稀释。,KEEP_OR_REFRESH
/,CORE,P0,EXISTING,HOME,,Seedance AI Video Generator | Seadance Video,Seedance AI Video Generator,28,SECONDARY,seedance 2 mini,seedance 2 mini,CANONICAL,2300,1031,30,KEEP_P0,HAS_VOLUME,Homepage / Generic Seedance,核心页面：守核心产品/版本/交易意图，避免被大量长尾信息稀释。,KEEP_OR_REFRESH
/,CORE,P0,EXISTING,HOME,,Seedance AI Video Generator | Seadance Video,Seedance AI Video Generator,29,SECONDARY,seedance logo png,seedance logo png,CANONICAL,2270,814,40,KEEP_P0,HAS_VOLUME,Homepage / Generic Seedance,核心页面：守核心产品/版本/交易意图，避免被大量长尾信息稀释。,KEEP_OR_REFRESH
/,CORE,P0,EXISTING,HOME,,Seedance AI Video Generator | Seadance Video,Seedance AI Video Generator,30,SECONDARY,seedance videos disney,seedance videos disney,CANONICAL,2230,75,--,KEEP_P0,HAS_VOLUME,Homepage / Generic Seedance,核心页面：守核心产品/版本/交易意图，避免被大量长尾信息稀释。,KEEP_OR_REFRESH
/,CORE,P0,EXISTING,HOME,,Seedance AI Video Generator | Seadance Video,Seedance AI Video Generator,31,SECONDARY,lumina seedance,lumina seedance,CANONICAL,2190,212,66,KEEP_P0,HAS_VOLUME,Homepage / Generic Seedance,核心页面：守核心产品/版本/交易意图，避免被大量长尾信息稀释。,KEEP_OR_REFRESH
/,CORE,P0,EXISTING,HOME,,Seedance AI Video Generator | Seadance Video,Seedance AI Video Generator,32,TYPO_SUPPORT,seadance 2,seedance 2,TYPO_BRAND_OVERLAP,2150,1909,52,KEEP_P0,HAS_VOLUME,Homepage / Generic Seedance,核心页面：守核心产品/版本/交易意图，避免被大量长尾信息稀释。,KEEP_OR_REFRESH
/,CORE,P0,EXISTING,HOME,,Seedance AI Video Generator | Seadance Video,Seedance AI Video Generator,33,SECONDARY,seedance tiktok,seedance tiktok,CANONICAL,2070,383,7,KEEP_P0,HAS_VOLUME,Homepage / Generic Seedance,核心页面：守核心产品/版本/交易意图，避免被大量长尾信息稀释。,KEEP_OR_REFRESH
/,CORE,P0,EXISTING,HOME,,Seedance AI Video Generator | Seadance Video,Seedance AI Video Generator,34,SECONDARY,seedance ai video,seedance ai video,CANONICAL,2010,1174,66,KEEP_P0,HAS_VOLUME,Homepage / Generic Seedance,核心页面：守核心产品/版本/交易意图，避免被大量长尾信息稀释。,KEEP_OR_REFRESH
/,CORE,P0,EXISTING,HOME,,Seedance AI Video Generator | Seadance Video,Seedance AI Video Generator,35,SECONDARY,is seedance good for images?,is seedance good for images?,CANONICAL,2010,0,--,KEEP_P0,HAS_VOLUME,Homepage / Generic Seedance,核心页面：守核心产品/版本/交易意图，避免被大量长尾信息稀释。,KEEP_OR_REFRESH
/,CORE,P0,EXISTING,HOME,,Seedance AI Video Generator | Seadance Video,Seedance AI Video Generator,36,TYPO_SUPPORT,seadance ai,seedance ai,TYPO_BRAND_OVERLAP,1970,2273,73,KEEP_P0,HAS_VOLUME,Homepage / Generic Seedance,核心页面：守核心产品/版本/交易意图，避免被大量长尾信息稀释。,KEEP_OR_REFRESH
/,CORE,P0,EXISTING,HOME,,Seedance AI Video Generator | Seadance Video,Seedance AI Video Generator,37,SECONDARY,seedance new model,seedance new model,CANONICAL,1940,335,--,KEEP_P0,HAS_VOLUME,Homepage / Generic Seedance,核心页面：守核心产品/版本/交易意图，避免被大量长尾信息稀释。,KEEP_OR_REFRESH
/,CORE,P0,EXISTING,HOME,,Seedance AI Video Generator | Seadance Video,Seedance AI Video Generator,38,SECONDARY,bybite seedance,bybite seedance,CANONICAL,1820,0,--,KEEP_P0,HAS_VOLUME,Homepage / Generic Seedance,核心页面：守核心产品/版本/交易意图，避免被大量长尾信息稀释。,KEEP_OR_REFRESH
/,CORE,P0,EXISTING,HOME,,Seedance AI Video Generator | Seadance Video,Seedance AI Video Generator,39,SECONDARY,seedance xvideo,seedance xvideo,CANONICAL,1780,20,--,KEEP_P0,HAS_VOLUME,Homepage / Generic Seedance,核心页面：守核心产品/版本/交易意图，避免被大量长尾信息稀释。,KEEP_OR_REFRESH
/,CORE,P0,EXISTING,HOME,,Seedance AI Video Generator | Seadance Video,Seedance AI Video Generator,40,TYPO_SUPPORT,seeddance 2,seedance 2,TYPO,1770,2366,61,KEEP_P0,HAS_VOLUME,Homepage / Generic Seedance,核心页面：守核心产品/版本/交易意图，避免被大量长尾信息稀释。,KEEP_OR_REFRESH
/,CORE,P0,EXISTING,HOME,,Seedance AI Video Generator | Seadance Video,Seedance AI Video Generator,41,SECONDARY,seedance latest version,seedance latest version,CANONICAL,1740,812,69,KEEP_P0,HAS_VOLUME,Homepage / Generic Seedance,核心页面：守核心产品/版本/交易意图，避免被大量长尾信息稀释。,KEEP_OR_REFRESH
/,CORE,P0,EXISTING,HOME,,Seedance AI Video Generator | Seadance Video,Seedance AI Video Generator,42,SECONDARY,seedance animation,seedance animation,CANONICAL,1700,207,--,KEEP_P0,HAS_VOLUME,Homepage / Generic Seedance,核心页面：守核心产品/版本/交易意图，避免被大量长尾信息稀释。,KEEP_OR_REFRESH
/,CORE,P0,EXISTING,HOME,,Seedance AI Video Generator | Seadance Video,Seedance AI Video Generator,43,SECONDARY,seedance-2-5,seedance-2-5,CANONICAL,1700,29,--,KEEP_P0,HAS_VOLUME,Homepage / Generic Seedance,核心页面：守核心产品/版本/交易意图，避免被大量长尾信息稀释。,KEEP_OR_REFRESH
/,CORE,P0,EXISTING,HOME,,Seedance AI Video Generator | Seadance Video,Seedance AI Video Generator,44,SECONDARY,seedance 4k,seedance 4k,CANONICAL,1690,1277,67,KEEP_P0,HAS_VOLUME,Homepage / Generic Seedance,核心页面：守核心产品/版本/交易意图，避免被大量长尾信息稀释。,KEEP_OR_REFRESH
/,CORE,P0,EXISTING,HOME,,Seedance AI Video Generator | Seadance Video,Seedance AI Video Generator,45,SECONDARY,seedance videos,seedance videos,CANONICAL,1690,1245,37,KEEP_P0,HAS_VOLUME,Homepage / Generic Seedance,核心页面：守核心产品/版本/交易意图，避免被大量长尾信息稀释。,KEEP_OR_REFRESH
/,CORE,P0,EXISTING,HOME,,Seedance AI Video Generator | Seadance Video,Seedance AI Video Generator,46,SECONDARY,seedance video ai,seedance video ai,CANONICAL,1690,478,61,KEEP_P0,HAS_VOLUME,Homepage / Generic Seedance,核心页面：守核心产品/版本/交易意图，避免被大量长尾信息稀释。,KEEP_OR_REFRESH
/,CORE,P0,EXISTING,HOME,,Seedance AI Video Generator | Seadance Video,Seedance AI Video Generator,47,SECONDARY,how expensive is seedance,how expensive is seedance,CANONICAL,1670,10,--,KEEP_P0,HAS_VOLUME,Homepage / Generic Seedance,核心页面：守核心产品/版本/交易意图，避免被大量长尾信息稀释。,KEEP_OR_REFRESH
/,CORE,P0,EXISTING,HOME,,Seedance AI Video Generator | Seadance Video,Seedance AI Video Generator,48,SECONDARY,seedance ilimitado,seedance ilimitado,CANONICAL,1620,244,21,KEEP_P0,HAS_VOLUME,Homepage / Generic Seedance,核心页面：守核心产品/版本/交易意图，避免被大量长尾信息稀释。,KEEP_OR_REFRESH
/,CORE,P0,EXISTING,HOME,,Seedance AI Video Generator | Seadance Video,Seedance AI Video Generator,49,SECONDARY,seedance videos et,seedance videos et,CANONICAL,1590,75,--,KEEP_P0,HAS_VOLUME,Homepage / Generic Seedance,核心页面：守核心产品/版本/交易意图，避免被大量长尾信息稀释。,KEEP_OR_REFRESH
/,CORE,P0,EXISTING,HOME,,Seedance AI Video Generator | Seadance Video,Seedance AI Video Generator,50,SECONDARY,seedance wiki,seedance wiki,CANONICAL,1580,1326,45,KEEP_P0,HAS_VOLUME,Homepage / Generic Seedance,核心页面：守核心产品/版本/交易意图，避免被大量长尾信息稀释。,KEEP_OR_REFRESH
/,CORE,P0,EXISTING,HOME,,Seedance AI Video Generator | Seadance Video,Seedance AI Video Generator,51,SECONDARY,seedance image generator,seedance image generator,CANONICAL,1580,1115,58,KEEP_P0,HAS_VOLUME,Homepage / Generic Seedance,核心页面：守核心产品/版本/交易意图，避免被大量长尾信息稀释。,KEEP_OR_REFRESH
/,CORE,P0,EXISTING,HOME,,Seedance AI Video Generator | Seadance Video,Seedance AI Video Generator,52,SECONDARY,seedance hangi ülkenin,seedance hangi ülkenin,CANONICAL,1570,0,--,KEEP_P0,HAS_VOLUME,Homepage / Generic Seedance,核心页面：守核心产品/版本/交易意图，避免被大量长尾信息稀释。,KEEP_OR_REFRESH
/,CORE,P0,EXISTING,HOME,,Seedance AI Video Generator | Seadance Video,Seedance AI Video Generator,53,SECONDARY,why is seedance so expensive,why is seedance so expensive,CANONICAL,1550,46,--,KEEP_P0,HAS_VOLUME,Homepage / Generic Seedance,核心页面：守核心产品/版本/交易意图，避免被大量长尾信息稀释。,KEEP_OR_REFRESH
/,CORE,P0,EXISTING,HOME,,Seedance AI Video Generator | Seadance Video,Seedance AI Video Generator,54,SECONDARY,whats next in seedance beyond 2.5,whats next in seedance beyond 2.5,CANONICAL,1540,0,--,KEEP_P0,HAS_VOLUME,Homepage / Generic Seedance,核心页面：守核心产品/版本/交易意图，避免被大量长尾信息稀释。,KEEP_OR_REFRESH
/,CORE,P0,EXISTING,HOME,,Seedance AI Video Generator | Seadance Video,Seedance AI Video Generator,55,SECONDARY,seedance.2.5,seedance.2.5,CANONICAL,1520,0,--,KEEP_P0,HAS_VOLUME,Homepage / Generic Seedance,核心页面：守核心产品/版本/交易意图，避免被大量长尾信息稀释。,KEEP_OR_REFRESH
/,CORE,P0,EXISTING,HOME,,Seedance AI Video Generator | Seadance Video,Seedance AI Video Generator,56,SECONDARY,seedance ai 2.0,seedance ai 2.0,CANONICAL,1510,2122,68,KEEP_P0,HAS_VOLUME,Homepage / Generic Seedance,核心页面：守核心产品/版本/交易意图，避免被大量长尾信息稀释。,KEEP_OR_REFRESH
/,CORE,P0,EXISTING,HOME,,Seedance AI Video Generator | Seadance Video,Seedance AI Video Generator,57,SECONDARY,bytedance and seedance,bytedance and seedance,CANONICAL,1510,0,--,KEEP_P0,HAS_VOLUME,Homepage / Generic Seedance,核心页面：守核心产品/版本/交易意图，避免被大量长尾信息稀释。,KEEP_OR_REFRESH
/,CORE,P0,EXISTING,HOME,,Seedance AI Video Generator | Seadance Video,Seedance AI Video Generator,58,SECONDARY,cap flying with mjolnir seedance,cap flying with mjolnir seedance,CANONICAL,1500,0,--,KEEP_P0,HAS_VOLUME,Homepage / Generic Seedance,核心页面：守核心产品/版本/交易意图，避免被大量长尾信息稀释。,KEEP_OR_REFRESH
/,CORE,P0,EXISTING,HOME,,Seedance AI Video Generator | Seadance Video,Seedance AI Video Generator,59,SECONDARY,infinity war opening battle seedance,infinity war opening battle seedance,CANONICAL,1500,0,--,KEEP_P0,HAS_VOLUME,Homepage / Generic Seedance,核心页面：守核心产品/版本/交易意图，避免被大量长尾信息稀释。,KEEP_OR_REFRESH
/,CORE,P0,EXISTING,HOME,,Seedance AI Video Generator | Seadance Video,Seedance AI Video Generator,60,SECONDARY,"seedance killer""minimax","seedance killer""minimax",CANONICAL,1500,0,--,KEEP_P0,HAS_VOLUME,Homepage / Generic Seedance,核心页面：守核心产品/版本/交易意图，避免被大量长尾信息稀释。,KEEP_OR_REFRESH
/,CORE,P0,EXISTING,HOME,,Seedance AI Video Generator | Seadance Video,Seedance AI Video Generator,61,TYPO_SUPPORT,seed dance 2,seedance 2,TYPO,0,832,--,KEEP_P0,ZERO_VOLUME_RELEVANT,Homepage / Generic Seedance,核心页面：守核心产品/版本/交易意图，避免被大量长尾信息稀释。,KEEP_OR_REFRESH
/,CORE,P0,EXISTING,HOME,,Seedance AI Video Generator | Seadance Video,Seedance AI Video Generator,62,ZERO_VOLUME_SUPPORT,seedance 2 official website,seedance 2 official website,CANONICAL,0,435,--,KEEP_P0,ZERO_VOLUME_RELEVANT,Homepage / Generic Seedance,核心页面：守核心产品/版本/交易意图，避免被大量长尾信息稀释。,KEEP_OR_REFRESH
/,CORE,P0,EXISTING,HOME,,Seedance AI Video Generator | Seadance Video,Seedance AI Video Generator,63,TYPO_SUPPORT,seed dance video generator,seedance video generator,TYPO,0,272,84,KEEP_P0,ZERO_VOLUME_RELEVANT,Homepage / Generic Seedance,核心页面：守核心产品/版本/交易意图，避免被大量长尾信息稀释。,KEEP_OR_REFRESH
/,CORE,P0,EXISTING,HOME,,Seedance AI Video Generator | Seadance Video,Seedance AI Video Generator,64,ZERO_VOLUME_SUPPORT,seedance video generation,seedance video generation,CANONICAL,0,248,78,KEEP_P0,ZERO_VOLUME_RELEVANT,Homepage / Generic Seedance,核心页面：守核心产品/版本/交易意图，避免被大量长尾信息稀释。,KEEP_OR_REFRESH
/,CORE,P0,EXISTING,HOME,,Seedance AI Video Generator | Seadance Video,Seedance AI Video Generator,65,ZERO_VOLUME_SUPPORT,seedance ai bytedance,seedance ai bytedance,CANONICAL,0,194,--,KEEP_P0,ZERO_VOLUME_RELEVANT,Homepage / Generic Seedance,核心页面：守核心产品/版本/交易意图，避免被大量长尾信息稀释。,KEEP_OR_REFRESH
/,CORE,P0,EXISTING,HOME,,Seedance AI Video Generator | Seadance Video,Seedance AI Video Generator,66,ZERO_VOLUME_SUPPORT,new seedance model,new seedance model,CANONICAL,0,156,68,KEEP_P0,ZERO_VOLUME_RELEVANT,Homepage / Generic Seedance,核心页面：守核心产品/版本/交易意图，避免被大量长尾信息稀释。,KEEP_OR_REFRESH
/,CORE,P0,EXISTING,HOME,,Seedance AI Video Generator | Seadance Video,Seedance AI Video Generator,67,ZERO_VOLUME_SUPPORT,bytedance seedance video,bytedance seedance video,CANONICAL,0,115,37,KEEP_P0,ZERO_VOLUME_RELEVANT,Homepage / Generic Seedance,核心页面：守核心产品/版本/交易意图，避免被大量长尾信息稀释。,KEEP_OR_REFRESH
/,CORE,P0,EXISTING,HOME,,Seedance AI Video Generator | Seadance Video,Seedance AI Video Generator,68,ZERO_VOLUME_SUPPORT,"que modelo es mas permisio, seedance o hailuo","que modelo es mas permisio, seedance o hailuo",CANONICAL,0,114,--,KEEP_P1,ZERO_VOLUME_RELEVANT,Homepage / Generic Seedance,核心页面：守核心产品/版本/交易意图，避免被大量长尾信息稀释。,KEEP_OR_REFRESH
/,CORE,P0,EXISTING,HOME,,Seedance AI Video Generator | Seadance Video,Seedance AI Video Generator,69,ZERO_VOLUME_SUPPORT,seedance 2 bytedance,seedance 2 bytedance,CANONICAL,0,113,--,KEEP_P0,ZERO_VOLUME_RELEVANT,Homepage / Generic Seedance,核心页面：守核心产品/版本/交易意图，避免被大量长尾信息稀释。,KEEP_OR_REFRESH
/,CORE,P0,EXISTING,HOME,,Seedance AI Video Generator | Seadance Video,Seedance AI Video Generator,70,ZERO_VOLUME_SUPPORT,seedance or veo,seedance or veo,CANONICAL,0,112,5,KEEP_P1,ZERO_VOLUME_RELEVANT,Homepage / Generic Seedance,核心页面：守核心产品/版本/交易意图，避免被大量长尾信息稀释。,KEEP_OR_REFRESH
/,CORE,P0,EXISTING,HOME,,Seedance AI Video Generator | Seadance Video,Seedance AI Video Generator,71,ZERO_VOLUME_SUPPORT,seedance (bytedance),seedance (bytedance),CANONICAL,0,108,--,KEEP_P0,ZERO_VOLUME_RELEVANT,Homepage / Generic Seedance,核心页面：守核心产品/版本/交易意图，避免被大量长尾信息稀释。,KEEP_OR_REFRESH
/,CORE,P0,EXISTING,HOME,,Seedance AI Video Generator | Seadance Video,Seedance AI Video Generator,72,TYPO_SUPPORT,is sea dance going to come out with better tech,is seedance going to come out with better tech,TYPO,0,106,26,KEEP_P1,ZERO_VOLUME_RELEVANT,Homepage / Generic Seedance,核心页面：守核心产品/版本/交易意图，避免被大量长尾信息稀释。,KEEP_OR_REFRESH
/,CORE,P0,EXISTING,HOME,,Seedance AI Video Generator | Seadance Video,Seedance AI Video Generator,73,ZERO_VOLUME_SUPPORT,seedance 2 sama veo omni flash lebih mahal mana,seedance 2 sama veo omni flash lebih mahal mana,CANONICAL,0,95,--,KEEP_P2,ZERO_VOLUME_RELEVANT,Homepage / Generic Seedance,核心页面：守核心产品/版本/交易意图，避免被大量长尾信息稀释。,KEEP_OR_REFRESH
/,CORE,P0,EXISTING,HOME,,Seedance AI Video Generator | Seadance Video,Seedance AI Video Generator,74,ZERO_VOLUME_SUPPORT,what is credit in seedance,what is credit in seedance,CANONICAL,0,88,14,KEEP_P2,ZERO_VOLUME_RELEVANT,Homepage / Generic Seedance,核心页面：守核心产品/版本/交易意图，避免被大量长尾信息稀释。,KEEP_OR_REFRESH
/,CORE,P0,EXISTING,HOME,,Seedance AI Video Generator | Seadance Video,Seedance AI Video Generator,75,ZERO_VOLUME_SUPPORT,how does credit in seedance work,how does credit in seedance work,CANONICAL,0,86,8,KEEP_P2,ZERO_VOLUME_RELEVANT,Homepage / Generic Seedance,核心页面：守核心产品/版本/交易意图，避免被大量长尾信息稀释。,KEEP_OR_REFRESH
/,CORE,P0,EXISTING,HOME,,Seedance AI Video Generator | Seadance Video,Seedance AI Video Generator,76,ZERO_VOLUME_SUPPORT,image to video ai seedance,image to video ai seedance,CANONICAL,0,86,--,KEEP_P0,ZERO_VOLUME_RELEVANT,Homepage / Generic Seedance,核心页面：守核心产品/版本/交易意图，避免被大量长尾信息稀释。,KEEP_OR_REFRESH
/,CORE,P0,EXISTING,HOME,,Seedance AI Video Generator | Seadance Video,Seedance AI Video Generator,77,ZERO_VOLUME_SUPPORT,seedance seet character reference,seedance seet character reference,CANONICAL,0,84,--,KEEP_P2,ZERO_VOLUME_RELEVANT,Homepage / Generic Seedance,核心页面：守核心产品/版本/交易意图，避免被大量长尾信息稀释。,KEEP_OR_REFRESH
/,CORE,P0,EXISTING,HOME,,Seedance AI Video Generator | Seadance Video,Seedance AI Video Generator,78,ZERO_VOLUME_SUPPORT,does pixverse support seedance,does pixverse support seedance,CANONICAL,0,81,57,KEEP_P2,ZERO_VOLUME_RELEVANT,Homepage / Generic Seedance,核心页面：守核心产品/版本/交易意图，避免被大量长尾信息稀释。,KEEP_OR_REFRESH
/,CORE,P0,EXISTING,HOME,,Seedance AI Video Generator | Seadance Video,Seedance AI Video Generator,79,ZERO_VOLUME_SUPPORT,apa bedanya seedream dan seedance,apa bedanya seedream dan seedance,CANONICAL,0,79,--,KEEP_P2,ZERO_VOLUME_RELEVANT,Homepage / Generic Seedance,核心页面：守核心产品/版本/交易意图，避免被大量长尾信息稀释。,KEEP_OR_REFRESH
/,CORE,P0,EXISTING,HOME,,Seedance AI Video Generator | Seadance Video,Seedance AI Video Generator,80,ZERO_VOLUME_SUPPORT,lovart seedance,lovart seedance,CANONICAL,0,79,--,KEEP_P2,ZERO_VOLUME_RELEVANT,Homepage / Generic Seedance,核心页面：守核心产品/版本/交易意图，避免被大量长尾信息稀释。,KEEP_OR_REFRESH
/,CORE,P0,EXISTING,HOME,,Seedance AI Video Generator | Seadance Video,Seedance AI Video Generator,81,ZERO_VOLUME_SUPPORT,"sora,seedance mini","sora,seedance mini",CANONICAL,0,79,35,KEEP_P2,ZERO_VOLUME_RELEVANT,Homepage / Generic Seedance,核心页面：守核心产品/版本/交易意图，避免被大量长尾信息稀释。,KEEP_OR_REFRESH
/,CORE,P0,EXISTING,HOME,,Seedance AI Video Generator | Seadance Video,Seedance AI Video Generator,82,ZERO_VOLUME_SUPPORT,seedance dance video,seedance dance video,CANONICAL,0,78,39,KEEP_P0,ZERO_VOLUME_RELEVANT,Homepage / Generic Seedance,核心页面：守核心产品/版本/交易意图，避免被大量长尾信息稀释。,KEEP_OR_REFRESH
/,CORE,P0,EXISTING,HOME,,Seedance AI Video Generator | Seadance Video,Seedance AI Video Generator,83,ZERO_VOLUME_SUPPORT,seedance video privcing,seedance video privcing,CANONICAL,0,77,29,KEEP_P0,ZERO_VOLUME_RELEVANT,Homepage / Generic Seedance,核心页面：守核心产品/版本/交易意图，避免被大量长尾信息稀释。,KEEP_OR_REFRESH
/,CORE,P0,EXISTING,HOME,,Seedance AI Video Generator | Seadance Video,Seedance AI Video Generator,84,ZERO_VOLUME_SUPPORT,gpt image 2 storyboard to video seedance,gpt image 2 storyboard to video seedance,CANONICAL,0,76,--,KEEP_P0,ZERO_VOLUME_RELEVANT,Homepage / Generic Seedance,核心页面：守核心产品/版本/交易意图，避免被大量长尾信息稀释。,KEEP_OR_REFRESH
/,CORE,P0,EXISTING,HOME,,Seedance AI Video Generator | Seadance Video,Seedance AI Video Generator,85,ZERO_VOLUME_SUPPORT,bytedance owner of tiktok and also of seedance :=,bytedance owner of tiktok and also of seedance :=,CANONICAL,0,75,53,KEEP_P0,ZERO_VOLUME_RELEVANT,Homepage / Generic Seedance,核心页面：守核心产品/版本/交易意图，避免被大量长尾信息稀释。,KEEP_OR_REFRESH
/,CORE,P0,EXISTING,HOME,,Seedance AI Video Generator | Seadance Video,Seedance AI Video Generator,86,TYPO_SUPPORT,seedence 2,seedance 2,TYPO,1490,551,73,KEEP_P0,HAS_VOLUME,Homepage / Generic Seedance,核心页面：守核心产品/版本/交易意图，避免被大量长尾信息稀释。,KEEP_OR_REFRESH
/,CORE,P0,EXISTING,HOME,,Seedance AI Video Generator | Seadance Video,Seedance AI Video Generator,87,TYPO_SUPPORT,sedance 2,seedance 2,TYPO,1440,1191,63,KEEP_P0,HAS_VOLUME,Homepage / Generic Seedance,核心页面：守核心产品/版本/交易意图，避免被大量长尾信息稀释。,KEEP_OR_REFRESH
/,CORE,P0,EXISTING,HOME,,Seedance AI Video Generator | Seadance Video,Seedance AI Video Generator,88,TYPO_SUPPORT,seedence ai,seedance ai,TYPO,1330,347,--,KEEP_P0,HAS_VOLUME,Homepage / Generic Seedance,核心页面：守核心产品/版本/交易意图，避免被大量长尾信息稀释。,KEEP_OR_REFRESH
/,CORE,P0,EXISTING,HOME,,Seedance AI Video Generator | Seadance Video,Seedance AI Video Generator,89,TYPO_SUPPORT,seadance image editor,seedance image editor,TYPO_BRAND_OVERLAP,1190,0,--,KEEP_P0,HAS_VOLUME,Homepage / Generic Seedance,核心页面：守核心产品/版本/交易意图，避免被大量长尾信息稀释。,KEEP_OR_REFRESH
/blog/seedance-2-5-1080p-guide,BLOG,P0,EXISTING_REFRESH,GUIDE,/seedance-2-5,"Seedance 2.5 1080p Guide: Resolution, Output & Quality Checks",Seedance 2.5 1080p Guide,1,PRIMARY,seedance 2.5 1080p,seedance 2.5 1080p,CANONICAL,3200,0,--,KEEP_P0,HAS_VOLUME,2.5 Resolution / Specs,Blog：用于时效性、观点/Review、实验性新主题或适合文章表达的教程；不要写成低质批量水文。,KEEP_OR_REFRESH
/blog/seedance-2-5-1080p-guide,BLOG,P0,EXISTING_REFRESH,GUIDE,/seedance-2-5,"Seedance 2.5 1080p Guide: Resolution, Output & Quality Checks",Seedance 2.5 1080p Guide,2,PRIMARY,seedance 2.5 4k,seedance 2.5 4k,CANONICAL,2710,61,--,KEEP_P2,HAS_VOLUME,2.5 Resolution / Specs,Blog：用于时效性、观点/Review、实验性新主题或适合文章表达的教程；不要写成低质批量水文。,KEEP_OR_REFRESH
/blog/seedance-2-5-1080p-guide,BLOG,P0,EXISTING_REFRESH,GUIDE,/seedance-2-5,"Seedance 2.5 1080p Guide: Resolution, Output & Quality Checks",Seedance 2.5 1080p Guide,3,PRIMARY,seedance 2.5 1080p higgsfield,seedance 2.5 1080p higgsfield,CANONICAL,1260,0,--,KEEP_P0,HAS_VOLUME,Platforms / Providers,Blog：用于时效性、观点/Review、实验性新主题或适合文章表达的教程；不要写成低质批量水文。,KEEP_OR_REFRESH
/blog/seedance-2-5-1080p-guide,BLOG,P0,EXISTING_REFRESH,GUIDE,/seedance-2-5,"Seedance 2.5 1080p Guide: Resolution, Output & Quality Checks",Seedance 2.5 1080p Guide,4,PRIMARY,seedance 2.5 1080,seedance 2.5 1080,CANONICAL,1220,0,--,KEEP_P0,HAS_VOLUME,2.5 Core Hub,Blog：用于时效性、观点/Review、实验性新主题或适合文章表达的教程；不要写成低质批量水文。,KEEP_OR_REFRESH
/blog/seedance-2-5-1080p-guide,BLOG,P0,EXISTING_REFRESH,GUIDE,/seedance-2-5,"Seedance 2.5 1080p Guide: Resolution, Output & Quality Checks",Seedance 2.5 1080p Guide,5,PRIMARY,seedance 2.5 480p,seedance 2.5 480p,CANONICAL,940,16,--,KEEP_P0,HAS_VOLUME,2.5 Resolution / Specs,Blog：用于时效性、观点/Review、实验性新主题或适合文章表达的教程；不要写成低质批量水文。,KEEP_OR_REFRESH
/blog/seedance-2-5-1080p-guide,BLOG,P0,EXISTING_REFRESH,GUIDE,/seedance-2-5,"Seedance 2.5 1080p Guide: Resolution, Output & Quality Checks",Seedance 2.5 1080p Guide,6,PRIMARY,seedance 2.5 480p reddit,seedance 2.5 480p reddit,CANONICAL,940,0,--,KEEP_P0,HAS_VOLUME,2.5 Resolution / Specs,Blog：用于时效性、观点/Review、实验性新主题或适合文章表达的教程；不要写成低质批量水文。,KEEP_OR_REFRESH
/blog/seedance-2-5-1080p-guide,BLOG,P0,EXISTING_REFRESH,GUIDE,/seedance-2-5,"Seedance 2.5 1080p Guide: Resolution, Output & Quality Checks",Seedance 2.5 1080p Guide,7,PRIMARY,seedance 2.5 480p ai to enhanced hd,seedance 2.5 480p ai to enhanced hd,CANONICAL,910,0,--,KEEP_P0,HAS_VOLUME,2.5 Resolution / Specs,Blog：用于时效性、观点/Review、实验性新主题或适合文章表达的教程；不要写成低质批量水文。,KEEP_OR_REFRESH
/blog/seedance-2-5-1080p-guide,BLOG,P0,EXISTING_REFRESH,GUIDE,/seedance-2-5,"Seedance 2.5 1080p Guide: Resolution, Output & Quality Checks",Seedance 2.5 1080p Guide,8,PRIMARY,cost per 1080p video per sec seedance 2.5,cost per 1080p video per sec seedance 2.5,CANONICAL,830,21,--,KEEP_P0,HAS_VOLUME,Pricing / Free / Unlimited,Blog：用于时效性、观点/Review、实验性新主题或适合文章表达的教程；不要写成低质批量水文。,KEEP_OR_REFRESH
/blog/seedance-2-5-1080p-guide,BLOG,P0,EXISTING_REFRESH,GUIDE,/seedance-2-5,"Seedance 2.5 1080p Guide: Resolution, Output & Quality Checks",Seedance 2.5 1080p Guide,9,SECONDARY,seedance 2.5 only in 720p?,seedance 2.5 only in 720p?,CANONICAL,730,0,--,KEEP_P0,HAS_VOLUME,2.5 Resolution / Specs,Blog：用于时效性、观点/Review、实验性新主题或适合文章表达的教程；不要写成低质批量水文。,KEEP_OR_REFRESH
/blog/seedance-2-5-1080p-guide,BLOG,P0,EXISTING_REFRESH,GUIDE,/seedance-2-5,"Seedance 2.5 1080p Guide: Resolution, Output & Quality Checks",Seedance 2.5 1080p Guide,10,SECONDARY,why is seedance 2.5 720p,why is seedance 2.5 720p,CANONICAL,700,0,--,KEEP_P0,HAS_VOLUME,2.5 Resolution / Specs,Blog：用于时效性、观点/Review、实验性新主题或适合文章表达的教程；不要写成低质批量水文。,KEEP_OR_REFRESH
/blog/seedance-2-5-1080p-guide,BLOG,P0,EXISTING_REFRESH,GUIDE,/seedance-2-5,"Seedance 2.5 1080p Guide: Resolution, Output & Quality Checks",Seedance 2.5 1080p Guide,11,SECONDARY,seedance 2.5 1080p resolution,seedance 2.5 1080p resolution,CANONICAL,470,0,--,KEEP_P0,HAS_VOLUME,2.5 Resolution / Specs,Blog：用于时效性、观点/Review、实验性新主题或适合文章表达的教程；不要写成低质批量水文。,KEEP_OR_REFRESH
/blog/seedance-2-5-1080p-guide,BLOG,P0,EXISTING_REFRESH,GUIDE,/seedance-2-5,"Seedance 2.5 1080p Guide: Resolution, Output & Quality Checks",Seedance 2.5 1080p Guide,12,SECONDARY,seedance 2.5 1080p pricing,seedance 2.5 1080p pricing,CANONICAL,330,0,--,KEEP_P0,HAS_VOLUME,Pricing / Free / Unlimited,Blog：用于时效性、观点/Review、实验性新主题或适合文章表达的教程；不要写成低质批量水文。,KEEP_OR_REFRESH
/blog/seedance-2-5-1080p-guide,BLOG,P0,EXISTING_REFRESH,GUIDE,/seedance-2-5,"Seedance 2.5 1080p Guide: Resolution, Output & Quality Checks",Seedance 2.5 1080p Guide,13,SECONDARY,seedance 2.5 is only 720p?,seedance 2.5 is only 720p?,CANONICAL,310,0,--,KEEP_P0,HAS_VOLUME,2.5 Resolution / Specs,Blog：用于时效性、观点/Review、实验性新主题或适合文章表达的教程；不要写成低质批量水文。,KEEP_OR_REFRESH
/blog/seedance-2-5-1080p-guide,BLOG,P0,EXISTING_REFRESH,GUIDE,/seedance-2-5,"Seedance 2.5 1080p Guide: Resolution, Output & Quality Checks",Seedance 2.5 1080p Guide,14,SECONDARY,seedance 2.5 no esta en 1080?,seedance 2.5 no esta en 1080?,CANONICAL,280,0,--,KEEP_P0,HAS_VOLUME,2.5 Core Hub,Blog：用于时效性、观点/Review、实验性新主题或适合文章表达的教程；不要写成低质批量水文。,KEEP_OR_REFRESH
/blog/seedance-2-5-1080p-guide,BLOG,P0,EXISTING_REFRESH,GUIDE,/seedance-2-5,"Seedance 2.5 1080p Guide: Resolution, Output & Quality Checks",Seedance 2.5 1080p Guide,15,SECONDARY,api cost seedance 2.5 420 adn 720p,api cost seedance 2.5 420 adn 720p,CANONICAL,260,0,--,KEEP_P0,HAS_VOLUME,API / Developer,Blog：用于时效性、观点/Review、实验性新主题或适合文章表达的教程；不要写成低质批量水文。,KEEP_OR_REFRESH
/blog/seedance-2-5-1080p-guide,BLOG,P0,EXISTING_REFRESH,GUIDE,/seedance-2-5,"Seedance 2.5 1080p Guide: Resolution, Output & Quality Checks",Seedance 2.5 1080p Guide,16,SECONDARY,seedance 2.5 4k pricing,seedance 2.5 4k pricing,CANONICAL,230,0,--,KEEP_P0,HAS_VOLUME,Pricing / Free / Unlimited,Blog：用于时效性、观点/Review、实验性新主题或适合文章表达的教程；不要写成低质批量水文。,KEEP_OR_REFRESH
/blog/seedance-2-5-1080p-guide,BLOG,P0,EXISTING_REFRESH,GUIDE,/seedance-2-5,"Seedance 2.5 1080p Guide: Resolution, Output & Quality Checks",Seedance 2.5 1080p Guide,17,SECONDARY,seedance 2.5 4k ?,seedance 2.5 4k ?,CANONICAL,220,0,--,KEEP_P2,HAS_VOLUME,2.5 Resolution / Specs,Blog：用于时效性、观点/Review、实验性新主题或适合文章表达的教程；不要写成低质批量水文。,KEEP_OR_REFRESH
/blog/seedance-2-5-1080p-guide,BLOG,P0,EXISTING_REFRESH,GUIDE,/seedance-2-5,"Seedance 2.5 1080p Guide: Resolution, Output & Quality Checks",Seedance 2.5 1080p Guide,18,SECONDARY,seedance 2.5 at 1080p unlimited,seedance 2.5 at 1080p unlimited,CANONICAL,180,0,--,KEEP_P0,HAS_VOLUME,Pricing / Free / Unlimited,Blog：用于时效性、观点/Review、实验性新主题或适合文章表达的教程；不要写成低质批量水文。,KEEP_OR_REFRESH
/blog/seedance-2-5-1080p-guide,BLOG,P0,EXISTING_REFRESH,GUIDE,/seedance-2-5,"Seedance 2.5 1080p Guide: Resolution, Output & Quality Checks",Seedance 2.5 1080p Guide,19,SECONDARY,how long does it take seedance 2.5 to generate a 30s video in 480p/,how long does it take seedance 2.5 to generate a 30s video in 480p/,CANONICAL,170,0,--,KEEP_P0,HAS_VOLUME,2.5 Resolution / Specs,Blog：用于时效性、观点/Review、实验性新主题或适合文章表达的教程；不要写成低质批量水文。,KEEP_OR_REFRESH
/blog/seedance-2-5-1080p-guide,BLOG,P0,EXISTING_REFRESH,GUIDE,/seedance-2-5,"Seedance 2.5 1080p Guide: Resolution, Output & Quality Checks",Seedance 2.5 1080p Guide,20,SECONDARY,seedance 2.5 4k 价格,seedance 2.5 4k 价格,CANONICAL,170,0,--,KEEP_P2,HAS_VOLUME,2.5 Resolution / Specs,Blog：用于时效性、观点/Review、实验性新主题或适合文章表达的教程；不要写成低质批量水文。,KEEP_OR_REFRESH
/blog/seedance-2-5-1080p-guide,BLOG,P0,EXISTING_REFRESH,GUIDE,/seedance-2-5,"Seedance 2.5 1080p Guide: Resolution, Output & Quality Checks",Seedance 2.5 1080p Guide,21,SECONDARY,seedance2.5 1080p,seedance2.5 1080p,CANONICAL,170,0,--,KEEP_P0,HAS_VOLUME,2.5 Resolution / Specs,Blog：用于时效性、观点/Review、实验性新主题或适合文章表达的教程；不要写成低质批量水文。,KEEP_OR_REFRESH
/blog/seedance-2-5-1080p-guide,BLOG,P0,EXISTING_REFRESH,GUIDE,/seedance-2-5,"Seedance 2.5 1080p Guide: Resolution, Output & Quality Checks",Seedance 2.5 1080p Guide,22,SECONDARY,is seedance 2.5 in 4k on higgsfield,is seedance 2.5 in 4k on higgsfield,CANONICAL,150,0,--,KEEP_P2,HAS_VOLUME,Platforms / Providers,Blog：用于时效性、观点/Review、实验性新主题或适合文章表达的教程；不要写成低质批量水文。,KEEP_OR_REFRESH
/blog/seedance-2-5-1080p-guide,BLOG,P0,EXISTING_REFRESH,GUIDE,/seedance-2-5,"Seedance 2.5 1080p Guide: Resolution, Output & Quality Checks",Seedance 2.5 1080p Guide,23,SECONDARY,seedance 2.5 1080p quality,seedance 2.5 1080p quality,CANONICAL,150,0,--,KEEP_P0,HAS_VOLUME,2.5 Resolution / Specs,Blog：用于时效性、观点/Review、实验性新主题或适合文章表达的教程；不要写成低质批量水文。,KEEP_OR_REFRESH
/blog/seedance-2-5-1080p-guide,BLOG,P0,EXISTING_REFRESH,GUIDE,/seedance-2-5,"Seedance 2.5 1080p Guide: Resolution, Output & Quality Checks",Seedance 2.5 1080p Guide,24,SECONDARY,seedance 2.5支持4k视频吗,seedance 2.5支持4k视频吗,CANONICAL,150,0,--,KEEP_P2,HAS_VOLUME,Homepage / Generic Seedance,Blog：用于时效性、观点/Review、实验性新主题或适合文章表达的教程；不要写成低质批量水文。,KEEP_OR_REFRESH
/blog/seedance-2-5-1080p-guide,BLOG,P0,EXISTING_REFRESH,GUIDE,/seedance-2-5,"Seedance 2.5 1080p Guide: Resolution, Output & Quality Checks",Seedance 2.5 1080p Guide,25,SECONDARY,480p vs 720p for seedance 2.5 reddit,480p vs 720p for seedance 2.5 reddit,CANONICAL,140,0,--,KEEP_P2,HAS_VOLUME,Comparison / Other,Blog：用于时效性、观点/Review、实验性新主题或适合文章表达的教程；不要写成低质批量水文。,KEEP_OR_REFRESH
/blog/seedance-2-5-1080p-guide,BLOG,P0,EXISTING_REFRESH,GUIDE,/seedance-2-5,"Seedance 2.5 1080p Guide: Resolution, Output & Quality Checks",Seedance 2.5 1080p Guide,26,SECONDARY,seedance 2.5 1080p unlimited,seedance 2.5 1080p unlimited,CANONICAL,130,0,--,KEEP_P0,HAS_VOLUME,Pricing / Free / Unlimited,Blog：用于时效性、观点/Review、实验性新主题或适合文章表达的教程；不要写成低质批量水文。,KEEP_OR_REFRESH
/blog/seedance-2-5-1080p-guide,BLOG,P0,EXISTING_REFRESH,GUIDE,/seedance-2-5,"Seedance 2.5 1080p Guide: Resolution, Output & Quality Checks",Seedance 2.5 1080p Guide,27,SECONDARY,seedance 2.5 4k higgsfield,seedance 2.5 4k higgsfield,CANONICAL,110,0,--,KEEP_P2,HAS_VOLUME,Platforms / Providers,Blog：用于时效性、观点/Review、实验性新主题或适合文章表达的教程；不要写成低质批量水文。,KEEP_OR_REFRESH
/blog/seedance-2-5-1080p-guide,BLOG,P0,EXISTING_REFRESH,GUIDE,/seedance-2-5,"Seedance 2.5 1080p Guide: Resolution, Output & Quality Checks",Seedance 2.5 1080p Guide,28,SECONDARY,seedance 2.5 720p image to video 1 min video cost,seedance 2.5 720p image to video 1 min video cost,CANONICAL,110,0,--,KEEP_P0,HAS_VOLUME,Pricing / Free / Unlimited,Blog：用于时效性、观点/Review、实验性新主题或适合文章表达的教程；不要写成低质批量水文。,KEEP_OR_REFRESH
/blog/seedance-2-5-1080p-guide,BLOG,P0,EXISTING_REFRESH,GUIDE,/seedance-2-5,"Seedance 2.5 1080p Guide: Resolution, Output & Quality Checks",Seedance 2.5 1080p Guide,29,SECONDARY,price per 15s 4k seedance 2.5,price per 15s 4k seedance 2.5,CANONICAL,90,27,--,KEEP_P0,HAS_VOLUME,Pricing / Free / Unlimited,Blog：用于时效性、观点/Review、实验性新主题或适合文章表达的教程；不要写成低质批量水文。,KEEP_OR_REFRESH
/blog/seedance-2-5-1080p-guide,BLOG,P0,EXISTING_REFRESH,GUIDE,/seedance-2-5,"Seedance 2.5 1080p Guide: Resolution, Output & Quality Checks",Seedance 2.5 1080p Guide,30,SECONDARY,replicate seedance 2.5 1080p,replicate seedance 2.5 1080p,CANONICAL,70,0,--,KEEP_P2,HAS_VOLUME,Platforms / Providers,Blog：用于时效性、观点/Review、实验性新主题或适合文章表达的教程；不要写成低质批量水文。,KEEP_OR_REFRESH
/blog/seedance-2-5-1080p-guide,BLOG,P0,EXISTING_REFRESH,GUIDE,/seedance-2-5,"Seedance 2.5 1080p Guide: Resolution, Output & Quality Checks",Seedance 2.5 1080p Guide,31,ZERO_VOLUME_SUPPORT,seedance 2.5 announcement & 4k updates,seedance 2.5 announcement & 4k updates,CANONICAL,0,81,--,KEEP_P2,ZERO_VOLUME_RELEVANT,2.5 Resolution / Specs,Blog：用于时效性、观点/Review、实验性新主题或适合文章表达的教程；不要写成低质批量水文。,KEEP_OR_REFRESH
/blog/seedance-2-5-1080p-guide,BLOG,P0,EXISTING_REFRESH,GUIDE,/seedance-2-5,"Seedance 2.5 1080p Guide: Resolution, Output & Quality Checks",Seedance 2.5 1080p Guide,32,ZERO_VOLUME_SUPPORT,seedance2.5 4k,seedance2.5 4k,CANONICAL,0,39,--,KEEP_P2,ZERO_VOLUME_RELEVANT,2.5 Resolution / Specs,Blog：用于时效性、观点/Review、实验性新主题或适合文章表达的教程；不要写成低质批量水文。,KEEP_OR_REFRESH
/blog/seedance-2-5-1080p-guide,BLOG,P0,EXISTING_REFRESH,GUIDE,/seedance-2-5,"Seedance 2.5 1080p Guide: Resolution, Output & Quality Checks",Seedance 2.5 1080p Guide,33,ZERO_VOLUME_SUPPORT,seedance 2.5 vs seedance 4k,seedance 2.5 vs seedance 4k,CANONICAL,0,24,--,KEEP_P2,ZERO_VOLUME_RELEVANT,Comparison / Other,Blog：用于时效性、观点/Review、实验性新主题或适合文章表达的教程；不要写成低质批量水文。,KEEP_OR_REFRESH
/blog/seedance-2-5-1080p-guide,BLOG,P0,EXISTING_REFRESH,GUIDE,/seedance-2-5,"Seedance 2.5 1080p Guide: Resolution, Output & Quality Checks",Seedance 2.5 1080p Guide,34,ZERO_VOLUME_SUPPORT,price seedance 2.5 4k,price seedance 2.5 4k,CANONICAL,0,17,--,KEEP_P0,ZERO_VOLUME_RELEVANT,Pricing / Free / Unlimited,Blog：用于时效性、观点/Review、实验性新主题或适合文章表达的教程；不要写成低质批量水文。,KEEP_OR_REFRESH
/blog/seedance-2-5-1080p-guide,BLOG,P0,EXISTING_REFRESH,GUIDE,/seedance-2-5,"Seedance 2.5 1080p Guide: Resolution, Output & Quality Checks",Seedance 2.5 1080p Guide,35,ZERO_VOLUME_SUPPORT,seedance2.5 4k 50 参数,seedance2.5 4k 50 参数,CANONICAL,0,7,--,KEEP_P2,ZERO_VOLUME_RELEVANT,2.5 Resolution / Specs,Blog：用于时效性、观点/Review、实验性新主题或适合文章表达的教程；不要写成低质批量水文。,KEEP_OR_REFRESH
/blog/seedance-2-5-1080p-guide,BLOG,P0,EXISTING_REFRESH,GUIDE,/seedance-2-5,"Seedance 2.5 1080p Guide: Resolution, Output & Quality Checks",Seedance 2.5 1080p Guide,36,ZERO_VOLUME_SUPPORT,哔哩哔哩  seedance 2.5来了！seedance 2.0直出4k，炸穿行业壁垒~,哔哩哔哩 seedance 2.5来了！seedance 2.0直出4k，炸穿行业壁垒~,CANONICAL,0,6,--,KEEP_P2,ZERO_VOLUME_RELEVANT,Homepage / Generic Seedance,Blog：用于时效性、观点/Review、实验性新主题或适合文章表达的教程；不要写成低质批量水文。,KEEP_OR_REFRESH
/blog/seedance-2-5-1080p-guide,BLOG,P0,EXISTING_REFRESH,GUIDE,/seedance-2-5,"Seedance 2.5 1080p Guide: Resolution, Output & Quality Checks",Seedance 2.5 1080p Guide,37,ZERO_VOLUME_SUPPORT,seedance2.5 生成最大分辨率 帧率,seedance2.5 生成最大分辨率 帧率,CANONICAL,0,5,--,KEEP_P0,ZERO_VOLUME_RELEVANT,2.5 Core Hub,Blog：用于时效性、观点/Review、实验性新主题或适合文章表达的教程；不要写成低质批量水文。,KEEP_OR_REFRESH
/blog/seedance-2-5-prompt-engineering-guide,BLOG,P0,EXISTING_REFRESH,GUIDE,/seedance-2-5;/prompts,"Seedance 2.5 Prompt Guide: Examples, Templates & Techniques",Seedance 2.5 Prompt Guide,1,PRIMARY,seedance 2.5 prompt guide,seedance 2.5 prompt guide,CANONICAL,7870,0,--,KEEP_P0,HAS_VOLUME,2.5 Prompts,Blog：用于时效性、观点/Review、实验性新主题或适合文章表达的教程；不要写成低质批量水文。,KEEP_OR_REFRESH
/blog/seedance-2-5-prompt-engineering-guide,BLOG,P0,EXISTING_REFRESH,GUIDE,/seedance-2-5;/prompts,"Seedance 2.5 Prompt Guide: Examples, Templates & Techniques",Seedance 2.5 Prompt Guide,2,PRIMARY,seedance 2.5 prompts,seedance 2.5 prompts,CANONICAL,6320,16,--,KEEP_P0,HAS_VOLUME,2.5 Prompts,Blog：用于时效性、观点/Review、实验性新主题或适合文章表达的教程；不要写成低质批量水文。,KEEP_OR_REFRESH
/blog/seedance-2-5-prompt-engineering-guide,BLOG,P0,EXISTING_REFRESH,GUIDE,/seedance-2-5;/prompts,"Seedance 2.5 Prompt Guide: Examples, Templates & Techniques",Seedance 2.5 Prompt Guide,3,PRIMARY,seedance 2.5 prompting guide,seedance 2.5 prompting guide,CANONICAL,5540,0,--,KEEP_P0,HAS_VOLUME,2.5 Prompts,Blog：用于时效性、观点/Review、实验性新主题或适合文章表达的教程；不要写成低质批量水文。,KEEP_OR_REFRESH
/blog/seedance-2-5-prompt-engineering-guide,BLOG,P0,EXISTING_REFRESH,GUIDE,/seedance-2-5;/prompts,"Seedance 2.5 Prompt Guide: Examples, Templates & Techniques",Seedance 2.5 Prompt Guide,4,PRIMARY,seedance 2.5 prompt,seedance 2.5 prompt,CANONICAL,5380,31,--,KEEP_P0,HAS_VOLUME,2.5 Prompts,Blog：用于时效性、观点/Review、实验性新主题或适合文章表达的教程；不要写成低质批量水文。,KEEP_OR_REFRESH
/blog/seedance-2-5-prompt-engineering-guide,BLOG,P0,EXISTING_REFRESH,GUIDE,/seedance-2-5;/prompts,"Seedance 2.5 Prompt Guide: Examples, Templates & Techniques",Seedance 2.5 Prompt Guide,5,PRIMARY,prompt seedance 2.5,prompt seedance 2.5,CANONICAL,1390,0,--,KEEP_P0,HAS_VOLUME,2.5 Prompts,Blog：用于时效性、观点/Review、实验性新主题或适合文章表达的教程；不要写成低质批量水文。,KEEP_OR_REFRESH
/blog/seedance-2-5-prompt-engineering-guide,BLOG,P0,EXISTING_REFRESH,GUIDE,/seedance-2-5;/prompts,"Seedance 2.5 Prompt Guide: Examples, Templates & Techniques",Seedance 2.5 Prompt Guide,6,PRIMARY,dreamina seedance 2.5 prompt yapıştırırken referansı nasıl etiketlicem,dreamina seedance 2.5 prompt yapıştırırken referansı nasıl etiketlicem,CANONICAL,1260,0,--,KEEP_P0,HAS_VOLUME,Platforms / Providers,Blog：用于时效性、观点/Review、实验性新主题或适合文章表达的教程；不要写成低质批量水文。,KEEP_OR_REFRESH
/blog/seedance-2-5-prompt-engineering-guide,BLOG,P0,EXISTING_REFRESH,GUIDE,/seedance-2-5;/prompts,"Seedance 2.5 Prompt Guide: Examples, Templates & Techniques",Seedance 2.5 Prompt Guide,7,PRIMARY,qual o maximo de caracteres para um prompt no seedance 2.5,qual o maximo de caracteres para um prompt no seedance 2.5,CANONICAL,1240,0,--,KEEP_P0,HAS_VOLUME,2.5 Prompts,Blog：用于时效性、观点/Review、实验性新主题或适合文章表达的教程；不要写成低质批量水文。,KEEP_OR_REFRESH
/blog/seedance-2-5-prompt-engineering-guide,BLOG,P0,EXISTING_REFRESH,GUIDE,/seedance-2-5;/prompts,"Seedance 2.5 Prompt Guide: Examples, Templates & Techniques",Seedance 2.5 Prompt Guide,8,PRIMARY,seedance 2.5 提示词,seedance 2.5 提示词,CANONICAL,1020,0,--,KEEP_P0,HAS_VOLUME,2.5 Core Hub,Blog：用于时效性、观点/Review、实验性新主题或适合文章表达的教程；不要写成低质批量水文。,KEEP_OR_REFRESH
/blog/seedance-2-5-prompt-engineering-guide,BLOG,P0,EXISTING_REFRESH,GUIDE,/seedance-2-5;/prompts,"Seedance 2.5 Prompt Guide: Examples, Templates & Techniques",Seedance 2.5 Prompt Guide,9,SECONDARY,seedance2.5提示词仓库,seedance2.5提示词仓库,CANONICAL,920,0,--,KEEP_P0,HAS_VOLUME,Other / Contextual,Blog：用于时效性、观点/Review、实验性新主题或适合文章表达的教程；不要写成低质批量水文。,KEEP_OR_REFRESH
/blog/seedance-2-5-prompt-engineering-guide,BLOG,P0,EXISTING_REFRESH,GUIDE,/seedance-2-5;/prompts,"Seedance 2.5 Prompt Guide: Examples, Templates & Techniques",Seedance 2.5 Prompt Guide,10,SECONDARY,seedance 2.5 prompt skill,seedance 2.5 prompt skill,CANONICAL,840,0,--,KEEP_P0,HAS_VOLUME,2.5 Prompts,Blog：用于时效性、观点/Review、实验性新主题或适合文章表达的教程；不要写成低质批量水文。,KEEP_OR_REFRESH
/blog/seedance-2-5-prompt-engineering-guide,BLOG,P0,EXISTING_REFRESH,GUIDE,/seedance-2-5;/prompts,"Seedance 2.5 Prompt Guide: Examples, Templates & Techniques",Seedance 2.5 Prompt Guide,11,SECONDARY,claude seedance 2.5 prompt writer skill,claude seedance 2.5 prompt writer skill,CANONICAL,830,0,--,KEEP_P0,HAS_VOLUME,2.5 Prompts,Blog：用于时效性、观点/Review、实验性新主题或适合文章表达的教程；不要写成低质批量水文。,KEEP_OR_REFRESH
/blog/seedance-2-5-prompt-engineering-guide,BLOG,P0,EXISTING_REFRESH,GUIDE,/seedance-2-5;/prompts,"Seedance 2.5 Prompt Guide: Examples, Templates & Techniques",Seedance 2.5 Prompt Guide,12,SECONDARY,seedance 2.5 prompting,seedance 2.5 prompting,CANONICAL,790,0,--,KEEP_P0,HAS_VOLUME,2.5 Prompts,Blog：用于时效性、观点/Review、实验性新主题或适合文章表达的教程；不要写成低质批量水文。,KEEP_OR_REFRESH
/blog/seedance-2-5-prompt-engineering-guide,BLOG,P0,EXISTING_REFRESH,GUIDE,/seedance-2-5;/prompts,"Seedance 2.5 Prompt Guide: Examples, Templates & Techniques",Seedance 2.5 Prompt Guide,13,SECONDARY,seedance 2.5 videos gallery with prompts,seedance 2.5 videos gallery with prompts,CANONICAL,780,0,--,KEEP_P0,HAS_VOLUME,2.5 Prompts,Blog：用于时效性、观点/Review、实验性新主题或适合文章表达的教程；不要写成低质批量水文。,KEEP_OR_REFRESH
/blog/seedance-2-5-prompt-engineering-guide,BLOG,P0,EXISTING_REFRESH,GUIDE,/seedance-2-5;/prompts,"Seedance 2.5 Prompt Guide: Examples, Templates & Techniques",Seedance 2.5 Prompt Guide,14,SECONDARY,seedance 2.5 videos gallery with prompts 9:16,seedance 2.5 videos gallery with prompts 9:16,CANONICAL,780,0,--,KEEP_P0,HAS_VOLUME,2.5 Prompts,Blog：用于时效性、观点/Review、实验性新主题或适合文章表达的教程；不要写成低质批量水文。,KEEP_OR_REFRESH
/blog/seedance-2-5-prompt-engineering-guide,BLOG,P0,EXISTING_REFRESH,GUIDE,/seedance-2-5;/prompts,"Seedance 2.5 Prompt Guide: Examples, Templates & Techniques",Seedance 2.5 Prompt Guide,15,SECONDARY,seedance 2.5 official prompt guide,seedance 2.5 official prompt guide,CANONICAL,680,0,--,KEEP_P0,HAS_VOLUME,2.5 Prompts,Blog：用于时效性、观点/Review、实验性新主题或适合文章表达的教程；不要写成低质批量水文。,KEEP_OR_REFRESH
/blog/seedance-2-5-prompt-engineering-guide,BLOG,P0,EXISTING_REFRESH,GUIDE,/seedance-2-5;/prompts,"Seedance 2.5 Prompt Guide: Examples, Templates & Techniques",Seedance 2.5 Prompt Guide,16,SECONDARY,how to prompt seedance 2.5,how to prompt seedance 2.5,CANONICAL,670,0,--,KEEP_P0,HAS_VOLUME,2.5 Prompts,Blog：用于时效性、观点/Review、实验性新主题或适合文章表达的教程；不要写成低质批量水文。,KEEP_OR_REFRESH
/blog/seedance-2-5-prompt-engineering-guide,BLOG,P0,EXISTING_REFRESH,GUIDE,/seedance-2-5;/prompts,"Seedance 2.5 Prompt Guide: Examples, Templates & Techniques",Seedance 2.5 Prompt Guide,17,SECONDARY,seedance 2.5 prompt length,seedance 2.5 prompt length,CANONICAL,670,0,--,KEEP_P0,HAS_VOLUME,2.5 Prompts,Blog：用于时效性、观点/Review、实验性新主题或适合文章表达的教程；不要写成低质批量水文。,KEEP_OR_REFRESH
/blog/seedance-2-5-prompt-engineering-guide,BLOG,P0,EXISTING_REFRESH,GUIDE,/seedance-2-5;/prompts,"Seedance 2.5 Prompt Guide: Examples, Templates & Techniques",Seedance 2.5 Prompt Guide,18,SECONDARY,bytedance seedance 2.5 prompt guide,bytedance seedance 2.5 prompt guide,CANONICAL,610,0,--,KEEP_P0,HAS_VOLUME,2.5 Prompts,Blog：用于时效性、观点/Review、实验性新主题或适合文章表达的教程；不要写成低质批量水文。,KEEP_OR_REFRESH
/blog/seedance-2-5-prompt-engineering-guide,BLOG,P0,EXISTING_REFRESH,GUIDE,/seedance-2-5;/prompts,"Seedance 2.5 Prompt Guide: Examples, Templates & Techniques",Seedance 2.5 Prompt Guide,19,SECONDARY,seedance 2.5 video prompts,seedance 2.5 video prompts,CANONICAL,610,0,--,KEEP_P0,HAS_VOLUME,2.5 Prompts,Blog：用于时效性、观点/Review、实验性新主题或适合文章表达的教程；不要写成低质批量水文。,KEEP_OR_REFRESH
/blog/seedance-2-5-prompt-engineering-guide,BLOG,P0,EXISTING_REFRESH,GUIDE,/seedance-2-5;/prompts,"Seedance 2.5 Prompt Guide: Examples, Templates & Techniques",Seedance 2.5 Prompt Guide,20,SECONDARY,seedance 2.5 prompt library,seedance 2.5 prompt library,CANONICAL,600,0,--,KEEP_P0,HAS_VOLUME,2.5 Prompts,Blog：用于时效性、观点/Review、实验性新主题或适合文章表达的教程；不要写成低质批量水文。,KEEP_OR_REFRESH
/blog/seedance-2-5-prompt-engineering-guide,BLOG,P0,EXISTING_REFRESH,GUIDE,/seedance-2-5;/prompts,"Seedance 2.5 Prompt Guide: Examples, Templates & Techniques",Seedance 2.5 Prompt Guide,21,SECONDARY,seedance 2.5 prompt github,seedance 2.5 prompt github,CANONICAL,590,0,--,KEEP_P2,HAS_VOLUME,Open Source / Local / Ecosystem,Blog：用于时效性、观点/Review、实验性新主题或适合文章表达的教程；不要写成低质批量水文。,KEEP_OR_REFRESH
/blog/seedance-2-5-prompt-engineering-guide,BLOG,P0,EXISTING_REFRESH,GUIDE,/seedance-2-5;/prompts,"Seedance 2.5 Prompt Guide: Examples, Templates & Techniques",Seedance 2.5 Prompt Guide,22,SECONDARY,seedance 2.5 prompts examples,seedance 2.5 prompts examples,CANONICAL,580,0,--,KEEP_P0,HAS_VOLUME,2.5 Prompts,Blog：用于时效性、观点/Review、实验性新主题或适合文章表达的教程；不要写成低质批量水文。,KEEP_OR_REFRESH
/blog/seedance-2-5-prompt-engineering-guide,BLOG,P0,EXISTING_REFRESH,GUIDE,/seedance-2-5;/prompts,"Seedance 2.5 Prompt Guide: Examples, Templates & Techniques",Seedance 2.5 Prompt Guide,23,SECONDARY,"seedance 2,5 prompts list","seedance 2,5 prompts list",CANONICAL,550,0,--,KEEP_P1,HAS_VOLUME,Generic Prompts,Blog：用于时效性、观点/Review、实验性新主题或适合文章表达的教程；不要写成低质批量水文。,KEEP_OR_REFRESH
/blog/seedance-2-5-prompt-engineering-guide,BLOG,P0,EXISTING_REFRESH,GUIDE,/seedance-2-5;/prompts,"Seedance 2.5 Prompt Guide: Examples, Templates & Techniques",Seedance 2.5 Prompt Guide,24,SECONDARY,seedance 2.5 prompting guide higgfield,seedance 2.5 prompting guide higgfield,CANONICAL,550,0,--,KEEP_P0,HAS_VOLUME,2.5 Prompts,Blog：用于时效性、观点/Review、实验性新主题或适合文章表达的教程；不要写成低质批量水文。,KEEP_OR_REFRESH
/blog/seedance-2-5-prompt-engineering-guide,BLOG,P0,EXISTING_REFRESH,GUIDE,/seedance-2-5;/prompts,"Seedance 2.5 Prompt Guide: Examples, Templates & Techniques",Seedance 2.5 Prompt Guide,25,SECONDARY,how to prompt for seedance 2.5,how to prompt for seedance 2.5,CANONICAL,530,0,--,KEEP_P0,HAS_VOLUME,2.5 Prompts,Blog：用于时效性、观点/Review、实验性新主题或适合文章表达的教程；不要写成低质批量水文。,KEEP_OR_REFRESH
/blog/seedance-2-5-prompt-engineering-guide,BLOG,P0,EXISTING_REFRESH,GUIDE,/seedance-2-5;/prompts,"Seedance 2.5 Prompt Guide: Examples, Templates & Techniques",Seedance 2.5 Prompt Guide,26,SECONDARY,how to write cinema seedance 2.5 prompts,how to write cinema seedance 2.5 prompts,CANONICAL,530,0,--,KEEP_P0,HAS_VOLUME,2.5 Prompts,Blog：用于时效性、观点/Review、实验性新主题或适合文章表达的教程；不要写成低质批量水文。,KEEP_OR_REFRESH
/blog/seedance-2-5-prompt-engineering-guide,BLOG,P0,EXISTING_REFRESH,GUIDE,/seedance-2-5;/prompts,"Seedance 2.5 Prompt Guide: Examples, Templates & Techniques",Seedance 2.5 Prompt Guide,27,SECONDARY,how to write prompts for seedance 2.5,how to write prompts for seedance 2.5,CANONICAL,530,0,--,KEEP_P0,HAS_VOLUME,2.5 Prompts,Blog：用于时效性、观点/Review、实验性新主题或适合文章表达的教程；不要写成低质批量水文。,KEEP_OR_REFRESH
/blog/seedance-2-5-prompt-engineering-guide,BLOG,P0,EXISTING_REFRESH,GUIDE,/seedance-2-5;/prompts,"Seedance 2.5 Prompt Guide: Examples, Templates & Techniques",Seedance 2.5 Prompt Guide,28,SECONDARY,seedance 2.5 fight prompts,seedance 2.5 fight prompts,CANONICAL,520,0,--,KEEP_P0,HAS_VOLUME,2.5 Prompts,Blog：用于时效性、观点/Review、实验性新主题或适合文章表达的教程；不要写成低质批量水文。,KEEP_OR_REFRESH
/blog/seedance-2-5-prompt-engineering-guide,BLOG,P0,EXISTING_REFRESH,GUIDE,/seedance-2-5;/prompts,"Seedance 2.5 Prompt Guide: Examples, Templates & Techniques",Seedance 2.5 Prompt Guide,29,SECONDARY,seedance 2.5 prompt architecture\,seedance 2.5 prompt architecture\,CANONICAL,480,0,--,KEEP_P0,HAS_VOLUME,2.5 Prompts,Blog：用于时效性、观点/Review、实验性新主题或适合文章表达的教程；不要写成低质批量水文。,KEEP_OR_REFRESH
/blog/seedance-2-5-prompt-engineering-guide,BLOG,P0,EXISTING_REFRESH,GUIDE,/seedance-2-5;/prompts,"Seedance 2.5 Prompt Guide: Examples, Templates & Techniques",Seedance 2.5 Prompt Guide,30,SECONDARY,seedance 2.5 prompt iphoen camera,seedance 2.5 prompt iphoen camera,CANONICAL,460,0,--,KEEP_P0,HAS_VOLUME,2.5 Prompts,Blog：用于时效性、观点/Review、实验性新主题或适合文章表达的教程；不要写成低质批量水文。,KEEP_OR_REFRESH
/blog/seedance-2-5-prompt-engineering-guide,BLOG,P0,EXISTING_REFRESH,GUIDE,/seedance-2-5;/prompts,"Seedance 2.5 Prompt Guide: Examples, Templates & Techniques",Seedance 2.5 Prompt Guide,31,SECONDARY,seedance 2.5 moving painting prompt,seedance 2.5 moving painting prompt,CANONICAL,450,0,--,KEEP_P0,HAS_VOLUME,2.5 Prompts,Blog：用于时效性、观点/Review、实验性新主题或适合文章表达的教程；不要写成低质批量水文。,KEEP_OR_REFRESH
/blog/seedance-2-5-prompt-engineering-guide,BLOG,P0,EXISTING_REFRESH,GUIDE,/seedance-2-5;/prompts,"Seedance 2.5 Prompt Guide: Examples, Templates & Techniques",Seedance 2.5 Prompt Guide,32,SECONDARY,seedance2.5 视频prompt,seedance2.5 视频prompt,CANONICAL,410,0,--,KEEP_P0,HAS_VOLUME,2.5 Prompts,Blog：用于时效性、观点/Review、实验性新主题或适合文章表达的教程；不要写成低质批量水文。,KEEP_OR_REFRESH
/blog/seedance-2-5-prompt-engineering-guide,BLOG,P0,EXISTING_REFRESH,GUIDE,/seedance-2-5;/prompts,"Seedance 2.5 Prompt Guide: Examples, Templates & Techniques",Seedance 2.5 Prompt Guide,33,SECONDARY,does seedance 2.5 lip sync to separate audio file best prompt practices,does seedance 2.5 lip sync to separate audio file best prompt practices,CANONICAL,400,0,--,KEEP_P0,HAS_VOLUME,2.5 Prompts,Blog：用于时效性、观点/Review、实验性新主题或适合文章表达的教程；不要写成低质批量水文。,KEEP_OR_REFRESH
/blog/seedance-2-5-prompt-engineering-guide,BLOG,P0,EXISTING_REFRESH,GUIDE,/seedance-2-5;/prompts,"Seedance 2.5 Prompt Guide: Examples, Templates & Techniques",Seedance 2.5 Prompt Guide,34,SECONDARY,does seedance 2.5 lip sync to separate audio file how to prompt,does seedance 2.5 lip sync to separate audio file how to prompt,CANONICAL,400,0,--,KEEP_P0,HAS_VOLUME,2.5 Prompts,Blog：用于时效性、观点/Review、实验性新主题或适合文章表达的教程；不要写成低质批量水文。,KEEP_OR_REFRESH
/blog/seedance-2-5-prompt-engineering-guide,BLOG,P0,EXISTING_REFRESH,GUIDE,/seedance-2-5;/prompts,"Seedance 2.5 Prompt Guide: Examples, Templates & Techniques",Seedance 2.5 Prompt Guide,35,SECONDARY,seedance 2.5 prompts library,seedance 2.5 prompts library,CANONICAL,400,0,--,KEEP_P0,HAS_VOLUME,2.5 Prompts,Blog：用于时效性、观点/Review、实验性新主题或适合文章表达的教程；不要写成低质批量水文。,KEEP_OR_REFRESH
/blog/seedance-2-5-prompt-engineering-guide,BLOG,P0,EXISTING_REFRESH,GUIDE,/seedance-2-5;/prompts,"Seedance 2.5 Prompt Guide: Examples, Templates & Techniques",Seedance 2.5 Prompt Guide,36,SECONDARY,seedance 2.5 prompts & real video examples,seedance 2.5 prompts & real video examples,CANONICAL,390,0,--,KEEP_P0,HAS_VOLUME,2.5 Prompts,Blog：用于时效性、观点/Review、实验性新主题或适合文章表达的教程；不要写成低质批量水文。,KEEP_OR_REFRESH
/blog/seedance-2-5-prompt-engineering-guide,BLOG,P0,EXISTING_REFRESH,GUIDE,/seedance-2-5;/prompts,"Seedance 2.5 Prompt Guide: Examples, Templates & Techniques",Seedance 2.5 Prompt Guide,37,SECONDARY,seedance 2.5 官方提示词指南,seedance 2.5 官方提示词指南,CANONICAL,390,0,--,KEEP_P0,HAS_VOLUME,2.5 Core Hub,Blog：用于时效性、观点/Review、实验性新主题或适合文章表达的教程；不要写成低质批量水文。,KEEP_OR_REFRESH
/blog/seedance-2-5-prompt-engineering-guide,BLOG,P0,EXISTING_REFRESH,GUIDE,/seedance-2-5;/prompts,"Seedance 2.5 Prompt Guide: Examples, Templates & Techniques",Seedance 2.5 Prompt Guide,38,SECONDARY,camera control best prompts seedance 2.5,camera control best prompts seedance 2.5,CANONICAL,380,0,--,KEEP_P0,HAS_VOLUME,2.5 Prompts,Blog：用于时效性、观点/Review、实验性新主题或适合文章表达的教程；不要写成低质批量水文。,KEEP_OR_REFRESH
/blog/seedance-2-5-prompt-engineering-guide,BLOG,P0,EXISTING_REFRESH,GUIDE,/seedance-2-5;/prompts,"Seedance 2.5 Prompt Guide: Examples, Templates & Techniques",Seedance 2.5 Prompt Guide,39,SECONDARY,seedance 2.5 negative prompt,seedance 2.5 negative prompt,CANONICAL,380,0,--,KEEP_P0,HAS_VOLUME,2.5 Prompts,Blog：用于时效性、观点/Review、实验性新主题或适合文章表达的教程；不要写成低质批量水文。,KEEP_OR_REFRESH
/blog/seedance-2-5-prompt-engineering-guide,BLOG,P0,EXISTING_REFRESH,GUIDE,/seedance-2-5;/prompts,"Seedance 2.5 Prompt Guide: Examples, Templates & Techniques",Seedance 2.5 Prompt Guide,40,SECONDARY,about seedance 2.5 prompts,about seedance 2.5 prompts,CANONICAL,370,0,--,KEEP_P0,HAS_VOLUME,2.5 Prompts,Blog：用于时效性、观点/Review、实验性新主题或适合文章表达的教程；不要写成低质批量水文。,KEEP_OR_REFRESH
/blog/seedance-2-5-prompt-engineering-guide,BLOG,P0,EXISTING_REFRESH,GUIDE,/seedance-2-5;/prompts,"Seedance 2.5 Prompt Guide: Examples, Templates & Techniques",Seedance 2.5 Prompt Guide,41,SECONDARY,higgsfileds seedance 2.5 prompt guide,higgsfileds seedance 2.5 prompt guide,CANONICAL,370,0,--,KEEP_P0,HAS_VOLUME,2.5 Prompts,Blog：用于时效性、观点/Review、实验性新主题或适合文章表达的教程；不要写成低质批量水文。,KEEP_OR_REFRESH
/blog/seedance-2-5-prompt-engineering-guide,BLOG,P0,EXISTING_REFRESH,GUIDE,/seedance-2-5;/prompts,"Seedance 2.5 Prompt Guide: Examples, Templates & Techniques",Seedance 2.5 Prompt Guide,42,SECONDARY,seedance 2.5 prompting guide bytedance,seedance 2.5 prompting guide bytedance,CANONICAL,370,0,--,KEEP_P0,HAS_VOLUME,2.5 Prompts,Blog：用于时效性、观点/Review、实验性新主题或适合文章表达的教程；不要写成低质批量水文。,KEEP_OR_REFRESH
/blog/seedance-2-5-prompt-engineering-guide,BLOG,P0,EXISTING_REFRESH,GUIDE,/seedance-2-5;/prompts,"Seedance 2.5 Prompt Guide: Examples, Templates & Techniques",Seedance 2.5 Prompt Guide,43,SECONDARY,spiderman prompt seedance 2.5,spiderman prompt seedance 2.5,CANONICAL,370,0,--,KEEP_P0,HAS_VOLUME,2.5 Prompts,Blog：用于时效性、观点/Review、实验性新主题或适合文章表达的教程；不要写成低质批量水文。,KEEP_OR_REFRESH
/blog/seedance-2-5-prompt-engineering-guide,BLOG,P0,EXISTING_REFRESH,GUIDE,/seedance-2-5;/prompts,"Seedance 2.5 Prompt Guide: Examples, Templates & Techniques",Seedance 2.5 Prompt Guide,44,SECONDARY,can seedance 2.5 text-to-video accept negetive prompt,can seedance 2.5 text-to-video accept negetive prompt,CANONICAL,360,0,--,KEEP_P0,HAS_VOLUME,2.5 Prompts,Blog：用于时效性、观点/Review、实验性新主题或适合文章表达的教程；不要写成低质批量水文。,KEEP_OR_REFRESH
/blog/seedance-2-5-prompt-engineering-guide,BLOG,P0,EXISTING_REFRESH,GUIDE,/seedance-2-5;/prompts,"Seedance 2.5 Prompt Guide: Examples, Templates & Techniques",Seedance 2.5 Prompt Guide,45,SECONDARY,seedance 2.5 prompt youmind,seedance 2.5 prompt youmind,CANONICAL,350,0,--,KEEP_P0,HAS_VOLUME,2.5 Prompts,Blog：用于时效性、观点/Review、实验性新主题或适合文章表达的教程；不要写成低质批量水文。,KEEP_OR_REFRESH
/blog/seedance-2-5-prompt-engineering-guide,BLOG,P0,EXISTING_REFRESH,GUIDE,/seedance-2-5;/prompts,"Seedance 2.5 Prompt Guide: Examples, Templates & Techniques",Seedance 2.5 Prompt Guide,46,SECONDARY,seedance 2.5 claude prompt skill,seedance 2.5 claude prompt skill,CANONICAL,340,0,--,KEEP_P0,HAS_VOLUME,2.5 Prompts,Blog：用于时效性、观点/Review、实验性新主题或适合文章表达的教程；不要写成低质批量水文。,KEEP_OR_REFRESH
/blog/seedance-2-5-prompt-engineering-guide,BLOG,P0,EXISTING_REFRESH,GUIDE,/seedance-2-5;/prompts,"Seedance 2.5 Prompt Guide: Examples, Templates & Techniques",Seedance 2.5 Prompt Guide,47,SECONDARY,seedance 2.5 prompt template,seedance 2.5 prompt template,CANONICAL,340,0,--,KEEP_P0,HAS_VOLUME,2.5 Prompts,Blog：用于时效性、观点/Review、实验性新主题或适合文章表达的教程；不要写成低质批量水文。,KEEP_OR_REFRESH
/blog/seedance-2-5-prompt-engineering-guide,BLOG,P0,EXISTING_REFRESH,GUIDE,/seedance-2-5;/prompts,"Seedance 2.5 Prompt Guide: Examples, Templates & Techniques",Seedance 2.5 Prompt Guide,48,SECONDARY,seedance 2.5 prompting guiode,seedance 2.5 prompting guiode,CANONICAL,340,0,--,KEEP_P0,HAS_VOLUME,2.5 Prompts,Blog：用于时效性、观点/Review、实验性新主题或适合文章表达的教程；不要写成低质批量水文。,KEEP_OR_REFRESH
/blog/seedance-2-5-prompt-engineering-guide,BLOG,P0,EXISTING_REFRESH,GUIDE,/seedance-2-5;/prompts,"Seedance 2.5 Prompt Guide: Examples, Templates & Techniques",Seedance 2.5 Prompt Guide,49,SECONDARY,atlascloud seedance 2.5 prompts,atlascloud seedance 2.5 prompts,CANONICAL,320,0,--,KEEP_P0,HAS_VOLUME,2.5 Prompts,Blog：用于时效性、观点/Review、实验性新主题或适合文章表达的教程；不要写成低质批量水文。,KEEP_OR_REFRESH
/blog/seedance-2-5-prompt-engineering-guide,BLOG,P0,EXISTING_REFRESH,GUIDE,/seedance-2-5;/prompts,"Seedance 2.5 Prompt Guide: Examples, Templates & Techniques",Seedance 2.5 Prompt Guide,50,SECONDARY,seedance 2.5 promptguide,seedance 2.5 promptguide,CANONICAL,320,0,--,KEEP_P0,HAS_VOLUME,2.5 Prompts,Blog：用于时效性、观点/Review、实验性新主题或适合文章表达的教程；不要写成低质批量水文。,KEEP_OR_REFRESH
/blog/seedance-2-5-prompt-engineering-guide,BLOG,P0,EXISTING_REFRESH,GUIDE,/seedance-2-5;/prompts,"Seedance 2.5 Prompt Guide: Examples, Templates & Techniques",Seedance 2.5 Prompt Guide,51,SECONDARY,seedance 2.5 prompts with real footage,seedance 2.5 prompts with real footage,CANONICAL,320,0,--,KEEP_P0,HAS_VOLUME,2.5 Prompts,Blog：用于时效性、观点/Review、实验性新主题或适合文章表达的教程；不要写成低质批量水文。,KEEP_OR_REFRESH
/blog/seedance-2-5-prompt-engineering-guide,BLOG,P0,EXISTING_REFRESH,GUIDE,/seedance-2-5;/prompts,"Seedance 2.5 Prompt Guide: Examples, Templates & Techniques",Seedance 2.5 Prompt Guide,52,SECONDARY,seedance 2.5 vlog prompt,seedance 2.5 vlog prompt,CANONICAL,320,0,--,KEEP_P0,HAS_VOLUME,2.5 Prompts,Blog：用于时效性、观点/Review、实验性新主题或适合文章表达的教程；不要写成低质批量水文。,KEEP_OR_REFRESH
/blog/seedance-2-5-prompt-engineering-guide,BLOG,P0,EXISTING_REFRESH,GUIDE,/seedance-2-5;/prompts,"Seedance 2.5 Prompt Guide: Examples, Templates & Techniques",Seedance 2.5 Prompt Guide,53,SECONDARY,seedance2.5 prompt libery,seedance2.5 prompt libery,CANONICAL,320,0,--,KEEP_P0,HAS_VOLUME,2.5 Prompts,Blog：用于时效性、观点/Review、实验性新主题或适合文章表达的教程；不要写成低质批量水文。,KEEP_OR_REFRESH
/blog/seedance-2-5-prompt-engineering-guide,BLOG,P0,EXISTING_REFRESH,GUIDE,/seedance-2-5;/prompts,"Seedance 2.5 Prompt Guide: Examples, Templates & Techniques",Seedance 2.5 Prompt Guide,54,SECONDARY,what are the best practices for seedance 2.5 prompts?,what are the best practices for seedance 2.5 prompts?,CANONICAL,320,0,--,KEEP_P0,HAS_VOLUME,2.5 Prompts,Blog：用于时效性、观点/Review、实验性新主题或适合文章表达的教程；不要写成低质批量水文。,KEEP_OR_REFRESH
/blog/seedance-2-5-prompt-engineering-guide,BLOG,P0,EXISTING_REFRESH,GUIDE,/seedance-2-5;/prompts,"Seedance 2.5 Prompt Guide: Examples, Templates & Techniques",Seedance 2.5 Prompt Guide,55,SECONDARY,higgsfield seedance 2.5 prompt template for ugc,higgsfield seedance 2.5 prompt template for ugc,CANONICAL,310,0,--,KEEP_P1,HAS_VOLUME,Platforms / Providers,Blog：用于时效性、观点/Review、实验性新主题或适合文章表达的教程；不要写成低质批量水文。,KEEP_OR_REFRESH
/blog/seedance-2-5-prompt-engineering-guide,BLOG,P0,EXISTING_REFRESH,GUIDE,/seedance-2-5;/prompts,"Seedance 2.5 Prompt Guide: Examples, Templates & Techniques",Seedance 2.5 Prompt Guide,56,SECONDARY,seedance 2.5 gallery prompt,seedance 2.5 gallery prompt,CANONICAL,310,0,--,KEEP_P0,HAS_VOLUME,2.5 Prompts,Blog：用于时效性、观点/Review、实验性新主题或适合文章表达的教程；不要写成低质批量水文。,KEEP_OR_REFRESH
/blog/seedance-2-5-prompt-engineering-guide,BLOG,P0,EXISTING_REFRESH,GUIDE,/seedance-2-5;/prompts,"Seedance 2.5 Prompt Guide: Examples, Templates & Techniques",Seedance 2.5 Prompt Guide,57,SECONDARY,seedance 2.5 lipsyncing prompts,seedance 2.5 lipsyncing prompts,CANONICAL,310,0,--,KEEP_P0,HAS_VOLUME,2.5 Prompts,Blog：用于时效性、观点/Review、实验性新主题或适合文章表达的教程；不要写成低质批量水文。,KEEP_OR_REFRESH
/blog/seedance-2-5-prompt-engineering-guide,BLOG,P0,EXISTING_REFRESH,GUIDE,/seedance-2-5;/prompts,"Seedance 2.5 Prompt Guide: Examples, Templates & Techniques",Seedance 2.5 Prompt Guide,58,SECONDARY,seedance 2.5 prompt claude skill,seedance 2.5 prompt claude skill,CANONICAL,310,0,--,KEEP_P0,HAS_VOLUME,2.5 Prompts,Blog：用于时效性、观点/Review、实验性新主题或适合文章表达的教程；不要写成低质批量水文。,KEEP_OR_REFRESH
/blog/seedance-2-5-prompt-engineering-guide,BLOG,P0,EXISTING_REFRESH,GUIDE,/seedance-2-5;/prompts,"Seedance 2.5 Prompt Guide: Examples, Templates & Techniques",Seedance 2.5 Prompt Guide,59,SECONDARY,seedance 2.5 prompt engineering skill,seedance 2.5 prompt engineering skill,CANONICAL,300,0,--,KEEP_P0,HAS_VOLUME,2.5 Prompts,Blog：用于时效性、观点/Review、实验性新主题或适合文章表达的教程；不要写成低质批量水文。,KEEP_OR_REFRESH
/blog/seedance-2-5-prompt-engineering-guide,BLOG,P0,EXISTING_REFRESH,GUIDE,/seedance-2-5;/prompts,"Seedance 2.5 Prompt Guide: Examples, Templates & Techniques",Seedance 2.5 Prompt Guide,60,SECONDARY,seedance 2.5 prompt skill github,seedance 2.5 prompt skill github,CANONICAL,300,0,--,KEEP_P2,HAS_VOLUME,Open Source / Local / Ecosystem,Blog：用于时效性、观点/Review、实验性新主题或适合文章表达的教程；不要写成低质批量水文。,KEEP_OR_REFRESH
/blog/seedance-2-5-prompt-engineering-guide,BLOG,P0,EXISTING_REFRESH,GUIDE,/seedance-2-5;/prompts,"Seedance 2.5 Prompt Guide: Examples, Templates & Techniques",Seedance 2.5 Prompt Guide,61,ZERO_VOLUME_SUPPORT,best seedance 2.5 prompts,best seedance 2.5 prompts,CANONICAL,0,13,--,KEEP_P0,ZERO_VOLUME_RELEVANT,2.5 Prompts,Blog：用于时效性、观点/Review、实验性新主题或适合文章表达的教程；不要写成低质批量水文。,KEEP_OR_REFRESH
/blog/seedance-2-5-prompt-engineering-guide,BLOG,P0,EXISTING_REFRESH,GUIDE,/seedance-2-5;/prompts,"Seedance 2.5 Prompt Guide: Examples, Templates & Techniques",Seedance 2.5 Prompt Guide,62,ZERO_VOLUME_SUPPORT,seedance 2.5 prompts guide,seedance 2.5 prompts guide,CANONICAL,0,11,--,KEEP_P0,ZERO_VOLUME_RELEVANT,2.5 Prompts,Blog：用于时效性、观点/Review、实验性新主题或适合文章表达的教程；不要写成低质批量水文。,KEEP_OR_REFRESH
/blog/seedance-2-5-prompt-engineering-guide,BLOG,P0,EXISTING_REFRESH,GUIDE,/seedance-2-5;/prompts,"Seedance 2.5 Prompt Guide: Examples, Templates & Techniques",Seedance 2.5 Prompt Guide,63,ZERO_VOLUME_SUPPORT,seedance 2.5 prompt guide official,seedance 2.5 prompt guide official,CANONICAL,0,0,--,KEEP_P0,ZERO_VOLUME_RELEVANT,2.5 Prompts,Blog：用于时效性、观点/Review、实验性新主题或适合文章表达的教程；不要写成低质批量水文。,KEEP_OR_REFRESH
/blog/seedance-2-5-prompt-engineering-guide,BLOG,P0,EXISTING_REFRESH,GUIDE,/seedance-2-5;/prompts,"Seedance 2.5 Prompt Guide: Examples, Templates & Techniques",Seedance 2.5 Prompt Guide,64,ZERO_VOLUME_SUPPORT,seedance 2.5 prompting handbook,seedance 2.5 prompting handbook,CANONICAL,0,0,--,KEEP_P0,ZERO_VOLUME_RELEVANT,2.5 Prompts,Blog：用于时效性、观点/Review、实验性新主题或适合文章表达的教程；不要写成低质批量水文。,KEEP_OR_REFRESH
/blog/seedance-2-5-prompt-engineering-guide,BLOG,P0,EXISTING_REFRESH,GUIDE,/seedance-2-5;/prompts,"Seedance 2.5 Prompt Guide: Examples, Templates & Techniques",Seedance 2.5 Prompt Guide,65,ZERO_VOLUME_SUPPORT,seedance2.5 提示词,seedance2.5 提示词,CANONICAL,0,0,--,KEEP_P0,ZERO_VOLUME_RELEVANT,2.5 Core Hub,Blog：用于时效性、观点/Review、实验性新主题或适合文章表达的教程；不要写成低质批量水文。,KEEP_OR_REFRESH
/blog/seedance-2-5-release-date-and-overview,BLOG,P0,EXISTING_REFRESH,BLOG_NEWS,/seedance-2-5,"Seedance 2.5 Release Date, Availability & Latest Status",Seedance 2.5 Release Date & Availability,1,PRIMARY,seedance 2.5 release date,seedance 2.5 release date,CANONICAL,30000,4314,--,KEEP_P0,HAS_VOLUME,2.5 Release / Availability,Blog：用于时效性、观点/Review、实验性新主题或适合文章表达的教程；不要写成低质批量水文。,KEEP_OR_REFRESH
/blog/seedance-2-5-release-date-and-overview,BLOG,P0,EXISTING_REFRESH,BLOG_NEWS,/seedance-2-5,"Seedance 2.5 Release Date, Availability & Latest Status",Seedance 2.5 Release Date & Availability,2,PRIMARY,when is seedance 2.5 coming out,when is seedance 2.5 coming out,CANONICAL,2340,122,--,KEEP_P0,HAS_VOLUME,2.5 Release / Availability,Blog：用于时效性、观点/Review、实验性新主题或适合文章表达的教程；不要写成低质批量水文。,KEEP_OR_REFRESH
/blog/seedance-2-5-release-date-and-overview,BLOG,P0,EXISTING_REFRESH,BLOG_NEWS,/seedance-2-5,"Seedance 2.5 Release Date, Availability & Latest Status",Seedance 2.5 Release Date & Availability,3,PRIMARY,seedance2.5何时上线,seedance2.5何时上线,CANONICAL,1470,37,--,KEEP_P0,HAS_VOLUME,Other / Contextual,Blog：用于时效性、观点/Review、实验性新主题或适合文章表达的教程；不要写成低质批量水文。,KEEP_OR_REFRESH
/blog/seedance-2-5-release-date-and-overview,BLOG,P0,EXISTING_REFRESH,BLOG_NEWS,/seedance-2-5,"Seedance 2.5 Release Date, Availability & Latest Status",Seedance 2.5 Release Date & Availability,4,PRIMARY,seedance 2.5 release,seedance 2.5 release,CANONICAL,1450,318,--,KEEP_P0,HAS_VOLUME,2.5 Core Hub,Blog：用于时效性、观点/Review、实验性新主题或适合文章表达的教程；不要写成低质批量水文。,KEEP_OR_REFRESH
/blog/seedance-2-5-release-date-and-overview,BLOG,P0,EXISTING_REFRESH,BLOG_NEWS,/seedance-2-5,"Seedance 2.5 Release Date, Availability & Latest Status",Seedance 2.5 Release Date & Availability,5,PRIMARY,when is seedance 2.5 coming to higgsfield,when is seedance 2.5 coming to higgsfield,CANONICAL,1260,29,--,KEEP_P0,HAS_VOLUME,2.5 Release / Availability,Blog：用于时效性、观点/Review、实验性新主题或适合文章表达的教程；不要写成低质批量水文。,KEEP_OR_REFRESH
/blog/seedance-2-5-release-date-and-overview,BLOG,P0,EXISTING_REFRESH,BLOG_NEWS,/seedance-2-5,"Seedance 2.5 Release Date, Availability & Latest Status",Seedance 2.5 Release Date & Availability,6,PRIMARY,when is seedance 2.5 coming to united states?,when is seedance 2.5 coming to united states?,CANONICAL,1070,0,--,KEEP_P0,HAS_VOLUME,2.5 Release / Availability,Blog：用于时效性、观点/Review、实验性新主题或适合文章表达的教程；不要写成低质批量水文。,KEEP_OR_REFRESH
/blog/seedance-2-5-release-date-and-overview,BLOG,P0,EXISTING_REFRESH,BLOG_NEWS,/seedance-2-5,"Seedance 2.5 Release Date, Availability & Latest Status",Seedance 2.5 Release Date & Availability,7,PRIMARY,is seedance 2.5 available on capcut,is seedance 2.5 available on capcut,CANONICAL,990,0,--,KEEP_P1,HAS_VOLUME,Platforms / Providers,Blog：用于时效性、观点/Review、实验性新主题或适合文章表达的教程；不要写成低质批量水文。,KEEP_OR_REFRESH
/blog/seedance-2-5-release-date-and-overview,BLOG,P0,EXISTING_REFRESH,BLOG_NEWS,/seedance-2-5,"Seedance 2.5 Release Date, Availability & Latest Status",Seedance 2.5 Release Date & Availability,8,PRIMARY,seedance 2.5 release higgsfield,seedance 2.5 release higgsfield,CANONICAL,880,0,--,KEEP_P1,HAS_VOLUME,Platforms / Providers,Blog：用于时效性、观点/Review、实验性新主题或适合文章表达的教程；不要写成低质批量水文。,KEEP_OR_REFRESH
/blog/seedance-2-5-release-date-and-overview,BLOG,P0,EXISTING_REFRESH,BLOG_NEWS,/seedance-2-5,"Seedance 2.5 Release Date, Availability & Latest Status",Seedance 2.5 Release Date & Availability,9,SECONDARY,seedance 2.5上线时间,seedance 2.5上线时间,CANONICAL,860,48,--,KEEP_P0,HAS_VOLUME,Homepage / Generic Seedance,Blog：用于时效性、观点/Review、实验性新主题或适合文章表达的教程；不要写成低质批量水文。,KEEP_OR_REFRESH
/blog/seedance-2-5-release-date-and-overview,BLOG,P0,EXISTING_REFRESH,BLOG_NEWS,/seedance-2-5,"Seedance 2.5 Release Date, Availability & Latest Status",Seedance 2.5 Release Date & Availability,10,SECONDARY,higgsfield free month for the release of seedance 2.5,higgsfield free month for the release of seedance 2.5,CANONICAL,750,0,--,KEEP_P0,HAS_VOLUME,Pricing / Free / Unlimited,Blog：用于时效性、观点/Review、实验性新主题或适合文章表达的教程；不要写成低质批量水文。,KEEP_OR_REFRESH
/blog/seedance-2-5-release-date-and-overview,BLOG,P0,EXISTING_REFRESH,BLOG_NEWS,/seedance-2-5,"Seedance 2.5 Release Date, Availability & Latest Status",Seedance 2.5 Release Date & Availability,11,SECONDARY,pippit launches seedance 2.5 with 30-second 4k ai video generation and advanced creative controls,pippit launches seedance 2.5 with 30-second 4k ai video generation and advanced creative controls,CANONICAL,740,0,--,KEEP_P2,HAS_VOLUME,2.5 Resolution / Specs,Blog：用于时效性、观点/Review、实验性新主题或适合文章表达的教程；不要写成低质批量水文。,KEEP_OR_REFRESH
/blog/seedance-2-5-release-date-and-overview,BLOG,P0,EXISTING_REFRESH,BLOG_NEWS,/seedance-2-5,"Seedance 2.5 Release Date, Availability & Latest Status",Seedance 2.5 Release Date & Availability,12,SECONDARY,when is seedance 2.5 coming to higgsfield?,when is seedance 2.5 coming to higgsfield?,CANONICAL,730,0,--,KEEP_P0,HAS_VOLUME,2.5 Release / Availability,Blog：用于时效性、观点/Review、实验性新主题或适合文章表达的教程；不要写成低质批量水文。,KEEP_OR_REFRESH
/blog/seedance-2-5-release-date-and-overview,BLOG,P0,EXISTING_REFRESH,BLOG_NEWS,/seedance-2-5,"Seedance 2.5 Release Date, Availability & Latest Status",Seedance 2.5 Release Date & Availability,13,SECONDARY,seedance 2.5 available,seedance 2.5 available,CANONICAL,620,0,--,KEEP_P0,HAS_VOLUME,2.5 Core Hub,Blog：用于时效性、观点/Review、实验性新主题或适合文章表达的教程；不要写成低质批量水文。,KEEP_OR_REFRESH
/blog/seedance-2-5-release-date-and-overview,BLOG,P0,EXISTING_REFRESH,BLOG_NEWS,/seedance-2-5,"Seedance 2.5 Release Date, Availability & Latest Status",Seedance 2.5 Release Date & Availability,14,SECONDARY,seedance 2.5 availability,seedance 2.5 availability,CANONICAL,570,0,--,KEEP_P0,HAS_VOLUME,2.5 Release / Availability,Blog：用于时效性、观点/Review、实验性新主题或适合文章表达的教程；不要写成低质批量水文。,KEEP_OR_REFRESH
/blog/seedance-2-5-release-date-and-overview,BLOG,P0,EXISTING_REFRESH,BLOG_NEWS,/seedance-2-5,"Seedance 2.5 Release Date, Availability & Latest Status",Seedance 2.5 Release Date & Availability,15,SECONDARY,when seedance 2.5 release inn higgsfield ai,when seedance 2.5 release inn higgsfield ai,CANONICAL,570,0,--,KEEP_P1,HAS_VOLUME,Platforms / Providers,Blog：用于时效性、观点/Review、实验性新主题或适合文章表达的教程；不要写成低质批量水文。,KEEP_OR_REFRESH
/blog/seedance-2-5-release-date-and-overview,BLOG,P0,EXISTING_REFRESH,BLOG_NEWS,/seedance-2-5,"Seedance 2.5 Release Date, Availability & Latest Status",Seedance 2.5 Release Date & Availability,16,SECONDARY,when is seedance 2.5 coming,when is seedance 2.5 coming,CANONICAL,530,22,--,KEEP_P0,HAS_VOLUME,2.5 Release / Availability,Blog：用于时效性、观点/Review、实验性新主题或适合文章表达的教程；不要写成低质批量水文。,KEEP_OR_REFRESH
/blog/seedance-2-5-release-date-and-overview,BLOG,P0,EXISTING_REFRESH,BLOG_NEWS,/seedance-2-5,"Seedance 2.5 Release Date, Availability & Latest Status",Seedance 2.5 Release Date & Availability,17,SECONDARY,is seedance 2.5 released,is seedance 2.5 released,CANONICAL,510,52,--,KEEP_P0,HAS_VOLUME,2.5 Release / Availability,Blog：用于时效性、观点/Review、实验性新主题或适合文章表达的教程；不要写成低质批量水文。,KEEP_OR_REFRESH
/blog/seedance-2-5-release-date-and-overview,BLOG,P0,EXISTING_REFRESH,BLOG_NEWS,/seedance-2-5,"Seedance 2.5 Release Date, Availability & Latest Status",Seedance 2.5 Release Date & Availability,18,SECONDARY,polymarket seedance 2.5 release,polymarket seedance 2.5 release,CANONICAL,500,12,--,KEEP_P0,HAS_VOLUME,2.5 Core Hub,Blog：用于时效性、观点/Review、实验性新主题或适合文章表达的教程；不要写成低质批量水文。,KEEP_OR_REFRESH
/blog/seedance-2-5-release-date-and-overview,BLOG,P0,EXISTING_REFRESH,BLOG_NEWS,/seedance-2-5,"Seedance 2.5 Release Date, Availability & Latest Status",Seedance 2.5 Release Date & Availability,19,SECONDARY,seedance2.5不发布了吗？,seedance2.5不发布了吗？,CANONICAL,460,32,--,KEEP_P0,HAS_VOLUME,Other / Contextual,Blog：用于时效性、观点/Review、实验性新主题或适合文章表达的教程；不要写成低质批量水文。,KEEP_OR_REFRESH
/blog/seedance-2-5-release-date-and-overview,BLOG,P0,EXISTING_REFRESH,BLOG_NEWS,/seedance-2-5,"Seedance 2.5 Release Date, Availability & Latest Status",Seedance 2.5 Release Date & Availability,20,SECONDARY,how to launch seedance 2.5 with claude,how to launch seedance 2.5 with claude,CANONICAL,450,0,--,KEEP_P0,HAS_VOLUME,2.5 Core Hub,Blog：用于时效性、观点/Review、实验性新主题或适合文章表达的教程；不要写成低质批量水文。,KEEP_OR_REFRESH
/blog/seedance-2-5-release-date-and-overview,BLOG,P0,EXISTING_REFRESH,BLOG_NEWS,/seedance-2-5,"Seedance 2.5 Release Date, Availability & Latest Status",Seedance 2.5 Release Date & Availability,21,SECONDARY,seedance 2.5发布了吗？,seedance 2.5发布了吗？,CANONICAL,440,0,--,KEEP_P0,HAS_VOLUME,Homepage / Generic Seedance,Blog：用于时效性、观点/Review、实验性新主题或适合文章表达的教程；不要写成低质批量水文。,KEEP_OR_REFRESH
/blog/seedance-2-5-release-date-and-overview,BLOG,P0,EXISTING_REFRESH,BLOG_NEWS,/seedance-2-5,"Seedance 2.5 Release Date, Availability & Latest Status",Seedance 2.5 Release Date & Availability,22,SECONDARY,when is seedance 2.5 1080p coming to fal,when is seedance 2.5 1080p coming to fal,CANONICAL,440,0,--,KEEP_P0,HAS_VOLUME,2.5 Release / Availability,Blog：用于时效性、观点/Review、实验性新主题或适合文章表达的教程；不要写成低质批量水文。,KEEP_OR_REFRESH
/blog/seedance-2-5-release-date-and-overview,BLOG,P0,EXISTING_REFRESH,BLOG_NEWS,/seedance-2-5,"Seedance 2.5 Release Date, Availability & Latest Status",Seedance 2.5 Release Date & Availability,23,SECONDARY,seedance2.5发布,seedance2.5发布,CANONICAL,430,28,--,KEEP_P0,HAS_VOLUME,Other / Contextual,Blog：用于时效性、观点/Review、实验性新主题或适合文章表达的教程；不要写成低质批量水文。,KEEP_OR_REFRESH
/blog/seedance-2-5-release-date-and-overview,BLOG,P0,EXISTING_REFRESH,BLOG_NEWS,/seedance-2-5,"Seedance 2.5 Release Date, Availability & Latest Status",Seedance 2.5 Release Date & Availability,24,SECONDARY,seedance2.5上线,seedance2.5上线,CANONICAL,420,13,--,KEEP_P0,HAS_VOLUME,Other / Contextual,Blog：用于时效性、观点/Review、实验性新主题或适合文章表达的教程；不要写成低质批量水文。,KEEP_OR_REFRESH
/blog/seedance-2-5-release-date-and-overview,BLOG,P0,EXISTING_REFRESH,BLOG_NEWS,/seedance-2-5,"Seedance 2.5 Release Date, Availability & Latest Status",Seedance 2.5 Release Date & Availability,25,SECONDARY,bytedance released an official seedance 2.5 prompt guide,bytedance released an official seedance 2.5 prompt guide,CANONICAL,410,0,--,KEEP_P0,HAS_VOLUME,2.5 Release / Availability,Blog：用于时效性、观点/Review、实验性新主题或适合文章表达的教程；不要写成低质批量水文。,KEEP_OR_REFRESH
/blog/seedance-2-5-release-date-and-overview,BLOG,P0,EXISTING_REFRESH,BLOG_NEWS,/seedance-2-5,"Seedance 2.5 Release Date, Availability & Latest Status",Seedance 2.5 Release Date & Availability,26,SECONDARY,seedance 2.5 发布,seedance 2.5 发布,CANONICAL,400,99,--,KEEP_P0,HAS_VOLUME,2.5 Core Hub,Blog：用于时效性、观点/Review、实验性新主题或适合文章表达的教程；不要写成低质批量水文。,KEEP_OR_REFRESH
/blog/seedance-2-5-release-date-and-overview,BLOG,P0,EXISTING_REFRESH,BLOG_NEWS,/seedance-2-5,"Seedance 2.5 Release Date, Availability & Latest Status",Seedance 2.5 Release Date & Availability,27,SECONDARY,seedance 2.5 1080 prelease date,seedance 2.5 1080 prelease date,CANONICAL,400,0,--,KEEP_P0,HAS_VOLUME,2.5 Release / Availability,Blog：用于时效性、观点/Review、实验性新主题或适合文章表达的教程；不要写成低质批量水文。,KEEP_OR_REFRESH
/blog/seedance-2-5-release-date-and-overview,BLOG,P0,EXISTING_REFRESH,BLOG_NEWS,/seedance-2-5,"Seedance 2.5 Release Date, Availability & Latest Status",Seedance 2.5 Release Date & Availability,28,SECONDARY,when will seedance 2.5 be available on higgsfield,when will seedance 2.5 be available on higgsfield,CANONICAL,380,0,--,KEEP_P1,HAS_VOLUME,Platforms / Providers,Blog：用于时效性、观点/Review、实验性新主题或适合文章表达的教程；不要写成低质批量水文。,KEEP_OR_REFRESH
/blog/seedance-2-5-release-date-and-overview,BLOG,P0,EXISTING_REFRESH,BLOG_NEWS,/seedance-2-5,"Seedance 2.5 Release Date, Availability & Latest Status",Seedance 2.5 Release Date & Availability,29,SECONDARY,is seedance 2.5 completely released? in india?,is seedance 2.5 completely released? in india?,CANONICAL,360,0,--,KEEP_P0,HAS_VOLUME,2.5 Release / Availability,Blog：用于时效性、观点/Review、实验性新主题或适合文章表达的教程；不要写成低质批量水文。,KEEP_OR_REFRESH
/blog/seedance-2-5-release-date-and-overview,BLOG,P0,EXISTING_REFRESH,BLOG_NEWS,/seedance-2-5,"Seedance 2.5 Release Date, Availability & Latest Status",Seedance 2.5 Release Date & Availability,30,SECONDARY,seedance 2.5 release when,seedance 2.5 release when,CANONICAL,360,0,--,KEEP_P0,HAS_VOLUME,2.5 Core Hub,Blog：用于时效性、观点/Review、实验性新主题或适合文章表达的教程；不要写成低质批量水文。,KEEP_OR_REFRESH
/blog/seedance-2-5-release-date-and-overview,BLOG,P0,EXISTING_REFRESH,BLOG_NEWS,/seedance-2-5,"Seedance 2.5 Release Date, Availability & Latest Status",Seedance 2.5 Release Date & Availability,31,SECONDARY,when will seedance 2.5 be released,when will seedance 2.5 be released,CANONICAL,350,40,--,KEEP_P0,HAS_VOLUME,2.5 Release / Availability,Blog：用于时效性、观点/Review、实验性新主题或适合文章表达的教程；不要写成低质批量水文。,KEEP_OR_REFRESH
/blog/seedance-2-5-release-date-and-overview,BLOG,P0,EXISTING_REFRESH,BLOG_NEWS,/seedance-2-5,"Seedance 2.5 Release Date, Availability & Latest Status",Seedance 2.5 Release Date & Availability,32,SECONDARY,release seedance 2.5,release seedance 2.5,CANONICAL,330,53,--,KEEP_P0,HAS_VOLUME,2.5 Core Hub,Blog：用于时效性、观点/Review、实验性新主题或适合文章表达的教程；不要写成低质批量水文。,KEEP_OR_REFRESH
/blog/seedance-2-5-release-date-and-overview,BLOG,P0,EXISTING_REFRESH,BLOG_NEWS,/seedance-2-5,"Seedance 2.5 Release Date, Availability & Latest Status",Seedance 2.5 Release Date & Availability,33,SECONDARY,does seedance 2.5 released?,does seedance 2.5 released?,CANONICAL,320,7,--,KEEP_P0,HAS_VOLUME,2.5 Release / Availability,Blog：用于时效性、观点/Review、实验性新主题或适合文章表达的教程；不要写成低质批量水文。,KEEP_OR_REFRESH
/blog/seedance-2-5-release-date-and-overview,BLOG,P0,EXISTING_REFRESH,BLOG_NEWS,/seedance-2-5,"Seedance 2.5 Release Date, Availability & Latest Status",Seedance 2.5 Release Date & Availability,34,SECONDARY,seedance 2.5 reddit release date,seedance 2.5 reddit release date,CANONICAL,300,33,--,KEEP_P0,HAS_VOLUME,2.5 Release / Availability,Blog：用于时效性、观点/Review、实验性新主题或适合文章表达的教程；不要写成低质批量水文。,KEEP_OR_REFRESH
/blog/seedance-2-5-release-date-and-overview,BLOG,P0,EXISTING_REFRESH,BLOG_NEWS,/seedance-2-5,"Seedance 2.5 Release Date, Availability & Latest Status",Seedance 2.5 Release Date & Availability,35,SECONDARY,when will seedance 2.5 api be available on byteplus,when will seedance 2.5 api be available on byteplus,CANONICAL,300,0,--,KEEP_P0,HAS_VOLUME,API / Developer,Blog：用于时效性、观点/Review、实验性新主题或适合文章表达的教程；不要写成低质批量水文。,KEEP_OR_REFRESH
/blog/seedance-2-5-release-date-and-overview,BLOG,P0,EXISTING_REFRESH,BLOG_NEWS,/seedance-2-5,"Seedance 2.5 Release Date, Availability & Latest Status",Seedance 2.5 Release Date & Availability,36,SECONDARY,when is the lunch of seedance2.5,when is the lunch of seedance2.5,CANONICAL,290,91,--,KEEP_P0,HAS_VOLUME,2.5 Core Hub,Blog：用于时效性、观点/Review、实验性新主题或适合文章表达的教程；不要写成低质批量水文。,KEEP_OR_REFRESH
/blog/seedance-2-5-release-date-and-overview,BLOG,P0,EXISTING_REFRESH,BLOG_NEWS,/seedance-2-5,"Seedance 2.5 Release Date, Availability & Latest Status",Seedance 2.5 Release Date & Availability,37,SECONDARY,seedance2.5 上线,seedance2.5 上线,CANONICAL,290,55,--,KEEP_P0,HAS_VOLUME,2.5 Core Hub,Blog：用于时效性、观点/Review、实验性新主题或适合文章表达的教程；不要写成低质批量水文。,KEEP_OR_REFRESH
/blog/seedance-2-5-release-date-and-overview,BLOG,P0,EXISTING_REFRESH,BLOG_NEWS,/seedance-2-5,"Seedance 2.5 Release Date, Availability & Latest Status",Seedance 2.5 Release Date & Availability,38,SECONDARY,seedance 2.5上线,seedance 2.5上线,CANONICAL,290,10,--,KEEP_P0,HAS_VOLUME,Homepage / Generic Seedance,Blog：用于时效性、观点/Review、实验性新主题或适合文章表达的教程；不要写成低质批量水文。,KEEP_OR_REFRESH
/blog/seedance-2-5-release-date-and-overview,BLOG,P0,EXISTING_REFRESH,BLOG_NEWS,/seedance-2-5,"Seedance 2.5 Release Date, Availability & Latest Status",Seedance 2.5 Release Date & Availability,39,SECONDARY,seedance 2.5 官方发布时间,seedance 2.5 官方发布时间,CANONICAL,270,57,--,KEEP_P0,HAS_VOLUME,2.5 Core Hub,Blog：用于时效性、观点/Review、实验性新主题或适合文章表达的教程；不要写成低质批量水文。,KEEP_OR_REFRESH
/blog/seedance-2-5-release-date-and-overview,BLOG,P0,EXISTING_REFRESH,BLOG_NEWS,/seedance-2-5,"Seedance 2.5 Release Date, Availability & Latest Status",Seedance 2.5 Release Date & Availability,40,SECONDARY,seedance2.5什么时候发布,seedance2.5什么时候发布,CANONICAL,270,29,--,KEEP_P0,HAS_VOLUME,Other / Contextual,Blog：用于时效性、观点/Review、实验性新主题或适合文章表达的教程；不要写成低质批量水文。,KEEP_OR_REFRESH
/blog/seedance-2-5-release-date-and-overview,BLOG,P0,EXISTING_REFRESH,BLOG_NEWS,/seedance-2-5,"Seedance 2.5 Release Date, Availability & Latest Status",Seedance 2.5 Release Date & Availability,41,SECONDARY,is seedance 2.5 release rumors,is seedance 2.5 release rumors,CANONICAL,270,11,--,KEEP_P0,HAS_VOLUME,2.5 Core Hub,Blog：用于时效性、观点/Review、实验性新主题或适合文章表达的教程；不要写成低质批量水文。,KEEP_OR_REFRESH
/blog/seedance-2-5-release-date-and-overview,BLOG,P0,EXISTING_REFRESH,BLOG_NEWS,/seedance-2-5,"Seedance 2.5 Release Date, Availability & Latest Status",Seedance 2.5 Release Date & Availability,42,SECONDARY,seedance2.5 发布,seedance2.5 发布,CANONICAL,260,31,--,KEEP_P0,HAS_VOLUME,2.5 Core Hub,Blog：用于时效性、观点/Review、实验性新主题或适合文章表达的教程；不要写成低质批量水文。,KEEP_OR_REFRESH
/blog/seedance-2-5-release-date-and-overview,BLOG,P0,EXISTING_REFRESH,BLOG_NEWS,/seedance-2-5,"Seedance 2.5 Release Date, Availability & Latest Status",Seedance 2.5 Release Date & Availability,43,SECONDARY,seedance 2.5 什么时候发布,seedance 2.5 什么时候发布,CANONICAL,240,42,--,KEEP_P0,HAS_VOLUME,2.5 Core Hub,Blog：用于时效性、观点/Review、实验性新主题或适合文章表达的教程；不要写成低质批量水文。,KEEP_OR_REFRESH
/blog/seedance-2-5-release-date-and-overview,BLOG,P0,EXISTING_REFRESH,BLOG_NEWS,/seedance-2-5,"Seedance 2.5 Release Date, Availability & Latest Status",Seedance 2.5 Release Date & Availability,44,SECONDARY,seedance 2.5 usa release date,seedance 2.5 usa release date,CANONICAL,230,0,--,KEEP_P0,HAS_VOLUME,2.5 Release / Availability,Blog：用于时效性、观点/Review、实验性新主题或适合文章表达的教程；不要写成低质批量水文。,KEEP_OR_REFRESH
/blog/seedance-2-5-release-date-and-overview,BLOG,P0,EXISTING_REFRESH,BLOG_NEWS,/seedance-2-5,"Seedance 2.5 Release Date, Availability & Latest Status",Seedance 2.5 Release Date & Availability,45,SECONDARY,today si august 7 when will higgesfield launch seedance 2.5,today si august 7 when will higgesfield launch seedance 2.5,CANONICAL,230,0,--,KEEP_P0,HAS_VOLUME,2.5 Core Hub,Blog：用于时效性、观点/Review、实验性新主题或适合文章表达的教程；不要写成低质批量水文。,KEEP_OR_REFRESH
/blog/seedance-2-5-release-date-and-overview,BLOG,P0,EXISTING_REFRESH,BLOG_NEWS,/seedance-2-5,"Seedance 2.5 Release Date, Availability & Latest Status",Seedance 2.5 Release Date & Availability,46,SECONDARY,seedance 2.5 dreamina which countries is available,seedance 2.5 dreamina which countries is available,CANONICAL,210,0,--,KEEP_P1,HAS_VOLUME,Platforms / Providers,Blog：用于时效性、观点/Review、实验性新主题或适合文章表达的教程；不要写成低质批量水文。,KEEP_OR_REFRESH
/blog/seedance-2-5-release-date-and-overview,BLOG,P0,EXISTING_REFRESH,BLOG_NEWS,/seedance-2-5,"Seedance 2.5 Release Date, Availability & Latest Status",Seedance 2.5 Release Date & Availability,47,SECONDARY,seedance 2.5发布时间,seedance 2.5发布时间,CANONICAL,200,4,--,KEEP_P0,HAS_VOLUME,Homepage / Generic Seedance,Blog：用于时效性、观点/Review、实验性新主题或适合文章表达的教程；不要写成低质批量水文。,KEEP_OR_REFRESH
/blog/seedance-2-5-release-date-and-overview,BLOG,P0,EXISTING_REFRESH,BLOG_NEWS,/seedance-2-5,"Seedance 2.5 Release Date, Availability & Latest Status",Seedance 2.5 Release Date & Availability,48,SECONDARY,seedance 2.5 提示词上线,seedance 2.5 提示词上线,CANONICAL,190,0,--,KEEP_P0,HAS_VOLUME,2.5 Core Hub,Blog：用于时效性、观点/Review、实验性新主题或适合文章表达的教程；不要写成低质批量水文。,KEEP_OR_REFRESH
/blog/seedance-2-5-release-date-and-overview,BLOG,P0,EXISTING_REFRESH,BLOG_NEWS,/seedance-2-5,"Seedance 2.5 Release Date, Availability & Latest Status",Seedance 2.5 Release Date & Availability,49,SECONDARY,when seedance 2.5 release date,when seedance 2.5 release date,CANONICAL,190,0,--,KEEP_P0,HAS_VOLUME,2.5 Release / Availability,Blog：用于时效性、观点/Review、实验性新主题或适合文章表达的教程；不要写成低质批量水文。,KEEP_OR_REFRESH
/blog/seedance-2-5-release-date-and-overview,BLOG,P0,EXISTING_REFRESH,BLOG_NEWS,/seedance-2-5,"Seedance 2.5 Release Date, Availability & Latest Status",Seedance 2.5 Release Date & Availability,50,SECONDARY,seedance 2.5发布,seedance 2.5发布,CANONICAL,180,118,--,KEEP_P0,HAS_VOLUME,Homepage / Generic Seedance,Blog：用于时效性、观点/Review、实验性新主题或适合文章表达的教程；不要写成低质批量水文。,KEEP_OR_REFRESH
/blog/seedance-2-5-release-date-and-overview,BLOG,P0,EXISTING_REFRESH,BLOG_NEWS,/seedance-2-5,"Seedance 2.5 Release Date, Availability & Latest Status",Seedance 2.5 Release Date & Availability,51,SECONDARY,seedance 2.5 release date reddit,seedance 2.5 release date reddit,CANONICAL,180,29,--,KEEP_P0,HAS_VOLUME,2.5 Release / Availability,Blog：用于时效性、观点/Review、实验性新主题或适合文章表达的教程；不要写成低质批量水文。,KEEP_OR_REFRESH
/blog/seedance-2-5-release-date-and-overview,BLOG,P0,EXISTING_REFRESH,BLOG_NEWS,/seedance-2-5,"Seedance 2.5 Release Date, Availability & Latest Status",Seedance 2.5 Release Date & Availability,52,SECONDARY,seedance 2.5 video release date,seedance 2.5 video release date,CANONICAL,180,0,--,KEEP_P0,HAS_VOLUME,2.5 Release / Availability,Blog：用于时效性、观点/Review、实验性新主题或适合文章表达的教程；不要写成低质批量水文。,KEEP_OR_REFRESH
/blog/seedance-2-5-release-date-and-overview,BLOG,P0,EXISTING_REFRESH,BLOG_NEWS,/seedance-2-5,"Seedance 2.5 Release Date, Availability & Latest Status",Seedance 2.5 Release Date & Availability,53,SECONDARY,seedance2.5正式发布,seedance2.5正式发布,CANONICAL,150,5,--,KEEP_P0,HAS_VOLUME,Other / Contextual,Blog：用于时效性、观点/Review、实验性新主题或适合文章表达的教程；不要写成低质批量水文。,KEEP_OR_REFRESH
/blog/seedance-2-5-release-date-and-overview,BLOG,P0,EXISTING_REFRESH,BLOG_NEWS,/seedance-2-5,"Seedance 2.5 Release Date, Availability & Latest Status",Seedance 2.5 Release Date & Availability,54,SECONDARY,is seedance 2.5 available in capcut?,is seedance 2.5 available in capcut?,CANONICAL,140,0,--,KEEP_P1,HAS_VOLUME,Platforms / Providers,Blog：用于时效性、观点/Review、实验性新主题或适合文章表达的教程；不要写成低质批量水文。,KEEP_OR_REFRESH
/blog/seedance-2-5-release-date-and-overview,BLOG,P0,EXISTING_REFRESH,BLOG_NEWS,/seedance-2-5,"Seedance 2.5 Release Date, Availability & Latest Status",Seedance 2.5 Release Date & Availability,55,SECONDARY,seedance 2.5什么时候发布的,seedance 2.5什么时候发布的,CANONICAL,120,0,--,KEEP_P0,HAS_VOLUME,Homepage / Generic Seedance,Blog：用于时效性、观点/Review、实验性新主题或适合文章表达的教程；不要写成低质批量水文。,KEEP_OR_REFRESH
/blog/seedance-2-5-release-date-and-overview,BLOG,P0,EXISTING_REFRESH,BLOG_NEWS,/seedance-2-5,"Seedance 2.5 Release Date, Availability & Latest Status",Seedance 2.5 Release Date & Availability,56,SECONDARY,字节跳动给发布了一份官方提示词指南 seedance 2.5,字节跳动给发布了一份官方提示词指南 seedance 2.5,CANONICAL,120,0,--,KEEP_P0,HAS_VOLUME,2.5 Core Hub,Blog：用于时效性、观点/Review、实验性新主题或适合文章表达的教程；不要写成低质批量水文。,KEEP_OR_REFRESH
/blog/seedance-2-5-release-date-and-overview,BLOG,P0,EXISTING_REFRESH,BLOG_NEWS,/seedance-2-5,"Seedance 2.5 Release Date, Availability & Latest Status",Seedance 2.5 Release Date & Availability,57,SECONDARY,火山引擎上线 seedance 2.5 api：原生支持 30 秒视频直出,火山引擎上线 seedance 2.5 api：原生支持 30 秒视频直出,CANONICAL,120,0,--,KEEP_P0,HAS_VOLUME,API / Developer,Blog：用于时效性、观点/Review、实验性新主题或适合文章表达的教程；不要写成低质批量水文。,KEEP_OR_REFRESH
/blog/seedance-2-5-release-date-and-overview,BLOG,P0,EXISTING_REFRESH,BLOG_NEWS,/seedance-2-5,"Seedance 2.5 Release Date, Availability & Latest Status",Seedance 2.5 Release Date & Availability,58,SECONDARY,seedance 2.5 上线,seedance 2.5 上线,CANONICAL,70,6,--,KEEP_P0,HAS_VOLUME,2.5 Core Hub,Blog：用于时效性、观点/Review、实验性新主题或适合文章表达的教程；不要写成低质批量水文。,KEEP_OR_REFRESH
/blog/seedance-2-5-release-date-and-overview,BLOG,P0,EXISTING_REFRESH,BLOG_NEWS,/seedance-2-5,"Seedance 2.5 Release Date, Availability & Latest Status",Seedance 2.5 Release Date & Availability,59,SECONDARY,when seedance 2.5 will release?,when seedance 2.5 will release?,CANONICAL,60,10,--,KEEP_P0,HAS_VOLUME,2.5 Core Hub,Blog：用于时效性、观点/Review、实验性新主题或适合文章表达的教程；不要写成低质批量水文。,KEEP_OR_REFRESH
/blog/seedance-2-5-release-date-and-overview,BLOG,P0,EXISTING_REFRESH,BLOG_NEWS,/seedance-2-5,"Seedance 2.5 Release Date, Availability & Latest Status",Seedance 2.5 Release Date & Availability,60,SECONDARY,when is seedance 2.5 out,when is seedance 2.5 out,CANONICAL,50,23,--,KEEP_P0,HAS_VOLUME,2.5 Release / Availability,Blog：用于时效性、观点/Review、实验性新主题或适合文章表达的教程；不要写成低质批量水文。,KEEP_OR_REFRESH
/blog/seedance-2-5-release-date-and-overview,BLOG,P0,EXISTING_REFRESH,BLOG_NEWS,/seedance-2-5,"Seedance 2.5 Release Date, Availability & Latest Status",Seedance 2.5 Release Date & Availability,61,ZERO_VOLUME_SUPPORT,seedance 2.5 launch,seedance 2.5 launch,CANONICAL,0,121,--,KEEP_P0,ZERO_VOLUME_RELEVANT,2.5 Core Hub,Blog：用于时效性、观点/Review、实验性新主题或适合文章表达的教程；不要写成低质批量水文。,KEEP_OR_REFRESH
/blog/seedance-2-5-release-date-and-overview,BLOG,P0,EXISTING_REFRESH,BLOG_NEWS,/seedance-2-5,"Seedance 2.5 Release Date, Availability & Latest Status",Seedance 2.5 Release Date & Availability,62,ZERO_VOLUME_SUPPORT,is seedance 2.5 available,is seedance 2.5 available,CANONICAL,0,110,--,KEEP_P0,ZERO_VOLUME_RELEVANT,2.5 Core Hub,Blog：用于时效性、观点/Review、实验性新主题或适合文章表达的教程；不要写成低质批量水文。,KEEP_OR_REFRESH
/blog/seedance-2-5-release-date-and-overview,BLOG,P0,EXISTING_REFRESH,BLOG_NEWS,/seedance-2-5,"Seedance 2.5 Release Date, Availability & Latest Status",Seedance 2.5 Release Date & Availability,63,ZERO_VOLUME_SUPPORT,seedance 2.5 official release bytedance official video,seedance 2.5 official release bytedance official video,CANONICAL,0,74,--,KEEP_P0,ZERO_VOLUME_RELEVANT,2.5 Core Hub,Blog：用于时效性、观点/Review、实验性新主题或适合文章表达的教程；不要写成低质批量水文。,KEEP_OR_REFRESH
/blog/seedance-2-5-release-date-and-overview,BLOG,P0,EXISTING_REFRESH,BLOG_NEWS,/seedance-2-5,"Seedance 2.5 Release Date, Availability & Latest Status",Seedance 2.5 Release Date & Availability,64,ZERO_VOLUME_SUPPORT,seedance 2.5 official release bytedance official,seedance 2.5 official release bytedance official,CANONICAL,0,71,--,KEEP_P0,ZERO_VOLUME_RELEVANT,2.5 Core Hub,Blog：用于时效性、观点/Review、实验性新主题或适合文章表达的教程；不要写成低质批量水文。,KEEP_OR_REFRESH
/blog/seedance-2-5-release-date-and-overview,BLOG,P0,EXISTING_REFRESH,BLOG_NEWS,/seedance-2-5,"Seedance 2.5 Release Date, Availability & Latest Status",Seedance 2.5 Release Date & Availability,65,ZERO_VOLUME_SUPPORT,seedance 2.5 official release,seedance 2.5 official release,CANONICAL,0,70,--,KEEP_P0,ZERO_VOLUME_RELEVANT,2.5 Core Hub,Blog：用于时效性、观点/Review、实验性新主题或适合文章表达的教程；不要写成低质批量水文。,KEEP_OR_REFRESH
/blog/seedance-2-5-release-date-and-overview,BLOG,P0,EXISTING_REFRESH,BLOG_NEWS,/seedance-2-5,"Seedance 2.5 Release Date, Availability & Latest Status",Seedance 2.5 Release Date & Availability,66,ZERO_VOLUME_SUPPORT,seedance 2.5 launch trailer,seedance 2.5 launch trailer,CANONICAL,0,64,--,KEEP_P0,ZERO_VOLUME_RELEVANT,2.5 Core Hub,Blog：用于时效性、观点/Review、实验性新主题或适合文章表达的教程；不要写成低质批量水文。,KEEP_OR_REFRESH
/blog/seedance-2-5-release-date-and-overview,BLOG,P0,EXISTING_REFRESH,BLOG_NEWS,/seedance-2-5,"Seedance 2.5 Release Date, Availability & Latest Status",Seedance 2.5 Release Date & Availability,67,ZERO_VOLUME_SUPPORT,seedance 2.5 coming out,seedance 2.5 coming out,CANONICAL,0,48,--,KEEP_P0,ZERO_VOLUME_RELEVANT,2.5 Release / Availability,Blog：用于时效性、观点/Review、实验性新主题或适合文章表达的教程；不要写成低质批量水文。,KEEP_OR_REFRESH
/blog/seedance-2-5-release-date-and-overview,BLOG,P0,EXISTING_REFRESH,BLOG_NEWS,/seedance-2-5,"Seedance 2.5 Release Date, Availability & Latest Status",Seedance 2.5 Release Date & Availability,68,ZERO_VOLUME_SUPPORT,projected release date for seedance 2.5,projected release date for seedance 2.5,CANONICAL,0,43,--,KEEP_P0,ZERO_VOLUME_RELEVANT,2.5 Release / Availability,Blog：用于时效性、观点/Review、实验性新主题或适合文章表达的教程；不要写成低质批量水文。,KEEP_OR_REFRESH
/blog/seedance-2-5-release-date-and-overview,BLOG,P0,EXISTING_REFRESH,BLOG_NEWS,/seedance-2-5,"Seedance 2.5 Release Date, Availability & Latest Status",Seedance 2.5 Release Date & Availability,69,ZERO_VOLUME_SUPPORT,seedance 2.5 要在全球推出了嗎,seedance 2.5 要在全球推出了嗎,CANONICAL,0,43,--,KEEP_P0,ZERO_VOLUME_RELEVANT,2.5 Core Hub,Blog：用于时效性、观点/Review、实验性新主题或适合文章表达的教程；不要写成低质批量水文。,KEEP_OR_REFRESH
/blog/seedance-2-5-release-date-and-overview,BLOG,P0,EXISTING_REFRESH,BLOG_NEWS,/seedance-2-5,"Seedance 2.5 Release Date, Availability & Latest Status",Seedance 2.5 Release Date & Availability,70,ZERO_VOLUME_SUPPORT,bytedance seedance 2.5 release date,bytedance seedance 2.5 release date,CANONICAL,0,39,--,KEEP_P0,ZERO_VOLUME_RELEVANT,2.5 Release / Availability,Blog：用于时效性、观点/Review、实验性新主题或适合文章表达的教程；不要写成低质批量水文。,KEEP_OR_REFRESH
/blog/seedance-2-5-release-date-and-overview,BLOG,P0,EXISTING_REFRESH,BLOG_NEWS,/seedance-2-5,"Seedance 2.5 Release Date, Availability & Latest Status",Seedance 2.5 Release Date & Availability,71,ZERO_VOLUME_SUPPORT,when will seedance 2.5 be released in the us,when will seedance 2.5 be released in the us,CANONICAL,0,38,--,KEEP_P0,ZERO_VOLUME_RELEVANT,2.5 Release / Availability,Blog：用于时效性、观点/Review、实验性新主题或适合文章表达的教程；不要写成低质批量水文。,KEEP_OR_REFRESH
/blog/seedance-2-5-release-date-and-overview,BLOG,P0,EXISTING_REFRESH,BLOG_NEWS,/seedance-2-5,"Seedance 2.5 Release Date, Availability & Latest Status",Seedance 2.5 Release Date & Availability,72,ZERO_VOLUME_SUPPORT,seedance 2.5 launch trailer video,seedance 2.5 launch trailer video,CANONICAL,0,36,--,KEEP_P0,ZERO_VOLUME_RELEVANT,2.5 Core Hub,Blog：用于时效性、观点/Review、实验性新主题或适合文章表达的教程；不要写成低质批量水文。,KEEP_OR_REFRESH
/blog/seedance-2-5-release-date-and-overview,BLOG,P0,EXISTING_REFRESH,BLOG_NEWS,/seedance-2-5,"Seedance 2.5 Release Date, Availability & Latest Status",Seedance 2.5 Release Date & Availability,73,ZERO_VOLUME_SUPPORT,when will seedance 2.5 release,when will seedance 2.5 release,CANONICAL,0,35,--,KEEP_P0,ZERO_VOLUME_RELEVANT,2.5 Core Hub,Blog：用于时效性、观点/Review、实验性新主题或适合文章表达的教程；不要写成低质批量水文。,KEEP_OR_REFRESH
/blog/seedance-2-5-release-date-and-overview,BLOG,P0,EXISTING_REFRESH,BLOG_NEWS,/seedance-2-5,"Seedance 2.5 Release Date, Availability & Latest Status",Seedance 2.5 Release Date & Availability,74,ZERO_VOLUME_SUPPORT,seedance 2.5 release wann?,seedance 2.5 release wann?,CANONICAL,0,34,--,KEEP_P0,ZERO_VOLUME_RELEVANT,2.5 Core Hub,Blog：用于时效性、观点/Review、实验性新主题或适合文章表达的教程；不要写成低质批量水文。,KEEP_OR_REFRESH
/blog/seedance-2-5-release-date-and-overview,BLOG,P0,EXISTING_REFRESH,BLOG_NEWS,/seedance-2-5,"Seedance 2.5 Release Date, Availability & Latest Status",Seedance 2.5 Release Date & Availability,75,ZERO_VOLUME_SUPPORT,will release of seedance 2.5 be delayed in the us?,will release of seedance 2.5 be delayed in the us?,CANONICAL,0,32,--,KEEP_P0,ZERO_VOLUME_RELEVANT,2.5 Core Hub,Blog：用于时效性、观点/Review、实验性新主题或适合文章表达的教程；不要写成低质批量水文。,KEEP_OR_REFRESH
/blog/seedance-2-5-release-date-and-overview,BLOG,P0,EXISTING_REFRESH,BLOG_NEWS,/seedance-2-5,"Seedance 2.5 Release Date, Availability & Latest Status",Seedance 2.5 Release Date & Availability,76,ZERO_VOLUME_SUPPORT,reddit seedance 2.5 release date,reddit seedance 2.5 release date,CANONICAL,0,29,--,KEEP_P0,ZERO_VOLUME_RELEVANT,2.5 Release / Availability,Blog：用于时效性、观点/Review、实验性新主题或适合文章表达的教程；不要写成低质批量水文。,KEEP_OR_REFRESH
/blog/seedance-2-5-release-date-and-overview,BLOG,P0,EXISTING_REFRESH,BLOG_NEWS,/seedance-2-5,"Seedance 2.5 Release Date, Availability & Latest Status",Seedance 2.5 Release Date & Availability,77,ZERO_VOLUME_SUPPORT,suspected seedance 2.5 release date,suspected seedance 2.5 release date,CANONICAL,0,28,--,KEEP_P0,ZERO_VOLUME_RELEVANT,2.5 Release / Availability,Blog：用于时效性、观点/Review、实验性新主题或适合文章表达的教程；不要写成低质批量水文。,KEEP_OR_REFRESH
/blog/seedance-2-5-release-date-and-overview,BLOG,P0,EXISTING_REFRESH,BLOG_NEWS,/seedance-2-5,"Seedance 2.5 Release Date, Availability & Latest Status",Seedance 2.5 Release Date & Availability,78,ZERO_VOLUME_SUPPORT,is seedance 2.5 available?,is seedance 2.5 available?,CANONICAL,0,26,--,KEEP_P0,ZERO_VOLUME_RELEVANT,2.5 Core Hub,Blog：用于时效性、观点/Review、实验性新主题或适合文章表达的教程；不要写成低质批量水文。,KEEP_OR_REFRESH
/blog/seedance-2-5-release-date-and-overview,BLOG,P0,EXISTING_REFRESH,BLOG_NEWS,/seedance-2-5,"Seedance 2.5 Release Date, Availability & Latest Status",Seedance 2.5 Release Date & Availability,79,ZERO_VOLUME_SUPPORT,seedance2.5 api什么时候,seedance2.5 api什么时候,CANONICAL,0,24,--,KEEP_P0,ZERO_VOLUME_RELEVANT,API / Developer,Blog：用于时效性、观点/Review、实验性新主题或适合文章表达的教程；不要写成低质批量水文。,KEEP_OR_REFRESH
/blog/seedance-2-5-release-date-and-overview,BLOG,P0,EXISTING_REFRESH,BLOG_NEWS,/seedance-2-5,"Seedance 2.5 Release Date, Availability & Latest Status",Seedance 2.5 Release Date & Availability,80,ZERO_VOLUME_SUPPORT,"olcano engine announces seedance 2.5 video generation model, with launch expected in early july","olcano engine announces seedance 2.5 video generation model, with launch expected in early july",CANONICAL,0,23,--,KEEP_P0,ZERO_VOLUME_RELEVANT,2.5 Core Hub,Blog：用于时效性、观点/Review、实验性新主题或适合文章表达的教程；不要写成低质批量水文。,KEEP_OR_REFRESH
/blog/seedance-2-5-release-date-and-overview,BLOG,P0,EXISTING_REFRESH,BLOG_NEWS,/seedance-2-5,"Seedance 2.5 Release Date, Availability & Latest Status",Seedance 2.5 Release Date & Availability,81,ZERO_VOLUME_SUPPORT,seedance 2.5 .发布,seedance 2.5 .发布,CANONICAL,0,18,--,KEEP_P0,ZERO_VOLUME_RELEVANT,2.5 Core Hub,Blog：用于时效性、观点/Review、实验性新主题或适合文章表达的教程；不要写成低质批量水文。,KEEP_OR_REFRESH
/blog/seedance-2-5-release-date-and-overview,BLOG,P0,EXISTING_REFRESH,BLOG_NEWS,/seedance-2-5,"Seedance 2.5 Release Date, Availability & Latest Status",Seedance 2.5 Release Date & Availability,82,ZERO_VOLUME_SUPPORT,seedance 2.5活动什么时候开始,seedance 2.5活动什么时候开始,CANONICAL,0,17,--,KEEP_P0,ZERO_VOLUME_RELEVANT,Homepage / Generic Seedance,Blog：用于时效性、观点/Review、实验性新主题或适合文章表达的教程；不要写成低质批量水文。,KEEP_OR_REFRESH
/blog/seedance-2-5-release-date-and-overview,BLOG,P0,EXISTING_REFRESH,BLOG_NEWS,/seedance-2-5,"Seedance 2.5 Release Date, Availability & Latest Status",Seedance 2.5 Release Date & Availability,83,ZERO_VOLUME_SUPPORT,seedance 2.5 发布会,seedance 2.5 发布会,CANONICAL,0,13,--,KEEP_P0,ZERO_VOLUME_RELEVANT,2.5 Core Hub,Blog：用于时效性、观点/Review、实验性新主题或适合文章表达的教程；不要写成低质批量水文。,KEEP_OR_REFRESH
/blog/seedance-2-5-release-date-and-overview,BLOG,P0,EXISTING_REFRESH,BLOG_NEWS,/seedance-2-5,"Seedance 2.5 Release Date, Availability & Latest Status",Seedance 2.5 Release Date & Availability,84,ZERO_VOLUME_SUPPORT,seedance 2.5 release time,seedance 2.5 release time,CANONICAL,0,12,--,KEEP_P0,ZERO_VOLUME_RELEVANT,2.5 Core Hub,Blog：用于时效性、观点/Review、实验性新主题或适合文章表达的教程；不要写成低质批量水文。,KEEP_OR_REFRESH
/blog/seedance-2-5-release-date-and-overview,BLOG,P0,EXISTING_REFRESH,BLOG_NEWS,/seedance-2-5,"Seedance 2.5 Release Date, Availability & Latest Status",Seedance 2.5 Release Date & Availability,85,ZERO_VOLUME_SUPPORT,when seedance 2.5 available ?,when seedance 2.5 available ?,CANONICAL,0,11,--,KEEP_P0,ZERO_VOLUME_RELEVANT,2.5 Core Hub,Blog：用于时效性、观点/Review、实验性新主题或适合文章表达的教程；不要写成低质批量水文。,KEEP_OR_REFRESH
/how-to-use-seedance,SUBPAGE,P0,NEW,GUIDE,/seedance-2-0;/seedance-2-5,How to Use Seedance: Step-by-Step AI Video Guide,How to Use Seedance,1,PRIMARY,how to use seedance 2.0,how to use seedance 2.0,CANONICAL,4710,8741,32,KEEP_P0,HAS_VOLUME,How to Use / Tutorial,普通子页面：用于稳定、长期、功能型或明确独立意图；围绕主题完整回答并链接核心页。,BUILD_P0
/how-to-use-seedance,SUBPAGE,P0,NEW,GUIDE,/seedance-2-0;/seedance-2-5,How to Use Seedance: Step-by-Step AI Video Guide,How to Use Seedance,2,PRIMARY,seedance 2.5 guide,seedance 2.5 guide,CANONICAL,3610,15,--,KEEP_P0,HAS_VOLUME,2.5 Core Hub,普通子页面：用于稳定、长期、功能型或明确独立意图；围绕主题完整回答并链接核心页。,BUILD_P0
/how-to-use-seedance,SUBPAGE,P0,NEW,GUIDE,/seedance-2-0;/seedance-2-5,How to Use Seedance: Step-by-Step AI Video Guide,How to Use Seedance,3,PRIMARY,how to use seedance,how to use seedance,CANONICAL,3250,2109,46,KEEP_P0,HAS_VOLUME,How to Use / Tutorial,普通子页面：用于稳定、长期、功能型或明确独立意图；围绕主题完整回答并链接核心页。,BUILD_P0
/how-to-use-seedance,SUBPAGE,P0,NEW,GUIDE,/seedance-2-0;/seedance-2-5,How to Use Seedance: Step-by-Step AI Video Guide,How to Use Seedance,4,PRIMARY,how to access seedance 2.0,how to access seedance 2.0,CANONICAL,2670,2256,--,KEEP_P0,HAS_VOLUME,How to Use / Tutorial,普通子页面：用于稳定、长期、功能型或明确独立意图；围绕主题完整回答并链接核心页。,BUILD_P0
/how-to-use-seedance,SUBPAGE,P0,NEW,GUIDE,/seedance-2-0;/seedance-2-5,How to Use Seedance: Step-by-Step AI Video Guide,How to Use Seedance,5,PRIMARY,how to use seedance 2.5,how to use seedance 2.5,CANONICAL,1600,41,--,KEEP_P0,HAS_VOLUME,2.5 How-to / Core Guide,普通子页面：用于稳定、长期、功能型或明确独立意图；围绕主题完整回答并链接核心页。,BUILD_P0
/how-to-use-seedance,SUBPAGE,P0,NEW,GUIDE,/seedance-2-0;/seedance-2-5,How to Use Seedance: Step-by-Step AI Video Guide,How to Use Seedance,6,PRIMARY,seedance 2.0 guide,seedance 2.0 guide,CANONICAL,1340,291,--,KEEP_P0,HAS_VOLUME,2.0 Core / Generator,普通子页面：用于稳定、长期、功能型或明确独立意图；围绕主题完整回答并链接核心页。,BUILD_P0
/how-to-use-seedance,SUBPAGE,P0,NEW,GUIDE,/seedance-2-0;/seedance-2-5,How to Use Seedance: Step-by-Step AI Video Guide,How to Use Seedance,7,PRIMARY,seedance tutorial,seedance tutorial,CANONICAL,1250,90,--,KEEP_P0,HAS_VOLUME,How to Use / Tutorial,普通子页面：用于稳定、长期、功能型或明确独立意图；围绕主题完整回答并链接核心页。,BUILD_P0
/how-to-use-seedance,SUBPAGE,P0,NEW,GUIDE,/seedance-2-0;/seedance-2-5,How to Use Seedance: Step-by-Step AI Video Guide,How to Use Seedance,8,PRIMARY,how to use seedance 2.0 without being blocked,how to use seedance 2.0 without being blocked,CANONICAL,1040,37,--,KEEP_P0,HAS_VOLUME,How to Use / Tutorial,普通子页面：用于稳定、长期、功能型或明确独立意图；围绕主题完整回答并链接核心页。,BUILD_P0
/how-to-use-seedance,SUBPAGE,P0,NEW,GUIDE,/seedance-2-0;/seedance-2-5,How to Use Seedance: Step-by-Step AI Video Guide,How to Use Seedance,9,SECONDARY,how to use seedance in offline mode,how to use seedance in offline mode,CANONICAL,870,0,--,KEEP_P2,HAS_VOLUME,How to Use / Tutorial,普通子页面：用于稳定、长期、功能型或明确独立意图；围绕主题完整回答并链接核心页。,BUILD_P0
/how-to-use-seedance,SUBPAGE,P0,NEW,GUIDE,/seedance-2-0;/seedance-2-5,How to Use Seedance: Step-by-Step AI Video Guide,How to Use Seedance,10,SECONDARY,seedance painting trend tutorial,seedance painting trend tutorial,CANONICAL,840,0,--,KEEP_P2,HAS_VOLUME,How to Use / Tutorial,普通子页面：用于稳定、长期、功能型或明确独立意图；围绕主题完整回答并链接核心页。,BUILD_P0
/how-to-use-seedance,SUBPAGE,P0,NEW,GUIDE,/seedance-2-0;/seedance-2-5,How to Use Seedance: Step-by-Step AI Video Guide,How to Use Seedance,11,SECONDARY,how to access seedance 2.5,how to access seedance 2.5,CANONICAL,810,0,--,KEEP_P0,HAS_VOLUME,2.5 How-to / Core Guide,普通子页面：用于稳定、长期、功能型或明确独立意图；围绕主题完整回答并链接核心页。,BUILD_P0
/how-to-use-seedance,SUBPAGE,P0,NEW,GUIDE,/seedance-2-0;/seedance-2-5,How to Use Seedance: Step-by-Step AI Video Guide,How to Use Seedance,12,SECONDARY,seedance 4k promt guide bytedance,seedance 4k promt guide bytedance,CANONICAL,810,0,--,KEEP_P0,HAS_VOLUME,Homepage / Generic Seedance,普通子页面：用于稳定、长期、功能型或明确独立意图；围绕主题完整回答并链接核心页。,BUILD_P0
/how-to-use-seedance,SUBPAGE,P0,NEW,GUIDE,/seedance-2-0;/seedance-2-5,How to Use Seedance: Step-by-Step AI Video Guide,How to Use Seedance,13,SECONDARY,ai ad tutorial  with seedance 2.5,ai ad tutorial with seedance 2.5,CANONICAL,780,0,--,KEEP_P0,HAS_VOLUME,2.5 How-to / Core Guide,普通子页面：用于稳定、长期、功能型或明确独立意图；围绕主题完整回答并链接核心页。,BUILD_P0
/how-to-use-seedance,SUBPAGE,P0,NEW,GUIDE,/seedance-2-0;/seedance-2-5,How to Use Seedance: Step-by-Step AI Video Guide,How to Use Seedance,14,SECONDARY,seedance 2.5 promopt guide,seedance 2.5 promopt guide,CANONICAL,690,0,--,KEEP_P0,HAS_VOLUME,2.5 Core Hub,普通子页面：用于稳定、长期、功能型或明确独立意图；围绕主题完整回答并链接核心页。,BUILD_P0
/how-to-use-seedance,SUBPAGE,P0,NEW,GUIDE,/seedance-2-0;/seedance-2-5,How to Use Seedance: Step-by-Step AI Video Guide,How to Use Seedance,15,SECONDARY,how to access seedance,how to access seedance,CANONICAL,640,557,--,KEEP_P2,HAS_VOLUME,How to Use / Tutorial,普通子页面：用于稳定、长期、功能型或明确独立意图；围绕主题完整回答并链接核心页。,BUILD_P0
/how-to-use-seedance,SUBPAGE,P0,NEW,GUIDE,/seedance-2-0;/seedance-2-5,How to Use Seedance: Step-by-Step AI Video Guide,How to Use Seedance,16,SECONDARY,comfy ui seedance 2.0 tutorial,comfy ui seedance 2.0 tutorial,CANONICAL,640,0,--,KEEP_P0,HAS_VOLUME,How to Use / Tutorial,普通子页面：用于稳定、长期、功能型或明确独立意图；围绕主题完整回答并链接核心页。,BUILD_P0
/how-to-use-seedance,SUBPAGE,P0,NEW,GUIDE,/seedance-2-0;/seedance-2-5,How to Use Seedance: Step-by-Step AI Video Guide,How to Use Seedance,17,SECONDARY,seedance 2.5 promt guide,seedance 2.5 promt guide,CANONICAL,590,0,--,KEEP_P0,HAS_VOLUME,2.5 Core Hub,普通子页面：用于稳定、长期、功能型或明确独立意图；围绕主题完整回答并链接核心页。,BUILD_P0
/how-to-use-seedance,SUBPAGE,P0,NEW,GUIDE,/seedance-2-0;/seedance-2-5,How to Use Seedance: Step-by-Step AI Video Guide,How to Use Seedance,18,SECONDARY,how to use seedance 2,how to use seedance 2,CANONICAL,580,1281,--,KEEP_P2,HAS_VOLUME,How to Use / Tutorial,普通子页面：用于稳定、长期、功能型或明确独立意图；围绕主题完整回答并链接核心页。,BUILD_P0
/how-to-use-seedance,SUBPAGE,P0,NEW,GUIDE,/seedance-2-0;/seedance-2-5,How to Use Seedance: Step-by-Step AI Video Guide,How to Use Seedance,19,TYPO_SUPPORT,how to use seednace in india,how to use seedance in india,TYPO,550,0,--,KEEP_P2,HAS_VOLUME,How to Use / Tutorial,普通子页面：用于稳定、长期、功能型或明确独立意图；围绕主题完整回答并链接核心页。,BUILD_P0
/how-to-use-seedance,SUBPAGE,P0,NEW,GUIDE,/seedance-2-0;/seedance-2-5,How to Use Seedance: Step-by-Step AI Video Guide,How to Use Seedance,20,SECONDARY,seedance 4k promt guide,seedance 4k promt guide,CANONICAL,450,0,--,KEEP_P2,HAS_VOLUME,Homepage / Generic Seedance,普通子页面：用于稳定、长期、功能型或明确独立意图；围绕主题完整回答并链接核心页。,BUILD_P0
/how-to-use-seedance,SUBPAGE,P0,NEW,GUIDE,/seedance-2-0;/seedance-2-5,How to Use Seedance: Step-by-Step AI Video Guide,How to Use Seedance,21,SECONDARY,seedance camera movement painting trend tutorial,seedance camera movement painting trend tutorial,CANONICAL,450,0,--,KEEP_P2,HAS_VOLUME,How to Use / Tutorial,普通子页面：用于稳定、长期、功能型或明确独立意图；围绕主题完整回答并链接核心页。,BUILD_P0
/how-to-use-seedance,SUBPAGE,P0,NEW,GUIDE,/seedance-2-0;/seedance-2-5,How to Use Seedance: Step-by-Step AI Video Guide,How to Use Seedance,22,SECONDARY,seedance 2.5 user guide,seedance 2.5 user guide,CANONICAL,400,0,--,KEEP_P0,HAS_VOLUME,2.5 Core Hub,普通子页面：用于稳定、长期、功能型或明确独立意图；围绕主题完整回答并链接核心页。,BUILD_P0
/how-to-use-seedance,SUBPAGE,P0,NEW,GUIDE,/seedance-2-0;/seedance-2-5,How to Use Seedance: Step-by-Step AI Video Guide,How to Use Seedance,23,SECONDARY,seedance epic dron shot tutorial,seedance epic dron shot tutorial,CANONICAL,360,0,--,KEEP_P2,HAS_VOLUME,How to Use / Tutorial,普通子页面：用于稳定、长期、功能型或明确独立意图；围绕主题完整回答并链接核心页。,BUILD_P0
/how-to-use-seedance,SUBPAGE,P0,NEW,GUIDE,/seedance-2-0;/seedance-2-5,How to Use Seedance: Step-by-Step AI Video Guide,How to Use Seedance,24,SECONDARY,seedance 教程,seedance 教程,CANONICAL,340,13,--,KEEP_P2,HAS_VOLUME,Homepage / Generic Seedance,普通子页面：用于稳定、长期、功能型或明确独立意图；围绕主题完整回答并链接核心页。,BUILD_P0
/how-to-use-seedance,SUBPAGE,P0,NEW,GUIDE,/seedance-2-0;/seedance-2-5,How to Use Seedance: Step-by-Step AI Video Guide,How to Use Seedance,25,SECONDARY,how to use a storyboard in seedance 2.0 when you can only use one reference,how to use a storyboard in seedance 2.0 when you can only use one reference,CANONICAL,340,0,--,KEEP_P0,HAS_VOLUME,How to Use / Tutorial,普通子页面：用于稳定、长期、功能型或明确独立意图；围绕主题完整回答并链接核心页。,BUILD_P0
/how-to-use-seedance,SUBPAGE,P0,NEW,GUIDE,/seedance-2-0;/seedance-2-5,How to Use Seedance: Step-by-Step AI Video Guide,How to Use Seedance,26,SECONDARY,seedance 2 how to use,seedance 2 how to use,CANONICAL,330,140,--,KEEP_P2,HAS_VOLUME,How to Use / Tutorial,普通子页面：用于稳定、长期、功能型或明确独立意图；围绕主题完整回答并链接核心页。,BUILD_P0
/how-to-use-seedance,SUBPAGE,P0,NEW,GUIDE,/seedance-2-0;/seedance-2-5,How to Use Seedance: Step-by-Step AI Video Guide,How to Use Seedance,27,SECONDARY,"""creating with seedance 2.5"" — usage tutorial","""creating with seedance 2.5"" — usage tutorial",CANONICAL,330,0,--,KEEP_P0,HAS_VOLUME,2.5 How-to / Core Guide,普通子页面：用于稳定、长期、功能型或明确独立意图；围绕主题完整回答并链接核心页。,BUILD_P0
/how-to-use-seedance,SUBPAGE,P0,NEW,GUIDE,/seedance-2-0;/seedance-2-5,How to Use Seedance: Step-by-Step AI Video Guide,How to Use Seedance,28,SECONDARY,seedance 2.5 使用手册,seedance 2.5 使用手册,CANONICAL,320,10,--,KEEP_P0,HAS_VOLUME,2.5 Core Hub,普通子页面：用于稳定、长期、功能型或明确独立意图；围绕主题完整回答并链接核心页。,BUILD_P0
/how-to-use-seedance,SUBPAGE,P0,NEW,GUIDE,/seedance-2-0;/seedance-2-5,How to Use Seedance: Step-by-Step AI Video Guide,How to Use Seedance,29,SECONDARY,how to use seedance 2.5 locally on comfy ui?,how to use seedance 2.5 locally on comfy ui?,CANONICAL,320,0,--,KEEP_P0,HAS_VOLUME,2.5 How-to / Core Guide,普通子页面：用于稳定、长期、功能型或明确独立意图；围绕主题完整回答并链接核心页。,BUILD_P0
/how-to-use-seedance,SUBPAGE,P0,NEW,GUIDE,/seedance-2-0;/seedance-2-5,How to Use Seedance: Step-by-Step AI Video Guide,How to Use Seedance,30,SECONDARY,how to use seedance 2.5 in usa,how to use seedance 2.5 in usa,CANONICAL,310,0,--,KEEP_P0,HAS_VOLUME,2.5 How-to / Core Guide,普通子页面：用于稳定、长期、功能型或明确独立意图；围绕主题完整回答并链接核心页。,BUILD_P0
/how-to-use-seedance,SUBPAGE,P0,NEW,GUIDE,/seedance-2-0;/seedance-2-5,How to Use Seedance: Step-by-Step AI Video Guide,How to Use Seedance,31,SECONDARY,seedance 2.5 guideline,seedance 2.5 guideline,CANONICAL,310,0,--,KEEP_P0,HAS_VOLUME,2.5 Core Hub,普通子页面：用于稳定、长期、功能型或明确独立意图；围绕主题完整回答并链接核心页。,BUILD_P0
/how-to-use-seedance,SUBPAGE,P0,NEW,GUIDE,/seedance-2-0;/seedance-2-5,How to Use Seedance: Step-by-Step AI Video Guide,How to Use Seedance,32,SECONDARY,seedance how to use,seedance how to use,CANONICAL,300,509,43,KEEP_P2,HAS_VOLUME,How to Use / Tutorial,普通子页面：用于稳定、长期、功能型或明确独立意图；围绕主题完整回答并链接核心页。,BUILD_P0
/how-to-use-seedance,SUBPAGE,P0,NEW,GUIDE,/seedance-2-0;/seedance-2-5,How to Use Seedance: Step-by-Step AI Video Guide,How to Use Seedance,33,SECONDARY,seedance image rompt guide,seedance image rompt guide,CANONICAL,300,0,--,KEEP_P2,HAS_VOLUME,Homepage / Generic Seedance,普通子页面：用于稳定、长期、功能型或明确独立意图；围绕主题完整回答并链接核心页。,BUILD_P0
/how-to-use-seedance,SUBPAGE,P0,NEW,GUIDE,/seedance-2-0;/seedance-2-5,How to Use Seedance: Step-by-Step AI Video Guide,How to Use Seedance,34,SECONDARY,seedance image rompt guide bytedance,seedance image rompt guide bytedance,CANONICAL,300,0,--,KEEP_P0,HAS_VOLUME,Homepage / Generic Seedance,普通子页面：用于稳定、长期、功能型或明确独立意图；围绕主题完整回答并链接核心页。,BUILD_P0
/how-to-use-seedance,SUBPAGE,P0,NEW,GUIDE,/seedance-2-0;/seedance-2-5,How to Use Seedance: Step-by-Step AI Video Guide,How to Use Seedance,35,SECONDARY,how to use seedance 2.0 in dzine for lip sync,how to use seedance 2.0 in dzine for lip sync,CANONICAL,270,45,--,KEEP_P0,HAS_VOLUME,How to Use / Tutorial,普通子页面：用于稳定、长期、功能型或明确独立意图；围绕主题完整回答并链接核心页。,BUILD_P0
/how-to-use-seedance,SUBPAGE,P0,NEW,GUIDE,/seedance-2-0;/seedance-2-5,How to Use Seedance: Step-by-Step AI Video Guide,How to Use Seedance,36,SECONDARY,seedance 2.0 guidelines dont accept my videos,seedance 2.0 guidelines dont accept my videos,CANONICAL,270,0,--,KEEP_P0,HAS_VOLUME,2.0 Core / Generator,普通子页面：用于稳定、长期、功能型或明确独立意图；围绕主题完整回答并链接核心页。,BUILD_P0
/how-to-use-seedance,SUBPAGE,P0,NEW,GUIDE,/seedance-2-0;/seedance-2-5,How to Use Seedance: Step-by-Step AI Video Guide,How to Use Seedance,37,SECONDARY,seedance 2.5 official guide,seedance 2.5 official guide,CANONICAL,270,0,--,KEEP_P0,HAS_VOLUME,2.5 Core Hub,普通子页面：用于稳定、长期、功能型或明确独立意图；围绕主题完整回答并链接核心页。,BUILD_P0
/how-to-use-seedance,SUBPAGE,P0,NEW,GUIDE,/seedance-2-0;/seedance-2-5,How to Use Seedance: Step-by-Step AI Video Guide,How to Use Seedance,38,SECONDARY,how to use specific voice with seedance 2.5,how to use specific voice with seedance 2.5,CANONICAL,240,0,--,KEEP_P1,HAS_VOLUME,2.5 How-to / Core Guide,普通子页面：用于稳定、长期、功能型或明确独立意图；围绕主题完整回答并链接核心页。,BUILD_P0
/how-to-use-seedance,SUBPAGE,P0,NEW,GUIDE,/seedance-2-0;/seedance-2-5,How to Use Seedance: Step-by-Step AI Video Guide,How to Use Seedance,39,SECONDARY,seedance guide,seedance guide,CANONICAL,230,150,--,KEEP_P2,HAS_VOLUME,Homepage / Generic Seedance,普通子页面：用于稳定、长期、功能型或明确独立意图；围绕主题完整回答并链接核心页。,BUILD_P0
/how-to-use-seedance,SUBPAGE,P0,NEW,GUIDE,/seedance-2-0;/seedance-2-5,How to Use Seedance: Step-by-Step AI Video Guide,How to Use Seedance,40,SECONDARY,seedance ai 视频教程,seedance ai 视频教程,CANONICAL,210,20,--,KEEP_P2,HAS_VOLUME,Homepage / Generic Seedance,普通子页面：用于稳定、长期、功能型或明确独立意图；围绕主题完整回答并链接核心页。,BUILD_P0
/how-to-use-seedance,SUBPAGE,P0,NEW,GUIDE,/seedance-2-0;/seedance-2-5,How to Use Seedance: Step-by-Step AI Video Guide,How to Use Seedance,41,SECONDARY,seedance 2.5 promting guide,seedance 2.5 promting guide,CANONICAL,210,0,--,KEEP_P0,HAS_VOLUME,2.5 Core Hub,普通子页面：用于稳定、长期、功能型或明确独立意图；围绕主题完整回答并链接核心页。,BUILD_P0
/how-to-use-seedance,SUBPAGE,P0,NEW,GUIDE,/seedance-2-0;/seedance-2-5,How to Use Seedance: Step-by-Step AI Video Guide,How to Use Seedance,42,SECONDARY,how to use seedance2.0?,how to use seedance2.0?,CANONICAL,200,0,--,KEEP_P0,HAS_VOLUME,How to Use / Tutorial,普通子页面：用于稳定、长期、功能型或明确独立意图；围绕主题完整回答并链接核心页。,BUILD_P0
/how-to-use-seedance,SUBPAGE,P0,NEW,GUIDE,/seedance-2-0;/seedance-2-5,How to Use Seedance: Step-by-Step AI Video Guide,How to Use Seedance,43,TYPO_SUPPORT,seadance tutorial,seedance tutorial,TYPO_BRAND_OVERLAP,190,61,14,KEEP_P2,HAS_VOLUME,How to Use / Tutorial,普通子页面：用于稳定、长期、功能型或明确独立意图；围绕主题完整回答并链接核心页。,BUILD_P0
/how-to-use-seedance,SUBPAGE,P0,NEW,GUIDE,/seedance-2-0;/seedance-2-5,How to Use Seedance: Step-by-Step AI Video Guide,How to Use Seedance,44,SECONDARY,how to use storyboards for seedance 2,how to use storyboards for seedance 2,CANONICAL,190,0,--,KEEP_P2,HAS_VOLUME,How to Use / Tutorial,普通子页面：用于稳定、长期、功能型或明确独立意图；围绕主题完整回答并链接核心页。,BUILD_P0
/how-to-use-seedance,SUBPAGE,P0,NEW,GUIDE,/seedance-2-0;/seedance-2-5,How to Use Seedance: Step-by-Step AI Video Guide,How to Use Seedance,45,SECONDARY,seedance 2.5 tutorial,seedance 2.5 tutorial,CANONICAL,180,24,--,KEEP_P0,HAS_VOLUME,2.5 How-to / Core Guide,普通子页面：用于稳定、长期、功能型或明确独立意图；围绕主题完整回答并链接核心页。,BUILD_P0
/how-to-use-seedance,SUBPAGE,P0,NEW,GUIDE,/seedance-2-0;/seedance-2-5,How to Use Seedance: Step-by-Step AI Video Guide,How to Use Seedance,46,SECONDARY,bytedance seedance 2.5 promp guide,bytedance seedance 2.5 promp guide,CANONICAL,180,0,--,KEEP_P0,HAS_VOLUME,2.5 Core Hub,普通子页面：用于稳定、长期、功能型或明确独立意图；围绕主题完整回答并链接核心页。,BUILD_P0
/how-to-use-seedance,SUBPAGE,P0,NEW,GUIDE,/seedance-2-0;/seedance-2-5,How to Use Seedance: Step-by-Step AI Video Guide,How to Use Seedance,47,SECONDARY,"how to use seedance 2,5","how to use seedance 2,5",CANONICAL,180,0,--,KEEP_P2,HAS_VOLUME,How to Use / Tutorial,普通子页面：用于稳定、长期、功能型或明确独立意图；围绕主题完整回答并链接核心页。,BUILD_P0
/how-to-use-seedance,SUBPAGE,P0,NEW,GUIDE,/seedance-2-0;/seedance-2-5,How to Use Seedance: Step-by-Step AI Video Guide,How to Use Seedance,48,SECONDARY,how to use video reference for seedance 2.5,how to use video reference for seedance 2.5,CANONICAL,180,0,--,KEEP_P1,HAS_VOLUME,2.5 How-to / Core Guide,普通子页面：用于稳定、长期、功能型或明确独立意图；围绕主题完整回答并链接核心页。,BUILD_P0
/how-to-use-seedance,SUBPAGE,P0,NEW,GUIDE,/seedance-2-0;/seedance-2-5,How to Use Seedance: Step-by-Step AI Video Guide,How to Use Seedance,49,SECONDARY,bytedance seedance 2 guide pdf,bytedance seedance 2 guide pdf,CANONICAL,170,0,--,KEEP_P0,HAS_VOLUME,Homepage / Generic Seedance,普通子页面：用于稳定、长期、功能型或明确独立意图；围绕主题完整回答并链接核心页。,BUILD_P0
/how-to-use-seedance,SUBPAGE,P0,NEW,GUIDE,/seedance-2-0;/seedance-2-5,How to Use Seedance: Step-by-Step AI Video Guide,How to Use Seedance,50,SECONDARY,how to access latest seedance,how to access latest seedance,CANONICAL,170,0,--,KEEP_P2,HAS_VOLUME,How to Use / Tutorial,普通子页面：用于稳定、长期、功能型或明确独立意图；围绕主题完整回答并链接核心页。,BUILD_P0
/how-to-use-seedance,SUBPAGE,P0,NEW,GUIDE,/seedance-2-0;/seedance-2-5,How to Use Seedance: Step-by-Step AI Video Guide,How to Use Seedance,51,SECONDARY,seedance  2.5 feishu 教程,seedance 2.5 feishu 教程,CANONICAL,170,0,--,KEEP_P0,HAS_VOLUME,2.5 Core Hub,普通子页面：用于稳定、长期、功能型或明确独立意图；围绕主题完整回答并链接核心页。,BUILD_P0
/how-to-use-seedance,SUBPAGE,P0,NEW,GUIDE,/seedance-2-0;/seedance-2-5,How to Use Seedance: Step-by-Step AI Video Guide,How to Use Seedance,52,SECONDARY,seedance feishu 教程,seedance feishu 教程,CANONICAL,170,0,--,KEEP_P2,HAS_VOLUME,Homepage / Generic Seedance,普通子页面：用于稳定、长期、功能型或明确独立意图；围绕主题完整回答并链接核心页。,BUILD_P0
/how-to-use-seedance,SUBPAGE,P0,NEW,GUIDE,/seedance-2-0;/seedance-2-5,How to Use Seedance: Step-by-Step AI Video Guide,How to Use Seedance,53,SECONDARY,seedance 2.0 promp guide,seedance 2.0 promp guide,CANONICAL,160,21,--,KEEP_P0,HAS_VOLUME,2.0 Core / Generator,普通子页面：用于稳定、长期、功能型或明确独立意图；围绕主题完整回答并链接核心页。,BUILD_P0
/how-to-use-seedance,SUBPAGE,P0,NEW,GUIDE,/seedance-2-0;/seedance-2-5,How to Use Seedance: Step-by-Step AI Video Guide,How to Use Seedance,54,SECONDARY,"""how to use seedance 2.0""","""how to use seedance 2.0""",CANONICAL,160,0,--,KEEP_P0,HAS_VOLUME,How to Use / Tutorial,普通子页面：用于稳定、长期、功能型或明确独立意图；围绕主题完整回答并链接核心页。,BUILD_P0
/how-to-use-seedance,SUBPAGE,P0,NEW,GUIDE,/seedance-2-0;/seedance-2-5,How to Use Seedance: Step-by-Step AI Video Guide,How to Use Seedance,55,SECONDARY,leonardo ai seedance 2.0 how to use reference images,leonardo ai seedance 2.0 how to use reference images,CANONICAL,150,49,--,KEEP_P0,HAS_VOLUME,How to Use / Tutorial,普通子页面：用于稳定、长期、功能型或明确独立意图；围绕主题完整回答并链接核心页。,BUILD_P0
/how-to-use-seedance,SUBPAGE,P0,NEW,GUIDE,/seedance-2-0;/seedance-2-5,How to Use Seedance: Step-by-Step AI Video Guide,How to Use Seedance,56,SECONDARY,how to use official seedance,how to use official seedance,CANONICAL,150,20,--,KEEP_P2,HAS_VOLUME,How to Use / Tutorial,普通子页面：用于稳定、长期、功能型或明确独立意图；围绕主题完整回答并链接核心页。,BUILD_P0
/how-to-use-seedance,SUBPAGE,P0,NEW,GUIDE,/seedance-2-0;/seedance-2-5,How to Use Seedance: Step-by-Step AI Video Guide,How to Use Seedance,57,SECONDARY,how to use selfie as reference seedance 2.5,how to use selfie as reference seedance 2.5,CANONICAL,150,0,--,KEEP_P0,HAS_VOLUME,2.5 How-to / Core Guide,普通子页面：用于稳定、长期、功能型或明确独立意图；围绕主题完整回答并链接核心页。,BUILD_P0
/how-to-use-seedance,SUBPAGE,P0,NEW,GUIDE,/seedance-2-0;/seedance-2-5,How to Use Seedance: Step-by-Step AI Video Guide,How to Use Seedance,58,SECONDARY,seedance 2.5 guide 2026,seedance 2.5 guide 2026,CANONICAL,140,0,--,KEEP_P0,HAS_VOLUME,2.5 Core Hub,普通子页面：用于稳定、长期、功能型或明确独立意图；围绕主题完整回答并链接核心页。,BUILD_P0
/how-to-use-seedance,SUBPAGE,P0,NEW,GUIDE,/seedance-2-0;/seedance-2-5,How to Use Seedance: Step-by-Step AI Video Guide,How to Use Seedance,59,SECONDARY,seedance 2.5 storboard reference guide,seedance 2.5 storboard reference guide,CANONICAL,140,0,--,KEEP_P0,HAS_VOLUME,2.5 Core Hub,普通子页面：用于稳定、长期、功能型或明确独立意图；围绕主题完整回答并链接核心页。,BUILD_P0
/how-to-use-seedance,SUBPAGE,P0,NEW,GUIDE,/seedance-2-0;/seedance-2-5,How to Use Seedance: Step-by-Step AI Video Guide,How to Use Seedance,60,SECONDARY,seedance 2.5 storyboard reference guide,seedance 2.5 storyboard reference guide,CANONICAL,140,0,--,KEEP_P0,HAS_VOLUME,2.5 Core Hub,普通子页面：用于稳定、长期、功能型或明确独立意图；围绕主题完整回答并链接核心页。,BUILD_P0
/how-to-use-seedance,SUBPAGE,P0,NEW,GUIDE,/seedance-2-0;/seedance-2-5,How to Use Seedance: Step-by-Step AI Video Guide,How to Use Seedance,61,ZERO_VOLUME_SUPPORT,seedance 2.0 教學,seedance 2.0 教學,CANONICAL,0,917,20,KEEP_P0,ZERO_VOLUME_RELEVANT,2.0 Core / Generator,普通子页面：用于稳定、长期、功能型或明确独立意图；围绕主题完整回答并链接核心页。,BUILD_P0
/how-to-use-seedance,SUBPAGE,P0,NEW,GUIDE,/seedance-2-0;/seedance-2-5,How to Use Seedance: Step-by-Step AI Video Guide,How to Use Seedance,62,TYPO_SUPPORT,how to use seadance 2.0,how to use seedance 2.0,TYPO_BRAND_OVERLAP,0,240,37,KEEP_P0,ZERO_VOLUME_RELEVANT,How to Use / Tutorial,普通子页面：用于稳定、长期、功能型或明确独立意图；围绕主题完整回答并链接核心页。,BUILD_P0
/how-to-use-seedance,SUBPAGE,P0,NEW,GUIDE,/seedance-2-0;/seedance-2-5,How to Use Seedance: Step-by-Step AI Video Guide,How to Use Seedance,63,ZERO_VOLUME_SUPPORT,how to use seedance to create viral tiktok stories,how to use seedance to create viral tiktok stories,CANONICAL,0,216,4,KEEP_P2,ZERO_VOLUME_RELEVANT,How to Use / Tutorial,普通子页面：用于稳定、长期、功能型或明确独立意图；围绕主题完整回答并链接核心页。,BUILD_P0
/how-to-use-seedance,SUBPAGE,P0,NEW,GUIDE,/seedance-2-0;/seedance-2-5,How to Use Seedance: Step-by-Step AI Video Guide,How to Use Seedance,64,ZERO_VOLUME_SUPPORT,seedance 教學,seedance 教學,CANONICAL,0,135,--,KEEP_P2,ZERO_VOLUME_RELEVANT,Homepage / Generic Seedance,普通子页面：用于稳定、长期、功能型或明确独立意图；围绕主题完整回答并链接核心页。,BUILD_P0
/how-to-use-seedance,SUBPAGE,P0,NEW,GUIDE,/seedance-2-0;/seedance-2-5,How to Use Seedance: Step-by-Step AI Video Guide,How to Use Seedance,65,ZERO_VOLUME_SUPPORT,how to use seedance with the face,how to use seedance with the face,CANONICAL,0,132,--,KEEP_P2,ZERO_VOLUME_RELEVANT,How to Use / Tutorial,普通子页面：用于稳定、长期、功能型或明确独立意图；围绕主题完整回答并链接核心页。,BUILD_P0
/how-to-use-seedance,SUBPAGE,P0,NEW,GUIDE,/seedance-2-0;/seedance-2-5,How to Use Seedance: Step-by-Step AI Video Guide,How to Use Seedance,66,ZERO_VOLUME_SUPPORT,seedance2.0怎么用,seedance2.0怎么用,CANONICAL,0,98,--,KEEP_P0,ZERO_VOLUME_RELEVANT,Other / Contextual,普通子页面：用于稳定、长期、功能型或明确独立意图；围绕主题完整回答并链接核心页。,BUILD_P0
/how-to-use-seedance,SUBPAGE,P0,NEW,GUIDE,/seedance-2-0;/seedance-2-5,How to Use Seedance: Step-by-Step AI Video Guide,How to Use Seedance,67,ZERO_VOLUME_SUPPORT,curso o tutorial completo del uso profesional de seedance 2.0,curso o tutorial completo del uso profesional de seedance 2.0,CANONICAL,0,84,--,KEEP_P0,ZERO_VOLUME_RELEVANT,How to Use / Tutorial,普通子页面：用于稳定、长期、功能型或明确独立意图；围绕主题完整回答并链接核心页。,BUILD_P0
/how-to-use-seedance,SUBPAGE,P0,NEW,GUIDE,/seedance-2-0;/seedance-2-5,How to Use Seedance: Step-by-Step AI Video Guide,How to Use Seedance,68,ZERO_VOLUME_SUPPORT,seedance 2.0 如何使用,seedance 2.0 如何使用,CANONICAL,0,80,--,KEEP_P0,ZERO_VOLUME_RELEVANT,2.0 Core / Generator,普通子页面：用于稳定、长期、功能型或明确独立意图；围绕主题完整回答并链接核心页。,BUILD_P0
/how-to-use-seedance,SUBPAGE,P0,NEW,GUIDE,/seedance-2-0;/seedance-2-5,How to Use Seedance: Step-by-Step AI Video Guide,How to Use Seedance,69,ZERO_VOLUME_SUPPORT,how to use seedance 2.0 locally,how to use seedance 2.0 locally,CANONICAL,0,70,--,KEEP_P0,ZERO_VOLUME_RELEVANT,How to Use / Tutorial,普通子页面：用于稳定、长期、功能型或明确独立意图；围绕主题完整回答并链接核心页。,BUILD_P0
/how-to-use-seedance,SUBPAGE,P0,NEW,GUIDE,/seedance-2-0;/seedance-2-5,How to Use Seedance: Step-by-Step AI Video Guide,How to Use Seedance,70,ZERO_VOLUME_SUPPORT,seedance2.0使用手册,seedance2.0使用手册,CANONICAL,0,63,--,KEEP_P0,ZERO_VOLUME_RELEVANT,Other / Contextual,普通子页面：用于稳定、长期、功能型或明确独立意图；围绕主题完整回答并链接核心页。,BUILD_P0
/how-to-use-seedance,SUBPAGE,P0,NEW,GUIDE,/seedance-2-0;/seedance-2-5,How to Use Seedance: Step-by-Step AI Video Guide,How to Use Seedance,71,ZERO_VOLUME_SUPPORT,how to use a video to extend a scene forward in seedance 2.0,how to use a video to extend a scene forward in seedance 2.0,CANONICAL,0,60,--,KEEP_P0,ZERO_VOLUME_RELEVANT,How to Use / Tutorial,普通子页面：用于稳定、长期、功能型或明确独立意图；围绕主题完整回答并链接核心页。,BUILD_P0
/how-to-use-seedance,SUBPAGE,P0,NEW,GUIDE,/seedance-2-0;/seedance-2-5,How to Use Seedance: Step-by-Step AI Video Guide,How to Use Seedance,72,TYPO_SUPPORT,how to use seadance 2.0 unmoderated,how to use seedance 2.0 unmoderated,TYPO_BRAND_OVERLAP,0,51,34,KEEP_P2,ZERO_VOLUME_RELEVANT,How to Use / Tutorial,普通子页面：用于稳定、长期、功能型或明确独立意图；围绕主题完整回答并链接核心页。,BUILD_P0
/how-to-use-seedance,SUBPAGE,P0,NEW,GUIDE,/seedance-2-0;/seedance-2-5,How to Use Seedance: Step-by-Step AI Video Guide,How to Use Seedance,73,ZERO_VOLUME_SUPPORT,seedance how to use youtube,seedance how to use youtube,CANONICAL,0,47,1,KEEP_P2,ZERO_VOLUME_RELEVANT,How to Use / Tutorial,普通子页面：用于稳定、长期、功能型或明确独立意图；围绕主题完整回答并链接核心页。,BUILD_P0
/how-to-use-seedance,SUBPAGE,P0,NEW,GUIDE,/seedance-2-0;/seedance-2-5,How to Use Seedance: Step-by-Step AI Video Guide,How to Use Seedance,74,ZERO_VOLUME_SUPPORT,seedance 2.0 官方 教程,seedance 2.0 官方 教程,CANONICAL,0,44,--,KEEP_P0,ZERO_VOLUME_RELEVANT,2.0 Core / Generator,普通子页面：用于稳定、长期、功能型或明确独立意图；围绕主题完整回答并链接核心页。,BUILD_P0
/how-to-use-seedance,SUBPAGE,P0,NEW,GUIDE,/seedance-2-0;/seedance-2-5,How to Use Seedance: Step-by-Step AI Video Guide,How to Use Seedance,75,ZERO_VOLUME_SUPPORT,how to use referfence videos in seedance,how to use referfence videos in seedance,CANONICAL,0,43,1,KEEP_P2,ZERO_VOLUME_RELEVANT,How to Use / Tutorial,普通子页面：用于稳定、长期、功能型或明确独立意图；围绕主题完整回答并链接核心页。,BUILD_P0
/how-to-use-seedance,SUBPAGE,P0,NEW,GUIDE,/seedance-2-0;/seedance-2-5,How to Use Seedance: Step-by-Step AI Video Guide,How to Use Seedance,76,ZERO_VOLUME_SUPPORT,how to use seedance 2.0 without content filters,how to use seedance 2.0 without content filters,CANONICAL,0,40,--,KEEP_P0,ZERO_VOLUME_RELEVANT,How to Use / Tutorial,普通子页面：用于稳定、长期、功能型或明确独立意图；围绕主题完整回答并链接核心页。,BUILD_P0
/how-to-use-seedance,SUBPAGE,P0,NEW,GUIDE,/seedance-2-0;/seedance-2-5,How to Use Seedance: Step-by-Step AI Video Guide,How to Use Seedance,77,ZERO_VOLUME_SUPPORT,"in seedance 2.0, how to use the black mp4 to match with the lip-synced lyrics","in seedance 2.0, how to use the black mp4 to match with the lip-synced lyrics",CANONICAL,0,39,--,KEEP_P0,ZERO_VOLUME_RELEVANT,How to Use / Tutorial,普通子页面：用于稳定、长期、功能型或明确独立意图；围绕主题完整回答并链接核心页。,BUILD_P0
/how-to-use-seedance,SUBPAGE,P0,NEW,GUIDE,/seedance-2-0;/seedance-2-5,How to Use Seedance: Step-by-Step AI Video Guide,How to Use Seedance,78,ZERO_VOLUME_SUPPORT,seedance 2.0 fight scene tutorial,seedance 2.0 fight scene tutorial,CANONICAL,0,39,--,KEEP_P0,ZERO_VOLUME_RELEVANT,How to Use / Tutorial,普通子页面：用于稳定、长期、功能型或明确独立意图；围绕主题完整回答并链接核心页。,BUILD_P0
/how-to-use-seedance,SUBPAGE,P0,NEW,GUIDE,/seedance-2-0;/seedance-2-5,How to Use Seedance: Step-by-Step AI Video Guide,How to Use Seedance,79,ZERO_VOLUME_SUPPORT,china ai video how to use seedance? what website,china ai video how to use seedance? what website,CANONICAL,0,38,34,KEEP_P0,ZERO_VOLUME_RELEVANT,How to Use / Tutorial,普通子页面：用于稳定、长期、功能型或明确独立意图；围绕主题完整回答并链接核心页。,BUILD_P0
/how-to-use-seedance,SUBPAGE,P0,NEW,GUIDE,/seedance-2-0;/seedance-2-5,How to Use Seedance: Step-by-Step AI Video Guide,How to Use Seedance,80,ZERO_VOLUME_SUPPORT,seedance code guide pdf,seedance code guide pdf,CANONICAL,0,38,--,KEEP_P2,ZERO_VOLUME_RELEVANT,Homepage / Generic Seedance,普通子页面：用于稳定、长期、功能型或明确独立意图；围绕主题完整回答并链接核心页。,BUILD_P0
/how-to-use-seedance,SUBPAGE,P0,NEW,GUIDE,/seedance-2-0;/seedance-2-5,How to Use Seedance: Step-by-Step AI Video Guide,How to Use Seedance,81,ZERO_VOLUME_SUPPORT,seedance2.0教程,seedance2.0教程,CANONICAL,0,38,--,KEEP_P0,ZERO_VOLUME_RELEVANT,Other / Contextual,普通子页面：用于稳定、长期、功能型或明确独立意图；围绕主题完整回答并链接核心页。,BUILD_P0
/how-to-use-seedance,SUBPAGE,P0,NEW,GUIDE,/seedance-2-0;/seedance-2-5,How to Use Seedance: Step-by-Step AI Video Guide,How to Use Seedance,82,ZERO_VOLUME_SUPPORT,how to use seedance 2.0 on my computer,how to use seedance 2.0 on my computer,CANONICAL,0,35,--,KEEP_P0,ZERO_VOLUME_RELEVANT,How to Use / Tutorial,普通子页面：用于稳定、长期、功能型或明确独立意图；围绕主题完整回答并链接核心页。,BUILD_P0
/how-to-use-seedance,SUBPAGE,P0,NEW,GUIDE,/seedance-2-0;/seedance-2-5,How to Use Seedance: Step-by-Step AI Video Guide,How to Use Seedance,83,ZERO_VOLUME_SUPPORT,seedance talking head guide,seedance talking head guide,CANONICAL,0,32,--,KEEP_P2,ZERO_VOLUME_RELEVANT,Homepage / Generic Seedance,普通子页面：用于稳定、长期、功能型或明确独立意图；围绕主题完整回答并链接核心页。,BUILD_P0
/how-to-use-seedance,SUBPAGE,P0,NEW,GUIDE,/seedance-2-0;/seedance-2-5,How to Use Seedance: Step-by-Step AI Video Guide,How to Use Seedance,84,ZERO_VOLUME_SUPPORT,seedance 2.0 官方教程,seedance 2.0 官方教程,CANONICAL,0,30,--,KEEP_P0,ZERO_VOLUME_RELEVANT,2.0 Core / Generator,普通子页面：用于稳定、长期、功能型或明确独立意图；围绕主题完整回答并链接核心页。,BUILD_P0
/how-to-use-seedance,SUBPAGE,P0,NEW,GUIDE,/seedance-2-0;/seedance-2-5,How to Use Seedance: Step-by-Step AI Video Guide,How to Use Seedance,85,ZERO_VOLUME_SUPPORT,envato how to use seedance,envato how to use seedance,CANONICAL,0,28,--,KEEP_P2,ZERO_VOLUME_RELEVANT,How to Use / Tutorial,普通子页面：用于稳定、长期、功能型或明确独立意图；围绕主题完整回答并链接核心页。,BUILD_P0
/prompts,SUBPAGE,P0,EXISTING,PROMPT_HUB,/prompts/seedance-2-0;/blog/seedance-2-5-prompt-engineering-guide,"Seedance Prompts: Examples, Templates & Prompt Guide",Seedance Prompts,1,PRIMARY,seedance prompts,seedance prompts,CANONICAL,4430,1892,10,KEEP_P0,HAS_VOLUME,Generic Prompts,普通子页面：用于稳定、长期、功能型或明确独立意图；围绕主题完整回答并链接核心页。,KEEP_OR_REFRESH
/prompts,SUBPAGE,P0,EXISTING,PROMPT_HUB,/prompts/seedance-2-0;/blog/seedance-2-5-prompt-engineering-guide,"Seedance Prompts: Examples, Templates & Prompt Guide",Seedance Prompts,2,PRIMARY,seedance 2 prompts,seedance 2 prompts,CANONICAL,2730,1339,10,KEEP_P0,HAS_VOLUME,Generic Prompts,普通子页面：用于稳定、长期、功能型或明确独立意图；围绕主题完整回答并链接核心页。,KEEP_OR_REFRESH
/prompts,SUBPAGE,P0,EXISTING,PROMPT_HUB,/prompts/seedance-2-0;/blog/seedance-2-5-prompt-engineering-guide,"Seedance Prompts: Examples, Templates & Prompt Guide",Seedance Prompts,3,PRIMARY,seedance prompt guide,seedance prompt guide,CANONICAL,2650,1722,11,KEEP_P0,HAS_VOLUME,Generic Prompts,普通子页面：用于稳定、长期、功能型或明确独立意图；围绕主题完整回答并链接核心页。,KEEP_OR_REFRESH
/prompts,SUBPAGE,P0,EXISTING,PROMPT_HUB,/prompts/seedance-2-0;/blog/seedance-2-5-prompt-engineering-guide,"Seedance Prompts: Examples, Templates & Prompt Guide",Seedance Prompts,4,PRIMARY,seedance prompt,seedance prompt,CANONICAL,2010,1609,4,KEEP_P0,HAS_VOLUME,Generic Prompts,普通子页面：用于稳定、长期、功能型或明确独立意图；围绕主题完整回答并链接核心页。,KEEP_OR_REFRESH
/prompts,SUBPAGE,P0,EXISTING,PROMPT_HUB,/prompts/seedance-2-0;/blog/seedance-2-5-prompt-engineering-guide,"Seedance Prompts: Examples, Templates & Prompt Guide",Seedance Prompts,5,PRIMARY,seedance prompt library,seedance prompt library,CANONICAL,1350,134,--,KEEP_P0,HAS_VOLUME,Generic Prompts,普通子页面：用于稳定、长期、功能型或明确独立意图；围绕主题完整回答并链接核心页。,KEEP_OR_REFRESH
/prompts,SUBPAGE,P0,EXISTING,PROMPT_HUB,/prompts/seedance-2-0;/blog/seedance-2-5-prompt-engineering-guide,"Seedance Prompts: Examples, Templates & Prompt Guide",Seedance Prompts,6,PRIMARY,can seedance 2 understand the arabic prompt?,can seedance 2 understand the arabic prompt?,CANONICAL,1060,33,--,KEEP_P0,HAS_VOLUME,Generic Prompts,普通子页面：用于稳定、长期、功能型或明确独立意图；围绕主题完整回答并链接核心页。,KEEP_OR_REFRESH
/prompts,SUBPAGE,P0,EXISTING,PROMPT_HUB,/prompts/seedance-2-0;/blog/seedance-2-5-prompt-engineering-guide,"Seedance Prompts: Examples, Templates & Prompt Guide",Seedance Prompts,7,PRIMARY,seedance2 prompt guide,seedance2 prompt guide,CANONICAL,1050,0,--,KEEP_P0,HAS_VOLUME,Generic Prompts,普通子页面：用于稳定、长期、功能型或明确独立意图；围绕主题完整回答并链接核心页。,KEEP_OR_REFRESH
/prompts,SUBPAGE,P0,EXISTING,PROMPT_HUB,/prompts/seedance-2-0;/blog/seedance-2-5-prompt-engineering-guide,"Seedance Prompts: Examples, Templates & Prompt Guide",Seedance Prompts,8,PRIMARY,cap seedance prompt,cap seedance prompt,CANONICAL,1010,0,--,KEEP_P0,HAS_VOLUME,Generic Prompts,普通子页面：用于稳定、长期、功能型或明确独立意图；围绕主题完整回答并链接核心页。,KEEP_OR_REFRESH
/prompts,SUBPAGE,P0,EXISTING,PROMPT_HUB,/prompts/seedance-2-0;/blog/seedance-2-5-prompt-engineering-guide,"Seedance Prompts: Examples, Templates & Prompt Guide",Seedance Prompts,9,SECONDARY,is clude better ro seedance prompt writing or chatgpt,is clude better ro seedance prompt writing or chatgpt,CANONICAL,1010,0,--,KEEP_P0,HAS_VOLUME,Generic Prompts,普通子页面：用于稳定、长期、功能型或明确独立意图；围绕主题完整回答并链接核心页。,KEEP_OR_REFRESH
/prompts,SUBPAGE,P0,EXISTING,PROMPT_HUB,/prompts/seedance-2-0;/blog/seedance-2-5-prompt-engineering-guide,"Seedance Prompts: Examples, Templates & Prompt Guide",Seedance Prompts,10,SECONDARY,seedance immage  prompt,seedance immage prompt,CANONICAL,970,133,--,KEEP_P1,HAS_VOLUME,Generic Prompts,普通子页面：用于稳定、长期、功能型或明确独立意图；围绕主题完整回答并链接核心页。,KEEP_OR_REFRESH
/prompts,SUBPAGE,P0,EXISTING,PROMPT_HUB,/prompts/seedance-2-0;/blog/seedance-2-5-prompt-engineering-guide,"Seedance Prompts: Examples, Templates & Prompt Guide",Seedance Prompts,11,SECONDARY,viral seedance prompts,viral seedance prompts,CANONICAL,950,23,--,KEEP_P1,HAS_VOLUME,Generic Prompts,普通子页面：用于稳定、长期、功能型或明确独立意图；围绕主题完整回答并链接核心页。,KEEP_OR_REFRESH
/prompts,SUBPAGE,P0,EXISTING,PROMPT_HUB,/prompts/seedance-2-0;/blog/seedance-2-5-prompt-engineering-guide,"Seedance Prompts: Examples, Templates & Prompt Guide",Seedance Prompts,12,SECONDARY,embroidery machine seedance prompt,embroidery machine seedance prompt,CANONICAL,930,0,--,KEEP_P1,HAS_VOLUME,Generic Prompts,普通子页面：用于稳定、长期、功能型或明确独立意图；围绕主题完整回答并链接核心页。,KEEP_OR_REFRESH
/prompts,SUBPAGE,P0,EXISTING,PROMPT_HUB,/prompts/seedance-2-0;/blog/seedance-2-5-prompt-engineering-guide,"Seedance Prompts: Examples, Templates & Prompt Guide",Seedance Prompts,13,SECONDARY,seedance prompting guide,seedance prompting guide,CANONICAL,920,435,11,KEEP_P1,HAS_VOLUME,Generic Prompts,普通子页面：用于稳定、长期、功能型或明确独立意图；围绕主题完整回答并链接核心页。,KEEP_OR_REFRESH
/prompts,SUBPAGE,P0,EXISTING,PROMPT_HUB,/prompts/seedance-2-0;/blog/seedance-2-5-prompt-engineering-guide,"Seedance Prompts: Examples, Templates & Prompt Guide",Seedance Prompts,14,SECONDARY,seedance ings intro olusturmak prompt,seedance ings intro olusturmak prompt,CANONICAL,840,0,--,KEEP_P1,HAS_VOLUME,Generic Prompts,普通子页面：用于稳定、长期、功能型或明确独立意图；围绕主题完整回答并链接核心页。,KEEP_OR_REFRESH
/prompts,SUBPAGE,P0,EXISTING,PROMPT_HUB,/prompts/seedance-2-0;/blog/seedance-2-5-prompt-engineering-guide,"Seedance Prompts: Examples, Templates & Prompt Guide",Seedance Prompts,15,SECONDARY,seedance video prompt,seedance video prompt,CANONICAL,820,189,9,KEEP_P1,HAS_VOLUME,Generic Prompts,普通子页面：用于稳定、长期、功能型或明确独立意图；围绕主题完整回答并链接核心页。,KEEP_OR_REFRESH
/prompts,SUBPAGE,P0,EXISTING,PROMPT_HUB,/prompts/seedance-2-0;/blog/seedance-2-5-prompt-engineering-guide,"Seedance Prompts: Examples, Templates & Prompt Guide",Seedance Prompts,16,SECONDARY,seedance prompt for cock to penetrate pussy,seedance prompt for cock to penetrate pussy,CANONICAL,820,0,--,KEEP_P1,HAS_VOLUME,Generic Prompts,普通子页面：用于稳定、长期、功能型或明确独立意图；围绕主题完整回答并链接核心页。,KEEP_OR_REFRESH
/prompts,SUBPAGE,P0,EXISTING,PROMPT_HUB,/prompts/seedance-2-0;/blog/seedance-2-5-prompt-engineering-guide,"Seedance Prompts: Examples, Templates & Prompt Guide",Seedance Prompts,17,SECONDARY,prompt guide seedance 2,prompt guide seedance 2,CANONICAL,760,0,--,KEEP_P1,HAS_VOLUME,Generic Prompts,普通子页面：用于稳定、长期、功能型或明确独立意图；围绕主题完整回答并链接核心页。,KEEP_OR_REFRESH
/prompts,SUBPAGE,P0,EXISTING,PROMPT_HUB,/prompts/seedance-2-0;/blog/seedance-2-5-prompt-engineering-guide,"Seedance Prompts: Examples, Templates & Prompt Guide",Seedance Prompts,18,SECONDARY,seedance product prompt,seedance product prompt,CANONICAL,760,0,--,KEEP_P1,HAS_VOLUME,Generic Prompts,普通子页面：用于稳定、长期、功能型或明确独立意图；围绕主题完整回答并链接核心页。,KEEP_OR_REFRESH
/prompts,SUBPAGE,P0,EXISTING,PROMPT_HUB,/prompts/seedance-2-0;/blog/seedance-2-5-prompt-engineering-guide,"Seedance Prompts: Examples, Templates & Prompt Guide",Seedance Prompts,19,SECONDARY,prompt seedance bertarung seperti di game,prompt seedance bertarung seperti di game,CANONICAL,730,0,--,KEEP_P1,HAS_VOLUME,Generic Prompts,普通子页面：用于稳定、长期、功能型或明确独立意图；围绕主题完整回答并链接核心页。,KEEP_OR_REFRESH
/prompts,SUBPAGE,P0,EXISTING,PROMPT_HUB,/prompts/seedance-2-0;/blog/seedance-2-5-prompt-engineering-guide,"Seedance Prompts: Examples, Templates & Prompt Guide",Seedance Prompts,20,SECONDARY,best seedance prompts,best seedance prompts,CANONICAL,700,97,--,KEEP_P1,HAS_VOLUME,Generic Prompts,普通子页面：用于稳定、长期、功能型或明确独立意图；围绕主题完整回答并链接核心页。,KEEP_OR_REFRESH
/prompts,SUBPAGE,P0,EXISTING,PROMPT_HUB,/prompts/seedance-2-0;/blog/seedance-2-5-prompt-engineering-guide,"Seedance Prompts: Examples, Templates & Prompt Guide",Seedance Prompts,21,SECONDARY,best animation prompts for seedance,best animation prompts for seedance,CANONICAL,700,0,--,KEEP_P1,HAS_VOLUME,Generic Prompts,普通子页面：用于稳定、长期、功能型或明确独立意图；围绕主题完整回答并链接核心页。,KEEP_OR_REFRESH
/prompts,SUBPAGE,P0,EXISTING,PROMPT_HUB,/prompts/seedance-2-0;/blog/seedance-2-5-prompt-engineering-guide,"Seedance Prompts: Examples, Templates & Prompt Guide",Seedance Prompts,22,SECONDARY,give me prompt to generate reference image for seedance ai,give me prompt to generate reference image for seedance ai,CANONICAL,660,0,--,KEEP_P1,HAS_VOLUME,Generic Prompts,普通子页面：用于稳定、长期、功能型或明确独立意图；围绕主题完整回答并链接核心页。,KEEP_OR_REFRESH
/prompts,SUBPAGE,P0,EXISTING,PROMPT_HUB,/prompts/seedance-2-0;/blog/seedance-2-5-prompt-engineering-guide,"Seedance Prompts: Examples, Templates & Prompt Guide",Seedance Prompts,23,TYPO_SUPPORT,sedance video clip prompt,seedance video clip prompt,TYPO,660,0,--,KEEP_P1,HAS_VOLUME,Generic Prompts,普通子页面：用于稳定、长期、功能型或明确独立意图；围绕主题完整回答并链接核心页。,KEEP_OR_REFRESH
/prompts,SUBPAGE,P0,EXISTING,PROMPT_HUB,/prompts/seedance-2-0;/blog/seedance-2-5-prompt-engineering-guide,"Seedance Prompts: Examples, Templates & Prompt Guide",Seedance Prompts,24,SECONDARY,makeover prompt cloth seedance 2,makeover prompt cloth seedance 2,CANONICAL,620,0,--,KEEP_P1,HAS_VOLUME,Generic Prompts,普通子页面：用于稳定、长期、功能型或明确独立意图；围绕主题完整回答并链接核心页。,KEEP_OR_REFRESH
/prompts,SUBPAGE,P0,EXISTING,PROMPT_HUB,/prompts/seedance-2-0;/blog/seedance-2-5-prompt-engineering-guide,"Seedance Prompts: Examples, Templates & Prompt Guide",Seedance Prompts,25,SECONDARY,seedance-2-0 镜头提示词,seedance-2-0 镜头提示词,CANONICAL,620,0,--,KEEP_P2,HAS_VOLUME,Homepage / Generic Seedance,普通子页面：用于稳定、长期、功能型或明确独立意图；围绕主题完整回答并链接核心页。,KEEP_OR_REFRESH
/prompts,SUBPAGE,P0,EXISTING,PROMPT_HUB,/prompts/seedance-2-0;/blog/seedance-2-5-prompt-engineering-guide,"Seedance Prompts: Examples, Templates & Prompt Guide",Seedance Prompts,26,SECONDARY,seedance 2 prompt guide,seedance 2 prompt guide,CANONICAL,580,800,--,KEEP_P1,HAS_VOLUME,Generic Prompts,普通子页面：用于稳定、长期、功能型或明确独立意图；围绕主题完整回答并链接核心页。,KEEP_OR_REFRESH
/prompts,SUBPAGE,P0,EXISTING,PROMPT_HUB,/prompts/seedance-2-0;/blog/seedance-2-5-prompt-engineering-guide,"Seedance Prompts: Examples, Templates & Prompt Guide",Seedance Prompts,27,SECONDARY,seedance prompt generator,seedance prompt generator,CANONICAL,580,582,--,KEEP_P1,HAS_VOLUME,Generic Prompts,普通子页面：用于稳定、长期、功能型或明确独立意图；围绕主题完整回答并链接核心页。,KEEP_OR_REFRESH
/prompts,SUBPAGE,P0,EXISTING,PROMPT_HUB,/prompts/seedance-2-0;/blog/seedance-2-5-prompt-engineering-guide,"Seedance Prompts: Examples, Templates & Prompt Guide",Seedance Prompts,28,SECONDARY,custome gpt for seedance prompt generation,custome gpt for seedance prompt generation,CANONICAL,570,0,--,KEEP_P1,HAS_VOLUME,Generic Prompts,普通子页面：用于稳定、长期、功能型或明确独立意图；围绕主题完整回答并链接核心页。,KEEP_OR_REFRESH
/prompts,SUBPAGE,P0,EXISTING,PROMPT_HUB,/prompts/seedance-2-0;/blog/seedance-2-5-prompt-engineering-guide,"Seedance Prompts: Examples, Templates & Prompt Guide",Seedance Prompts,29,SECONDARY,list of prompt video result seedance,list of prompt video result seedance,CANONICAL,550,0,--,KEEP_P1,HAS_VOLUME,Generic Prompts,普通子页面：用于稳定、长期、功能型或明确独立意图；围绕主题完整回答并链接核心页。,KEEP_OR_REFRESH
/prompts,SUBPAGE,P0,EXISTING,PROMPT_HUB,/prompts/seedance-2-0;/blog/seedance-2-5-prompt-engineering-guide,"Seedance Prompts: Examples, Templates & Prompt Guide",Seedance Prompts,30,SECONDARY,seedance prompt for,seedance prompt for,CANONICAL,550,0,--,KEEP_P1,HAS_VOLUME,Generic Prompts,普通子页面：用于稳定、长期、功能型或明确独立意图；围绕主题完整回答并链接核心页。,KEEP_OR_REFRESH
/prompts,SUBPAGE,P0,EXISTING,PROMPT_HUB,/prompts/seedance-2-0;/blog/seedance-2-5-prompt-engineering-guide,"Seedance Prompts: Examples, Templates & Prompt Guide",Seedance Prompts,31,SECONDARY,seedance prompts library,seedance prompts library,CANONICAL,540,19,--,KEEP_P1,HAS_VOLUME,Generic Prompts,普通子页面：用于稳定、长期、功能型或明确独立意图；围绕主题完整回答并链接核心页。,KEEP_OR_REFRESH
/prompts,SUBPAGE,P0,EXISTING,PROMPT_HUB,/prompts/seedance-2-0;/blog/seedance-2-5-prompt-engineering-guide,"Seedance Prompts: Examples, Templates & Prompt Guide",Seedance Prompts,32,SECONDARY,for seedance is it better to use seconds to separate a prompt,for seedance is it better to use seconds to separate a prompt,CANONICAL,530,0,--,KEEP_P1,HAS_VOLUME,Generic Prompts,普通子页面：用于稳定、长期、功能型或明确独立意图；围绕主题完整回答并链接核心页。,KEEP_OR_REFRESH
/prompts,SUBPAGE,P0,EXISTING,PROMPT_HUB,/prompts/seedance-2-0;/blog/seedance-2-5-prompt-engineering-guide,"Seedance Prompts: Examples, Templates & Prompt Guide",Seedance Prompts,33,SECONDARY,product rotation seedance prompt,product rotation seedance prompt,CANONICAL,530,0,--,KEEP_P1,HAS_VOLUME,Generic Prompts,普通子页面：用于稳定、长期、功能型或明确独立意图；围绕主题完整回答并链接核心页。,KEEP_OR_REFRESH
/prompts,SUBPAGE,P0,EXISTING,PROMPT_HUB,/prompts/seedance-2-0;/blog/seedance-2-5-prompt-engineering-guide,"Seedance Prompts: Examples, Templates & Prompt Guide",Seedance Prompts,34,SECONDARY,behind the scene seedance prompts,behind the scene seedance prompts,CANONICAL,520,0,--,KEEP_P1,HAS_VOLUME,Generic Prompts,普通子页面：用于稳定、长期、功能型或明确独立意图；围绕主题完整回答并链接核心页。,KEEP_OR_REFRESH
/prompts,SUBPAGE,P0,EXISTING,PROMPT_HUB,/prompts/seedance-2-0;/blog/seedance-2-5-prompt-engineering-guide,"Seedance Prompts: Examples, Templates & Prompt Guide",Seedance Prompts,35,SECONDARY,comedy ai prompts seedance,comedy ai prompts seedance,CANONICAL,480,0,--,KEEP_P1,HAS_VOLUME,Generic Prompts,普通子页面：用于稳定、长期、功能型或明确独立意图；围绕主题完整回答并链接核心页。,KEEP_OR_REFRESH
/prompts,SUBPAGE,P0,EXISTING,PROMPT_HUB,/prompts/seedance-2-0;/blog/seedance-2-5-prompt-engineering-guide,"Seedance Prompts: Examples, Templates & Prompt Guide",Seedance Prompts,36,SECONDARY,seedance prompting,seedance prompting,CANONICAL,470,58,--,KEEP_P1,HAS_VOLUME,Generic Prompts,普通子页面：用于稳定、长期、功能型或明确独立意图；围绕主题完整回答并链接核心页。,KEEP_OR_REFRESH
/prompts,SUBPAGE,P0,EXISTING,PROMPT_HUB,/prompts/seedance-2-0;/blog/seedance-2-5-prompt-engineering-guide,"Seedance Prompts: Examples, Templates & Prompt Guide",Seedance Prompts,37,SECONDARY,seedance prompts kpop,seedance prompts kpop,CANONICAL,460,0,--,KEEP_P1,HAS_VOLUME,Generic Prompts,普通子页面：用于稳定、长期、功能型或明确独立意图；围绕主题完整回答并链接核心页。,KEEP_OR_REFRESH
/prompts,SUBPAGE,P0,EXISTING,PROMPT_HUB,/prompts/seedance-2-0;/blog/seedance-2-5-prompt-engineering-guide,"Seedance Prompts: Examples, Templates & Prompt Guide",Seedance Prompts,38,SECONDARY,cartoon seedance prompts,cartoon seedance prompts,CANONICAL,450,0,--,KEEP_P1,HAS_VOLUME,Generic Prompts,普通子页面：用于稳定、长期、功能型或明确独立意图；围绕主题完整回答并链接核心页。,KEEP_OR_REFRESH
/prompts,SUBPAGE,P0,EXISTING,PROMPT_HUB,/prompts/seedance-2-0;/blog/seedance-2-5-prompt-engineering-guide,"Seedance Prompts: Examples, Templates & Prompt Guide",Seedance Prompts,39,SECONDARY,turning image into a seedance prompt,turning image into a seedance prompt,CANONICAL,450,0,--,KEEP_P1,HAS_VOLUME,Generic Prompts,普通子页面：用于稳定、长期、功能型或明确独立意图；围绕主题完整回答并链接核心页。,KEEP_OR_REFRESH
/prompts,SUBPAGE,P0,EXISTING,PROMPT_HUB,/prompts/seedance-2-0;/blog/seedance-2-5-prompt-engineering-guide,"Seedance Prompts: Examples, Templates & Prompt Guide",Seedance Prompts,40,SECONDARY,schreibe ein prompt für seedance wo eine horny ist und gleichzitig kackt,schreibe ein prompt für seedance wo eine horny ist und gleichzitig kackt,CANONICAL,420,0,--,KEEP_P1,HAS_VOLUME,Generic Prompts,普通子页面：用于稳定、长期、功能型或明确独立意图；围绕主题完整回答并链接核心页。,KEEP_OR_REFRESH
/prompts,SUBPAGE,P0,EXISTING,PROMPT_HUB,/prompts/seedance-2-0;/blog/seedance-2-5-prompt-engineering-guide,"Seedance Prompts: Examples, Templates & Prompt Guide",Seedance Prompts,41,SECONDARY,prompt seedance,prompt seedance,CANONICAL,410,218,--,KEEP_P1,HAS_VOLUME,Generic Prompts,普通子页面：用于稳定、长期、功能型或明确独立意图；围绕主题完整回答并链接核心页。,KEEP_OR_REFRESH
/prompts,SUBPAGE,P0,EXISTING,PROMPT_HUB,/prompts/seedance-2-0;/blog/seedance-2-5-prompt-engineering-guide,"Seedance Prompts: Examples, Templates & Prompt Guide",Seedance Prompts,42,SECONDARY,awesome seedance prompt,awesome seedance prompt,CANONICAL,410,161,--,KEEP_P1,HAS_VOLUME,Generic Prompts,普通子页面：用于稳定、长期、功能型或明确独立意图；围绕主题完整回答并链接核心页。,KEEP_OR_REFRESH
/prompts,SUBPAGE,P0,EXISTING,PROMPT_HUB,/prompts/seedance-2-0;/blog/seedance-2-5-prompt-engineering-guide,"Seedance Prompts: Examples, Templates & Prompt Guide",Seedance Prompts,43,SECONDARY,hggsifled seedance ad creatives md prompt,hggsifled seedance ad creatives md prompt,CANONICAL,410,16,--,KEEP_P1,HAS_VOLUME,Generic Prompts,普通子页面：用于稳定、长期、功能型或明确独立意图；围绕主题完整回答并链接核心页。,KEEP_OR_REFRESH
/prompts,SUBPAGE,P0,EXISTING,PROMPT_HUB,/prompts/seedance-2-0;/blog/seedance-2-5-prompt-engineering-guide,"Seedance Prompts: Examples, Templates & Prompt Guide",Seedance Prompts,44,SECONDARY,higgsifeld prompt md seedance,higgsifeld prompt md seedance,CANONICAL,410,16,--,KEEP_P1,HAS_VOLUME,Generic Prompts,普通子页面：用于稳定、长期、功能型或明确独立意图；围绕主题完整回答并链接核心页。,KEEP_OR_REFRESH
/prompts,SUBPAGE,P0,EXISTING,PROMPT_HUB,/prompts/seedance-2-0;/blog/seedance-2-5-prompt-engineering-guide,"Seedance Prompts: Examples, Templates & Prompt Guide",Seedance Prompts,45,SECONDARY,seedance 2 pro video prompt native,seedance 2 pro video prompt native,CANONICAL,410,16,--,KEEP_P1,HAS_VOLUME,Generic Prompts,普通子页面：用于稳定、长期、功能型或明确独立意图；围绕主题完整回答并链接核心页。,KEEP_OR_REFRESH
/prompts,SUBPAGE,P0,EXISTING,PROMPT_HUB,/prompts/seedance-2-0;/blog/seedance-2-5-prompt-engineering-guide,"Seedance Prompts: Examples, Templates & Prompt Guide",Seedance Prompts,46,SECONDARY,mappa studio animination style for seedance prompt,mappa studio animination style for seedance prompt,CANONICAL,410,0,--,KEEP_P1,HAS_VOLUME,Generic Prompts,普通子页面：用于稳定、长期、功能型或明确独立意图；围绕主题完整回答并链接核心页。,KEEP_OR_REFRESH
/prompts,SUBPAGE,P0,EXISTING,PROMPT_HUB,/prompts/seedance-2-0;/blog/seedance-2-5-prompt-engineering-guide,"Seedance Prompts: Examples, Templates & Prompt Guide",Seedance Prompts,47,SECONDARY,seedance video generation prompts instagram,seedance video generation prompts instagram,CANONICAL,400,0,--,KEEP_P1,HAS_VOLUME,Generic Prompts,普通子页面：用于稳定、长期、功能型或明确独立意图；围绕主题完整回答并链接核心页。,KEEP_OR_REFRESH
/prompts,SUBPAGE,P0,EXISTING,PROMPT_HUB,/prompts/seedance-2-0;/blog/seedance-2-5-prompt-engineering-guide,"Seedance Prompts: Examples, Templates & Prompt Guide",Seedance Prompts,48,SECONDARY,best prompts for seedance ulrta ceinematic,best prompts for seedance ulrta ceinematic,CANONICAL,370,0,--,KEEP_P1,HAS_VOLUME,Generic Prompts,普通子页面：用于稳定、长期、功能型或明确独立意图；围绕主题完整回答并链接核心页。,KEEP_OR_REFRESH
/prompts,SUBPAGE,P0,EXISTING,PROMPT_HUB,/prompts/seedance-2-0;/blog/seedance-2-5-prompt-engineering-guide,"Seedance Prompts: Examples, Templates & Prompt Guide",Seedance Prompts,49,SECONDARY,best seedance prompts cinematic instructions,best seedance prompts cinematic instructions,CANONICAL,370,0,--,KEEP_P1,HAS_VOLUME,Generic Prompts,普通子页面：用于稳定、长期、功能型或明确独立意图；围绕主题完整回答并链接核心页。,KEEP_OR_REFRESH
/prompts,SUBPAGE,P0,EXISTING,PROMPT_HUB,/prompts/seedance-2-0;/blog/seedance-2-5-prompt-engineering-guide,"Seedance Prompts: Examples, Templates & Prompt Guide",Seedance Prompts,50,SECONDARY,"seedance ""fight"" video prompt","seedance ""fight"" video prompt",CANONICAL,370,0,--,KEEP_P1,HAS_VOLUME,Generic Prompts,普通子页面：用于稳定、长期、功能型或明确独立意图；围绕主题完整回答并链接核心页。,KEEP_OR_REFRESH
/prompts,SUBPAGE,P0,EXISTING,PROMPT_HUB,/prompts/seedance-2-0;/blog/seedance-2-5-prompt-engineering-guide,"Seedance Prompts: Examples, Templates & Prompt Guide",Seedance Prompts,51,SECONDARY,seedance paper prompts cinematic instructions,seedance paper prompts cinematic instructions,CANONICAL,370,0,--,KEEP_P1,HAS_VOLUME,Generic Prompts,普通子页面：用于稳定、长期、功能型或明确独立意图；围绕主题完整回答并链接核心页。,KEEP_OR_REFRESH
/prompts,SUBPAGE,P0,EXISTING,PROMPT_HUB,/prompts/seedance-2-0;/blog/seedance-2-5-prompt-engineering-guide,"Seedance Prompts: Examples, Templates & Prompt Guide",Seedance Prompts,52,SECONDARY,dj seedance prompt,dj seedance prompt,CANONICAL,360,11,--,KEEP_P1,HAS_VOLUME,Generic Prompts,普通子页面：用于稳定、长期、功能型或明确独立意图；围绕主题完整回答并链接核心页。,KEEP_OR_REFRESH
/prompts,SUBPAGE,P0,EXISTING,PROMPT_HUB,/prompts/seedance-2-0;/blog/seedance-2-5-prompt-engineering-guide,"Seedance Prompts: Examples, Templates & Prompt Guide",Seedance Prompts,53,SECONDARY,seedance 1.5 pro prompt word,seedance 1.5 pro prompt word,CANONICAL,340,0,--,KEEP_P1,HAS_VOLUME,Generic Prompts,普通子页面：用于稳定、长期、功能型或明确独立意图；围绕主题完整回答并链接核心页。,KEEP_OR_REFRESH
/prompts,SUBPAGE,P0,EXISTING,PROMPT_HUB,/prompts/seedance-2-0;/blog/seedance-2-5-prompt-engineering-guide,"Seedance Prompts: Examples, Templates & Prompt Guide",Seedance Prompts,54,SECONDARY,seedance 1.5 pro prompt guide,seedance 1.5 pro prompt guide,CANONICAL,330,302,--,KEEP_P1,HAS_VOLUME,Generic Prompts,普通子页面：用于稳定、长期、功能型或明确独立意图；围绕主题完整回答并链接核心页。,KEEP_OR_REFRESH
/prompts,SUBPAGE,P0,EXISTING,PROMPT_HUB,/prompts/seedance-2-0;/blog/seedance-2-5-prompt-engineering-guide,"Seedance Prompts: Examples, Templates & Prompt Guide",Seedance Prompts,55,SECONDARY,seedance influencer prompt,seedance influencer prompt,CANONICAL,320,0,--,KEEP_P1,HAS_VOLUME,Generic Prompts,普通子页面：用于稳定、长期、功能型或明确独立意图；围绕主题完整回答并链接核心页。,KEEP_OR_REFRESH
/prompts,SUBPAGE,P0,EXISTING,PROMPT_HUB,/prompts/seedance-2-0;/blog/seedance-2-5-prompt-engineering-guide,"Seedance Prompts: Examples, Templates & Prompt Guide",Seedance Prompts,56,SECONDARY,skateboard dog seedance prompt ai,skateboard dog seedance prompt ai,CANONICAL,310,10,--,KEEP_P1,HAS_VOLUME,Generic Prompts,普通子页面：用于稳定、长期、功能型或明确独立意图；围绕主题完整回答并链接核心页。,KEEP_OR_REFRESH
/prompts,SUBPAGE,P0,EXISTING,PROMPT_HUB,/prompts/seedance-2-0;/blog/seedance-2-5-prompt-engineering-guide,"Seedance Prompts: Examples, Templates & Prompt Guide",Seedance Prompts,57,SECONDARY,skating dog prompt seedance,skating dog prompt seedance,CANONICAL,310,10,--,KEEP_P1,HAS_VOLUME,Generic Prompts,普通子页面：用于稳定、长期、功能型或明确独立意图；围绕主题完整回答并链接核心页。,KEEP_OR_REFRESH
/prompts,SUBPAGE,P0,EXISTING,PROMPT_HUB,/prompts/seedance-2-0;/blog/seedance-2-5-prompt-engineering-guide,"Seedance Prompts: Examples, Templates & Prompt Guide",Seedance Prompts,58,SECONDARY,gemini prompt to generate seedance prompt from video,gemini prompt to generate seedance prompt from video,CANONICAL,310,0,--,KEEP_P1,HAS_VOLUME,Generic Prompts,普通子页面：用于稳定、长期、功能型或明确独立意图；围绕主题完整回答并链接核心页。,KEEP_OR_REFRESH
/prompts,SUBPAGE,P0,EXISTING,PROMPT_HUB,/prompts/seedance-2-0;/blog/seedance-2-5-prompt-engineering-guide,"Seedance Prompts: Examples, Templates & Prompt Guide",Seedance Prompts,59,SECONDARY,prompt anime seedance 2,prompt anime seedance 2,CANONICAL,310,0,--,KEEP_P1,HAS_VOLUME,Generic Prompts,普通子页面：用于稳定、长期、功能型或明确独立意图；围绕主题完整回答并链接核心页。,KEEP_OR_REFRESH
/prompts,SUBPAGE,P0,EXISTING,PROMPT_HUB,/prompts/seedance-2-0;/blog/seedance-2-5-prompt-engineering-guide,"Seedance Prompts: Examples, Templates & Prompt Guide",Seedance Prompts,60,SECONDARY,seedance pixar prompt,seedance pixar prompt,CANONICAL,310,0,--,KEEP_P1,HAS_VOLUME,Generic Prompts,普通子页面：用于稳定、长期、功能型或明确独立意图；围绕主题完整回答并链接核心页。,KEEP_OR_REFRESH
/prompts,SUBPAGE,P0,EXISTING,PROMPT_HUB,/prompts/seedance-2-0;/blog/seedance-2-5-prompt-engineering-guide,"Seedance Prompts: Examples, Templates & Prompt Guide",Seedance Prompts,61,ZERO_VOLUME_SUPPORT,seedance prompts formula,seedance prompts formula,CANONICAL,0,505,7,KEEP_P1,ZERO_VOLUME_RELEVANT,Generic Prompts,普通子页面：用于稳定、长期、功能型或明确独立意图；围绕主题完整回答并链接核心页。,KEEP_OR_REFRESH
/prompts,SUBPAGE,P0,EXISTING,PROMPT_HUB,/prompts/seedance-2-0;/blog/seedance-2-5-prompt-engineering-guide,"Seedance Prompts: Examples, Templates & Prompt Guide",Seedance Prompts,62,ZERO_VOLUME_SUPPORT,seedance2prompt,seedance2prompt,CANONICAL,0,151,--,KEEP_P2,ZERO_VOLUME_RELEVANT,Generic Prompts,普通子页面：用于稳定、长期、功能型或明确独立意图；围绕主题完整回答并链接核心页。,KEEP_OR_REFRESH
/prompts,SUBPAGE,P0,EXISTING,PROMPT_HUB,/prompts/seedance-2-0;/blog/seedance-2-5-prompt-engineering-guide,"Seedance Prompts: Examples, Templates & Prompt Guide",Seedance Prompts,63,ZERO_VOLUME_SUPPORT,3d mockup seedance prompt,3d mockup seedance prompt,CANONICAL,0,132,6,KEEP_P1,ZERO_VOLUME_RELEVANT,Generic Prompts,普通子页面：用于稳定、长期、功能型或明确独立意图；围绕主题完整回答并链接核心页。,KEEP_OR_REFRESH
/prompts,SUBPAGE,P0,EXISTING,PROMPT_HUB,/prompts/seedance-2-0;/blog/seedance-2-5-prompt-engineering-guide,"Seedance Prompts: Examples, Templates & Prompt Guide",Seedance Prompts,64,ZERO_VOLUME_SUPPORT,marvel prompt seedance,marvel prompt seedance,CANONICAL,0,130,--,KEEP_P1,ZERO_VOLUME_RELEVANT,Generic Prompts,普通子页面：用于稳定、长期、功能型或明确独立意图；围绕主题完整回答并链接核心页。,KEEP_OR_REFRESH
/prompts,SUBPAGE,P0,EXISTING,PROMPT_HUB,/prompts/seedance-2-0;/blog/seedance-2-5-prompt-engineering-guide,"Seedance Prompts: Examples, Templates & Prompt Guide",Seedance Prompts,65,ZERO_VOLUME_SUPPORT,seedance video prompts,seedance video prompts,CANONICAL,0,107,10,KEEP_P1,ZERO_VOLUME_RELEVANT,Generic Prompts,普通子页面：用于稳定、长期、功能型或明确独立意图；围绕主题完整回答并链接核心页。,KEEP_OR_REFRESH
/prompts,SUBPAGE,P0,EXISTING,PROMPT_HUB,/prompts/seedance-2-0;/blog/seedance-2-5-prompt-engineering-guide,"Seedance Prompts: Examples, Templates & Prompt Guide",Seedance Prompts,66,ZERO_VOLUME_SUPPORT,prompt to create 3d vfx model seedance,prompt to create 3d vfx model seedance,CANONICAL,0,93,--,KEEP_P2,ZERO_VOLUME_RELEVANT,Generic Prompts,普通子页面：用于稳定、长期、功能型或明确独立意图；围绕主题完整回答并链接核心页。,KEEP_OR_REFRESH
/prompts,SUBPAGE,P0,EXISTING,PROMPT_HUB,/prompts/seedance-2-0;/blog/seedance-2-5-prompt-engineering-guide,"Seedance Prompts: Examples, Templates & Prompt Guide",Seedance Prompts,67,ZERO_VOLUME_SUPPORT,seedance best prompts,seedance best prompts,CANONICAL,0,80,--,KEEP_P2,ZERO_VOLUME_RELEVANT,Generic Prompts,普通子页面：用于稳定、长期、功能型或明确独立意图；围绕主题完整回答并链接核心页。,KEEP_OR_REFRESH
/prompts,SUBPAGE,P0,EXISTING,PROMPT_HUB,/prompts/seedance-2-0;/blog/seedance-2-5-prompt-engineering-guide,"Seedance Prompts: Examples, Templates & Prompt Guide",Seedance Prompts,68,ZERO_VOLUME_SUPPORT,seedance prompt shot,seedance prompt shot,CANONICAL,0,79,10,KEEP_P2,ZERO_VOLUME_RELEVANT,Generic Prompts,普通子页面：用于稳定、长期、功能型或明确独立意图；围绕主题完整回答并链接核心页。,KEEP_OR_REFRESH
/prompts,SUBPAGE,P0,EXISTING,PROMPT_HUB,/prompts/seedance-2-0;/blog/seedance-2-5-prompt-engineering-guide,"Seedance Prompts: Examples, Templates & Prompt Guide",Seedance Prompts,69,ZERO_VOLUME_SUPPORT,ultimate prompting guide for seedance,ultimate prompting guide for seedance,CANONICAL,0,76,11,KEEP_P2,ZERO_VOLUME_RELEVANT,Generic Prompts,普通子页面：用于稳定、长期、功能型或明确独立意图；围绕主题完整回答并链接核心页。,KEEP_OR_REFRESH
/prompts,SUBPAGE,P0,EXISTING,PROMPT_HUB,/prompts/seedance-2-0;/blog/seedance-2-5-prompt-engineering-guide,"Seedance Prompts: Examples, Templates & Prompt Guide",Seedance Prompts,70,ZERO_VOLUME_SUPPORT,seedance master motion graphics prompt,seedance master motion graphics prompt,CANONICAL,0,71,11,KEEP_P2,ZERO_VOLUME_RELEVANT,Generic Prompts,普通子页面：用于稳定、长期、功能型或明确独立意图；围绕主题完整回答并链接核心页。,KEEP_OR_REFRESH
/prompts,SUBPAGE,P0,EXISTING,PROMPT_HUB,/prompts/seedance-2-0;/blog/seedance-2-5-prompt-engineering-guide,"Seedance Prompts: Examples, Templates & Prompt Guide",Seedance Prompts,71,ZERO_VOLUME_SUPPORT,can i generate seedance prompts as well as opus 4.8 in gemini pro?,can i generate seedance prompts as well as opus 4.8 in gemini pro?,CANONICAL,0,59,--,KEEP_P2,ZERO_VOLUME_RELEVANT,Generic Prompts,普通子页面：用于稳定、长期、功能型或明确独立意图；围绕主题完整回答并链接核心页。,KEEP_OR_REFRESH
/prompts,SUBPAGE,P0,EXISTING,PROMPT_HUB,/prompts/seedance-2-0;/blog/seedance-2-5-prompt-engineering-guide,"Seedance Prompts: Examples, Templates & Prompt Guide",Seedance Prompts,72,ZERO_VOLUME_SUPPORT,prompt para crear comercial inmobiliario en seedance,prompt para crear comercial inmobiliario en seedance,CANONICAL,0,58,--,KEEP_P2,ZERO_VOLUME_RELEVANT,Generic Prompts,普通子页面：用于稳定、长期、功能型或明确独立意图；围绕主题完整回答并链接核心页。,KEEP_OR_REFRESH
/prompts,SUBPAGE,P0,EXISTING,PROMPT_HUB,/prompts/seedance-2-0;/blog/seedance-2-5-prompt-engineering-guide,"Seedance Prompts: Examples, Templates & Prompt Guide",Seedance Prompts,73,ZERO_VOLUME_SUPPORT,atals seedance prompting,atals seedance prompting,CANONICAL,0,55,--,KEEP_P2,ZERO_VOLUME_RELEVANT,Generic Prompts,普通子页面：用于稳定、长期、功能型或明确独立意图；围绕主题完整回答并链接核心页。,KEEP_OR_REFRESH
/prompts,SUBPAGE,P0,EXISTING,PROMPT_HUB,/prompts/seedance-2-0;/blog/seedance-2-5-prompt-engineering-guide,"Seedance Prompts: Examples, Templates & Prompt Guide",Seedance Prompts,74,ZERO_VOLUME_SUPPORT,seedance prompt gpt,seedance prompt gpt,CANONICAL,0,53,--,KEEP_P2,ZERO_VOLUME_RELEVANT,Generic Prompts,普通子页面：用于稳定、长期、功能型或明确独立意图；围绕主题完整回答并链接核心页。,KEEP_OR_REFRESH
/prompts,SUBPAGE,P0,EXISTING,PROMPT_HUB,/prompts/seedance-2-0;/blog/seedance-2-5-prompt-engineering-guide,"Seedance Prompts: Examples, Templates & Prompt Guide",Seedance Prompts,75,ZERO_VOLUME_SUPPORT,seedance 2 fight prompt,seedance 2 fight prompt,CANONICAL,0,52,--,KEEP_P2,ZERO_VOLUME_RELEVANT,Generic Prompts,普通子页面：用于稳定、长期、功能型或明确独立意图；围绕主题完整回答并链接核心页。,KEEP_OR_REFRESH
/prompts,SUBPAGE,P0,EXISTING,PROMPT_HUB,/prompts/seedance-2-0;/blog/seedance-2-5-prompt-engineering-guide,"Seedance Prompts: Examples, Templates & Prompt Guide",Seedance Prompts,76,ZERO_VOLUME_SUPPORT,prompt seedance*,prompt seedance*,CANONICAL,0,51,8,KEEP_P2,ZERO_VOLUME_RELEVANT,Generic Prompts,普通子页面：用于稳定、长期、功能型或明确独立意图；围绕主题完整回答并链接核心页。,KEEP_OR_REFRESH
/prompts,SUBPAGE,P0,EXISTING,PROMPT_HUB,/prompts/seedance-2-0;/blog/seedance-2-5-prompt-engineering-guide,"Seedance Prompts: Examples, Templates & Prompt Guide",Seedance Prompts,77,ZERO_VOLUME_SUPPORT,seedance 2 cut prompts,seedance 2 cut prompts,CANONICAL,0,50,11,KEEP_P2,ZERO_VOLUME_RELEVANT,Generic Prompts,普通子页面：用于稳定、长期、功能型或明确独立意图；围绕主题完整回答并链接核心页。,KEEP_OR_REFRESH
/prompts,SUBPAGE,P0,EXISTING,PROMPT_HUB,/prompts/seedance-2-0;/blog/seedance-2-5-prompt-engineering-guide,"Seedance Prompts: Examples, Templates & Prompt Guide",Seedance Prompts,78,ZERO_VOLUME_SUPPORT,seedance 2 reference prompts,seedance 2 reference prompts,CANONICAL,0,50,33,KEEP_P2,ZERO_VOLUME_RELEVANT,Generic Prompts,普通子页面：用于稳定、长期、功能型或明确独立意图；围绕主题完整回答并链接核心页。,KEEP_OR_REFRESH
/prompts,SUBPAGE,P0,EXISTING,PROMPT_HUB,/prompts/seedance-2-0;/blog/seedance-2-5-prompt-engineering-guide,"Seedance Prompts: Examples, Templates & Prompt Guide",Seedance Prompts,79,ZERO_VOLUME_SUPPORT,what is the prompt character limit for seedance,what is the prompt character limit for seedance,CANONICAL,0,44,1,KEEP_P2,ZERO_VOLUME_RELEVANT,Generic Prompts,普通子页面：用于稳定、长期、功能型或明确独立意图；围绕主题完整回答并链接核心页。,KEEP_OR_REFRESH
/prompts,SUBPAGE,P0,EXISTING,PROMPT_HUB,/prompts/seedance-2-0;/blog/seedance-2-5-prompt-engineering-guide,"Seedance Prompts: Examples, Templates & Prompt Guide",Seedance Prompts,80,ZERO_VOLUME_SUPPORT,prompts para seedance,prompts para seedance,CANONICAL,0,43,--,KEEP_P2,ZERO_VOLUME_RELEVANT,Generic Prompts,普通子页面：用于稳定、长期、功能型或明确独立意图；围绕主题完整回答并链接核心页。,KEEP_OR_REFRESH
/prompts,SUBPAGE,P0,EXISTING,PROMPT_HUB,/prompts/seedance-2-0;/blog/seedance-2-5-prompt-engineering-guide,"Seedance Prompts: Examples, Templates & Prompt Guide",Seedance Prompts,81,ZERO_VOLUME_SUPPORT,giving audio prompt in seedance is better or not gviing id better,giving audio prompt in seedance is better or not gviing id better,CANONICAL,0,42,--,KEEP_P2,ZERO_VOLUME_RELEVANT,Generic Prompts,普通子页面：用于稳定、长期、功能型或明确独立意图；围绕主题完整回答并链接核心页。,KEEP_OR_REFRESH
/prompts,SUBPAGE,P0,EXISTING,PROMPT_HUB,/prompts/seedance-2-0;/blog/seedance-2-5-prompt-engineering-guide,"Seedance Prompts: Examples, Templates & Prompt Guide",Seedance Prompts,82,ZERO_VOLUME_SUPPORT,seedance character swap prompt,seedance character swap prompt,CANONICAL,0,42,--,KEEP_P2,ZERO_VOLUME_RELEVANT,Generic Prompts,普通子页面：用于稳定、长期、功能型或明确独立意图；围绕主题完整回答并链接核心页。,KEEP_OR_REFRESH
/prompts,SUBPAGE,P0,EXISTING,PROMPT_HUB,/prompts/seedance-2-0;/blog/seedance-2-5-prompt-engineering-guide,"Seedance Prompts: Examples, Templates & Prompt Guide",Seedance Prompts,83,ZERO_VOLUME_SUPPORT,seedance prompter,seedance prompter,CANONICAL,0,42,--,KEEP_P2,ZERO_VOLUME_RELEVANT,Generic Prompts,普通子页面：用于稳定、长期、功能型或明确独立意图；围绕主题完整回答并链接核心页。,KEEP_OR_REFRESH
/prompts,SUBPAGE,P0,EXISTING,PROMPT_HUB,/prompts/seedance-2-0;/blog/seedance-2-5-prompt-engineering-guide,"Seedance Prompts: Examples, Templates & Prompt Guide",Seedance Prompts,84,ZERO_VOLUME_SUPPORT,seedance prompts logo reveal,seedance prompts logo reveal,CANONICAL,0,42,12,KEEP_P2,ZERO_VOLUME_RELEVANT,Generic Prompts,普通子页面：用于稳定、长期、功能型或明确独立意图；围绕主题完整回答并链接核心页。,KEEP_OR_REFRESH
/prompts,SUBPAGE,P0,EXISTING,PROMPT_HUB,/prompts/seedance-2-0;/blog/seedance-2-5-prompt-engineering-guide,"Seedance Prompts: Examples, Templates & Prompt Guide",Seedance Prompts,85,ZERO_VOLUME_SUPPORT,best ai prompts for speed ramp car video seedance,best ai prompts for speed ramp car video seedance,CANONICAL,0,41,--,KEEP_P2,ZERO_VOLUME_RELEVANT,Generic Prompts,普通子页面：用于稳定、长期、功能型或明确独立意图；围绕主题完整回答并链接核心页。,KEEP_OR_REFRESH
/prompts/seedance-2-0,SUBPAGE,P0,NEW,GUIDE,/seedance-2-0;/prompts,"Seedance 2.0 Prompt Guide: Best Prompts, Examples & Templates",Seedance 2.0 Prompt Guide,1,PRIMARY,seedance 2.0 prompt guide,seedance 2.0 prompt guide,CANONICAL,3250,1341,8,KEEP_P0,HAS_VOLUME,2.0 Prompts,普通子页面：用于稳定、长期、功能型或明确独立意图；围绕主题完整回答并链接核心页。,BUILD_P0
/prompts/seedance-2-0,SUBPAGE,P0,NEW,GUIDE,/seedance-2-0;/prompts,"Seedance 2.0 Prompt Guide: Best Prompts, Examples & Templates",Seedance 2.0 Prompt Guide,2,PRIMARY,best seedance 2.0 prompts,best seedance 2.0 prompts,CANONICAL,2730,769,11,KEEP_P0,HAS_VOLUME,2.0 Prompts,普通子页面：用于稳定、长期、功能型或明确独立意图；围绕主题完整回答并链接核心页。,BUILD_P0
/prompts/seedance-2-0,SUBPAGE,P0,NEW,GUIDE,/seedance-2-0;/prompts,"Seedance 2.0 Prompt Guide: Best Prompts, Examples & Templates",Seedance 2.0 Prompt Guide,3,PRIMARY,seedance 2.0 prompt,seedance 2.0 prompt,CANONICAL,2640,2273,11,KEEP_P0,HAS_VOLUME,2.0 Prompts,普通子页面：用于稳定、长期、功能型或明确独立意图；围绕主题完整回答并链接核心页。,BUILD_P0
/prompts/seedance-2-0,SUBPAGE,P0,NEW,GUIDE,/seedance-2-0;/prompts,"Seedance 2.0 Prompt Guide: Best Prompts, Examples & Templates",Seedance 2.0 Prompt Guide,4,PRIMARY,prompt seedance 2.0,prompt seedance 2.0,CANONICAL,1620,378,5,KEEP_P0,HAS_VOLUME,2.0 Prompts,普通子页面：用于稳定、长期、功能型或明确独立意图；围绕主题完整回答并链接核心页。,BUILD_P0
/prompts/seedance-2-0,SUBPAGE,P0,NEW,GUIDE,/seedance-2-0;/prompts,"Seedance 2.0 Prompt Guide: Best Prompts, Examples & Templates",Seedance 2.0 Prompt Guide,5,PRIMARY,seedance 2.0 prompts,seedance 2.0 prompts,CANONICAL,1600,1888,29,KEEP_P0,HAS_VOLUME,2.0 Prompts,普通子页面：用于稳定、长期、功能型或明确独立意图；围绕主题完整回答并链接核心页。,BUILD_P0
/prompts/seedance-2-0,SUBPAGE,P0,NEW,GUIDE,/seedance-2-0;/prompts,"Seedance 2.0 Prompt Guide: Best Prompts, Examples & Templates",Seedance 2.0 Prompt Guide,6,PRIMARY,seedance 2.0 ai prompt,seedance 2.0 ai prompt,CANONICAL,1420,38,--,KEEP_P0,HAS_VOLUME,2.0 Prompts,普通子页面：用于稳定、长期、功能型或明确独立意图；围绕主题完整回答并链接核心页。,BUILD_P0
/prompts/seedance-2-0,SUBPAGE,P0,NEW,GUIDE,/seedance-2-0;/prompts,"Seedance 2.0 Prompt Guide: Best Prompts, Examples & Templates",Seedance 2.0 Prompt Guide,7,PRIMARY,seedance 2.0 提示词,seedance 2.0 提示词,CANONICAL,1080,449,--,KEEP_P0,HAS_VOLUME,2.0 Core / Generator,普通子页面：用于稳定、长期、功能型或明确独立意图；围绕主题完整回答并链接核心页。,BUILD_P0
/prompts/seedance-2-0,SUBPAGE,P0,NEW,GUIDE,/seedance-2-0;/prompts,"Seedance 2.0 Prompt Guide: Best Prompts, Examples & Templates",Seedance 2.0 Prompt Guide,8,PRIMARY,seedance 2.0 cinematic prompts,seedance 2.0 cinematic prompts,CANONICAL,920,399,--,KEEP_P0,HAS_VOLUME,2.0 Prompts,普通子页面：用于稳定、长期、功能型或明确独立意图；围绕主题完整回答并链接核心页。,BUILD_P0
/prompts/seedance-2-0,SUBPAGE,P0,NEW,GUIDE,/seedance-2-0;/prompts,"Seedance 2.0 Prompt Guide: Best Prompts, Examples & Templates",Seedance 2.0 Prompt Guide,9,SECONDARY,seedance 2.0 prompt generator,seedance 2.0 prompt generator,CANONICAL,860,748,40,KEEP_P0,HAS_VOLUME,2.0 Prompts,普通子页面：用于稳定、长期、功能型或明确独立意图；围绕主题完整回答并链接核心页。,BUILD_P0
/prompts/seedance-2-0,SUBPAGE,P0,NEW,GUIDE,/seedance-2-0;/prompts,"Seedance 2.0 Prompt Guide: Best Prompts, Examples & Templates",Seedance 2.0 Prompt Guide,10,SECONDARY,noble goose seedance 2.0 prompt generator,noble goose seedance 2.0 prompt generator,CANONICAL,850,0,--,KEEP_P0,HAS_VOLUME,2.0 Prompts,普通子页面：用于稳定、长期、功能型或明确独立意图；围绕主题完整回答并链接核心页。,BUILD_P0
/prompts/seedance-2-0,SUBPAGE,P0,NEW,GUIDE,/seedance-2-0;/prompts,"Seedance 2.0 Prompt Guide: Best Prompts, Examples & Templates",Seedance 2.0 Prompt Guide,11,SECONDARY,seedance 2.0 pro vıdeo prompt guıde native meta ads,seedance 2.0 pro vıdeo prompt guıde native meta ads,CANONICAL,800,42,--,KEEP_P0,HAS_VOLUME,2.0 Prompts,普通子页面：用于稳定、长期、功能型或明确独立意图；围绕主题完整回答并链接核心页。,BUILD_P0
/prompts/seedance-2-0,SUBPAGE,P0,NEW,GUIDE,/seedance-2-0;/prompts,"Seedance 2.0 Prompt Guide: Best Prompts, Examples & Templates",Seedance 2.0 Prompt Guide,12,SECONDARY,seedance 2.0 prompt sample,seedance 2.0 prompt sample,CANONICAL,800,0,--,KEEP_P0,HAS_VOLUME,2.0 Prompts,普通子页面：用于稳定、长期、功能型或明确独立意图；围绕主题完整回答并链接核心页。,BUILD_P0
/prompts/seedance-2-0,SUBPAGE,P0,NEW,GUIDE,/seedance-2-0;/prompts,"Seedance 2.0 Prompt Guide: Best Prompts, Examples & Templates",Seedance 2.0 Prompt Guide,13,SECONDARY,seedance 2.0 prompt de pelea x.com,seedance 2.0 prompt de pelea x.com,CANONICAL,760,0,--,KEEP_P0,HAS_VOLUME,2.0 Prompts,普通子页面：用于稳定、长期、功能型或明确独立意图；围绕主题完整回答并链接核心页。,BUILD_P0
/prompts/seedance-2-0,SUBPAGE,P0,NEW,GUIDE,/seedance-2-0;/prompts,"Seedance 2.0 Prompt Guide: Best Prompts, Examples & Templates",Seedance 2.0 Prompt Guide,14,SECONDARY,seedance 2.0 prompt video fighting,seedance 2.0 prompt video fighting,CANONICAL,710,0,--,KEEP_P0,HAS_VOLUME,2.0 Prompts,普通子页面：用于稳定、长期、功能型或明确独立意图；围绕主题完整回答并链接核心页。,BUILD_P0
/prompts/seedance-2-0,SUBPAGE,P0,NEW,GUIDE,/seedance-2-0;/prompts,"Seedance 2.0 Prompt Guide: Best Prompts, Examples & Templates",Seedance 2.0 Prompt Guide,15,SECONDARY,seedance 2.0 sample prompt,seedance 2.0 sample prompt,CANONICAL,660,14,--,KEEP_P0,HAS_VOLUME,2.0 Prompts,普通子页面：用于稳定、长期、功能型或明确独立意图；围绕主题完整回答并链接核心页。,BUILD_P0
/prompts/seedance-2-0,SUBPAGE,P0,NEW,GUIDE,/seedance-2-0;/prompts,"Seedance 2.0 Prompt Guide: Best Prompts, Examples & Templates",Seedance 2.0 Prompt Guide,16,SECONDARY,prompt for seedance 2.0 bullets richocheting off of superman's chest,prompt for seedance 2.0 bullets richocheting off of superman's chest,CANONICAL,630,0,--,KEEP_P0,HAS_VOLUME,2.0 Prompts,普通子页面：用于稳定、长期、功能型或明确独立意图；围绕主题完整回答并链接核心页。,BUILD_P0
/prompts/seedance-2-0,SUBPAGE,P0,NEW,GUIDE,/seedance-2-0;/prompts,"Seedance 2.0 Prompt Guide: Best Prompts, Examples & Templates",Seedance 2.0 Prompt Guide,17,SECONDARY,seedance 2.0 拍同款视频提示词,seedance 2.0 拍同款视频提示词,CANONICAL,620,43,--,KEEP_P0,HAS_VOLUME,2.0 Core / Generator,普通子页面：用于稳定、长期、功能型或明确独立意图；围绕主题完整回答并链接核心页。,BUILD_P0
/prompts/seedance-2-0,SUBPAGE,P0,NEW,GUIDE,/seedance-2-0;/prompts,"Seedance 2.0 Prompt Guide: Best Prompts, Examples & Templates",Seedance 2.0 Prompt Guide,18,SECONDARY,seedance 2.0 vdeo prompts,seedance 2.0 vdeo prompts,CANONICAL,620,0,--,KEEP_P0,HAS_VOLUME,2.0 Prompts,普通子页面：用于稳定、长期、功能型或明确独立意图；围绕主题完整回答并链接核心页。,BUILD_P0
/prompts/seedance-2-0,SUBPAGE,P0,NEW,GUIDE,/seedance-2-0;/prompts,"Seedance 2.0 Prompt Guide: Best Prompts, Examples & Templates",Seedance 2.0 Prompt Guide,19,SECONDARY,seedance 2.0 prompt collection,seedance 2.0 prompt collection,CANONICAL,580,39,--,KEEP_P0,HAS_VOLUME,2.0 Prompts,普通子页面：用于稳定、长期、功能型或明确独立意图；围绕主题完整回答并链接核心页。,BUILD_P0
/prompts/seedance-2-0,SUBPAGE,P0,NEW,GUIDE,/seedance-2-0;/prompts,"Seedance 2.0 Prompt Guide: Best Prompts, Examples & Templates",Seedance 2.0 Prompt Guide,20,SECONDARY,seedance 2.0 viral video prompt,seedance 2.0 viral video prompt,CANONICAL,510,12,--,KEEP_P0,HAS_VOLUME,2.0 Prompts,普通子页面：用于稳定、长期、功能型或明确独立意图；围绕主题完整回答并链接核心页。,BUILD_P0
/prompts/seedance-2-0,SUBPAGE,P0,NEW,GUIDE,/seedance-2-0;/prompts,"Seedance 2.0 Prompt Guide: Best Prompts, Examples & Templates",Seedance 2.0 Prompt Guide,21,SECONDARY,prompting guide for seedance 2.0,prompting guide for seedance 2.0,CANONICAL,490,35,--,KEEP_P0,HAS_VOLUME,2.0 Prompts,普通子页面：用于稳定、长期、功能型或明确独立意图；围绕主题完整回答并链接核心页。,BUILD_P0
/prompts/seedance-2-0,SUBPAGE,P0,NEW,GUIDE,/seedance-2-0;/prompts,"Seedance 2.0 Prompt Guide: Best Prompts, Examples & Templates",Seedance 2.0 Prompt Guide,22,SECONDARY,prompter para seedance 2.0 fast,prompter para seedance 2.0 fast,CANONICAL,440,0,--,KEEP_P0,HAS_VOLUME,2.0 Prompts,普通子页面：用于稳定、长期、功能型或明确独立意图；围绕主题完整回答并链接核心页。,BUILD_P0
/prompts/seedance-2-0,SUBPAGE,P0,NEW,GUIDE,/seedance-2-0;/prompts,"Seedance 2.0 Prompt Guide: Best Prompts, Examples & Templates",Seedance 2.0 Prompt Guide,23,SECONDARY,seedance 2.0 official prompt guide,seedance 2.0 official prompt guide,CANONICAL,400,35,--,KEEP_P0,HAS_VOLUME,2.0 Prompts,普通子页面：用于稳定、长期、功能型或明确独立意图；围绕主题完整回答并链接核心页。,BUILD_P0
/prompts/seedance-2-0,SUBPAGE,P0,NEW,GUIDE,/seedance-2-0;/prompts,"Seedance 2.0 Prompt Guide: Best Prompts, Examples & Templates",Seedance 2.0 Prompt Guide,24,SECONDARY,seedance 2.0 prompt library (martini art),seedance 2.0 prompt library (martini art),CANONICAL,400,0,--,KEEP_P0,HAS_VOLUME,2.0 Prompts,普通子页面：用于稳定、长期、功能型或明确独立意图；围绕主题完整回答并链接核心页。,BUILD_P0
/prompts/seedance-2-0,SUBPAGE,P0,NEW,GUIDE,/seedance-2-0;/prompts,"Seedance 2.0 Prompt Guide: Best Prompts, Examples & Templates",Seedance 2.0 Prompt Guide,25,SECONDARY,hand posing seedance 2.0 prompt,hand posing seedance 2.0 prompt,CANONICAL,380,12,--,KEEP_P0,HAS_VOLUME,2.0 Prompts,普通子页面：用于稳定、长期、功能型或明确独立意图；围绕主题完整回答并链接核心页。,BUILD_P0
/prompts/seedance-2-0,SUBPAGE,P0,NEW,GUIDE,/seedance-2-0;/prompts,"Seedance 2.0 Prompt Guide: Best Prompts, Examples & Templates",Seedance 2.0 Prompt Guide,26,SECONDARY,prompts seedance 2.0 arquitetura,prompts seedance 2.0 arquitetura,CANONICAL,380,0,--,KEEP_P0,HAS_VOLUME,2.0 Prompts,普通子页面：用于稳定、长期、功能型或明确独立意图；围绕主题完整回答并链接核心页。,BUILD_P0
/prompts/seedance-2-0,SUBPAGE,P0,NEW,GUIDE,/seedance-2-0;/prompts,"Seedance 2.0 Prompt Guide: Best Prompts, Examples & Templates",Seedance 2.0 Prompt Guide,27,SECONDARY,prompts seedance 2.0,prompts seedance 2.0,CANONICAL,370,120,10,KEEP_P0,HAS_VOLUME,2.0 Prompts,普通子页面：用于稳定、长期、功能型或明确独立意图；围绕主题完整回答并链接核心页。,BUILD_P0
/prompts/seedance-2-0,SUBPAGE,P0,NEW,GUIDE,/seedance-2-0;/prompts,"Seedance 2.0 Prompt Guide: Best Prompts, Examples & Templates",Seedance 2.0 Prompt Guide,28,SECONDARY,video trend seedance 2.0 prompt,video trend seedance 2.0 prompt,CANONICAL,370,25,--,KEEP_P0,HAS_VOLUME,2.0 Prompts,普通子页面：用于稳定、长期、功能型或明确独立意图；围绕主题完整回答并链接核心页。,BUILD_P0
/prompts/seedance-2-0,SUBPAGE,P0,NEW,GUIDE,/seedance-2-0;/prompts,"Seedance 2.0 Prompt Guide: Best Prompts, Examples & Templates",Seedance 2.0 Prompt Guide,29,SECONDARY,seedance 2.0 prompt video,seedance 2.0 prompt video,CANONICAL,370,0,--,KEEP_P0,HAS_VOLUME,2.0 Prompts,普通子页面：用于稳定、长期、功能型或明确独立意图；围绕主题完整回答并链接核心页。,BUILD_P0
/prompts/seedance-2-0,SUBPAGE,P0,NEW,GUIDE,/seedance-2-0;/prompts,"Seedance 2.0 Prompt Guide: Best Prompts, Examples & Templates",Seedance 2.0 Prompt Guide,30,SECONDARY,seedance 2.0 real vlog prompt,seedance 2.0 real vlog prompt,CANONICAL,360,8,--,KEEP_P0,HAS_VOLUME,2.0 Prompts,普通子页面：用于稳定、长期、功能型或明确独立意图；围绕主题完整回答并链接核心页。,BUILD_P0
/prompts/seedance-2-0,SUBPAGE,P0,NEW,GUIDE,/seedance-2-0;/prompts,"Seedance 2.0 Prompt Guide: Best Prompts, Examples & Templates",Seedance 2.0 Prompt Guide,31,SECONDARY,seedance 2.0 action prompts,seedance 2.0 action prompts,CANONICAL,360,0,--,KEEP_P0,HAS_VOLUME,2.0 Prompts,普通子页面：用于稳定、长期、功能型或明确独立意图；围绕主题完整回答并链接核心页。,BUILD_P0
/prompts/seedance-2-0,SUBPAGE,P0,NEW,GUIDE,/seedance-2-0;/prompts,"Seedance 2.0 Prompt Guide: Best Prompts, Examples & Templates",Seedance 2.0 Prompt Guide,32,SECONDARY,seedance 2.0 guide prompt,seedance 2.0 guide prompt,CANONICAL,310,21,--,KEEP_P0,HAS_VOLUME,2.0 Prompts,普通子页面：用于稳定、长期、功能型或明确独立意图；围绕主题完整回答并链接核心页。,BUILD_P0
/prompts/seedance-2-0,SUBPAGE,P0,NEW,GUIDE,/seedance-2-0;/prompts,"Seedance 2.0 Prompt Guide: Best Prompts, Examples & Templates",Seedance 2.0 Prompt Guide,33,SECONDARY,how to prompt seedance 2.0,how to prompt seedance 2.0,CANONICAL,280,282,11,KEEP_P0,HAS_VOLUME,2.0 Prompts,普通子页面：用于稳定、长期、功能型或明确独立意图；围绕主题完整回答并链接核心页。,BUILD_P0
/prompts/seedance-2-0,SUBPAGE,P0,NEW,GUIDE,/seedance-2-0;/prompts,"Seedance 2.0 Prompt Guide: Best Prompts, Examples & Templates",Seedance 2.0 Prompt Guide,34,SECONDARY,viral seedance 2.0 prompts,viral seedance 2.0 prompts,CANONICAL,260,52,--,KEEP_P0,HAS_VOLUME,2.0 Prompts,普通子页面：用于稳定、长期、功能型或明确独立意图；围绕主题完整回答并链接核心页。,BUILD_P0
/prompts/seedance-2-0,SUBPAGE,P0,NEW,GUIDE,/seedance-2-0;/prompts,"Seedance 2.0 Prompt Guide: Best Prompts, Examples & Templates",Seedance 2.0 Prompt Guide,35,SECONDARY,seedance 2.0 amazing prompts,seedance 2.0 amazing prompts,CANONICAL,260,8,--,KEEP_P0,HAS_VOLUME,2.0 Prompts,普通子页面：用于稳定、长期、功能型或明确独立意图；围绕主题完整回答并链接核心页。,BUILD_P0
/prompts/seedance-2-0,SUBPAGE,P0,NEW,GUIDE,/seedance-2-0;/prompts,"Seedance 2.0 Prompt Guide: Best Prompts, Examples & Templates",Seedance 2.0 Prompt Guide,36,SECONDARY,seedance 2.0 prompt guide pdf,seedance 2.0 prompt guide pdf,CANONICAL,250,236,11,KEEP_P0,HAS_VOLUME,2.0 Prompts,普通子页面：用于稳定、长期、功能型或明确独立意图；围绕主题完整回答并链接核心页。,BUILD_P0
/prompts/seedance-2-0,SUBPAGE,P0,NEW,GUIDE,/seedance-2-0;/prompts,"Seedance 2.0 Prompt Guide: Best Prompts, Examples & Templates",Seedance 2.0 Prompt Guide,37,SECONDARY,seedance 2.0 best prompts,seedance 2.0 best prompts,CANONICAL,250,56,--,KEEP_P0,HAS_VOLUME,2.0 Prompts,普通子页面：用于稳定、长期、功能型或明确独立意图；围绕主题完整回答并链接核心页。,BUILD_P0
/prompts/seedance-2-0,SUBPAGE,P0,NEW,GUIDE,/seedance-2-0;/prompts,"Seedance 2.0 Prompt Guide: Best Prompts, Examples & Templates",Seedance 2.0 Prompt Guide,38,SECONDARY,seedance 2.0 prompt writer,seedance 2.0 prompt writer,CANONICAL,250,16,--,KEEP_P0,HAS_VOLUME,2.0 Prompts,普通子页面：用于稳定、长期、功能型或明确独立意图；围绕主题完整回答并链接核心页。,BUILD_P0
/prompts/seedance-2-0,SUBPAGE,P0,NEW,GUIDE,/seedance-2-0;/prompts,"Seedance 2.0 Prompt Guide: Best Prompts, Examples & Templates",Seedance 2.0 Prompt Guide,39,SECONDARY,seedance 2.0 prompt writer for videos,seedance 2.0 prompt writer for videos,CANONICAL,250,0,--,KEEP_P0,HAS_VOLUME,2.0 Prompts,普通子页面：用于稳定、长期、功能型或明确独立意图；围绕主题完整回答并链接核心页。,BUILD_P0
/prompts/seedance-2-0,SUBPAGE,P0,NEW,GUIDE,/seedance-2-0;/prompts,"Seedance 2.0 Prompt Guide: Best Prompts, Examples & Templates",Seedance 2.0 Prompt Guide,40,SECONDARY,aimuse seedance 2.0 prompt director studio,aimuse seedance 2.0 prompt director studio,CANONICAL,240,76,--,KEEP_P0,HAS_VOLUME,2.0 Prompts,普通子页面：用于稳定、长期、功能型或明确独立意图；围绕主题完整回答并链接核心页。,BUILD_P0
/prompts/seedance-2-0,SUBPAGE,P0,NEW,GUIDE,/seedance-2-0;/prompts,"Seedance 2.0 Prompt Guide: Best Prompts, Examples & Templates",Seedance 2.0 Prompt Guide,41,SECONDARY,seedance 2.0 prompt length,seedance 2.0 prompt length,CANONICAL,240,63,--,KEEP_P0,HAS_VOLUME,2.0 Prompts,普通子页面：用于稳定、长期、功能型或明确独立意图；围绕主题完整回答并链接核心页。,BUILD_P0
/prompts/seedance-2-0,SUBPAGE,P0,NEW,GUIDE,/seedance-2-0;/prompts,"Seedance 2.0 Prompt Guide: Best Prompts, Examples & Templates",Seedance 2.0 Prompt Guide,42,SECONDARY,"""aimuse seedance 2.0 prompt director studio""","""aimuse seedance 2.0 prompt director studio""",CANONICAL,240,0,--,KEEP_P0,HAS_VOLUME,2.0 Prompts,普通子页面：用于稳定、长期、功能型或明确独立意图；围绕主题完整回答并链接核心页。,BUILD_P0
/prompts/seedance-2-0,SUBPAGE,P0,NEW,GUIDE,/seedance-2-0;/prompts,"Seedance 2.0 Prompt Guide: Best Prompts, Examples & Templates",Seedance 2.0 Prompt Guide,43,SECONDARY,seedance2.0提示词,seedance2.0提示词,CANONICAL,190,249,--,KEEP_P0,HAS_VOLUME,Other / Contextual,普通子页面：用于稳定、长期、功能型或明确独立意图；围绕主题完整回答并链接核心页。,BUILD_P0
/prompts/seedance-2-0,SUBPAGE,P0,NEW,GUIDE,/seedance-2-0;/prompts,"Seedance 2.0 Prompt Guide: Best Prompts, Examples & Templates",Seedance 2.0 Prompt Guide,44,SECONDARY,how to make good prompts in seedance 2.0,how to make good prompts in seedance 2.0,CANONICAL,170,0,--,KEEP_P0,HAS_VOLUME,2.0 Prompts,普通子页面：用于稳定、长期、功能型或明确独立意图；围绕主题完整回答并链接核心页。,BUILD_P0
/prompts/seedance-2-0,SUBPAGE,P0,NEW,GUIDE,/seedance-2-0;/prompts,"Seedance 2.0 Prompt Guide: Best Prompts, Examples & Templates",Seedance 2.0 Prompt Guide,45,SECONDARY,prompt dragon seedance 2.0,prompt dragon seedance 2.0,CANONICAL,170,0,--,KEEP_P0,HAS_VOLUME,2.0 Prompts,普通子页面：用于稳定、长期、功能型或明确独立意图；围绕主题完整回答并链接核心页。,BUILD_P0
/prompts/seedance-2-0,SUBPAGE,P0,NEW,GUIDE,/seedance-2-0;/prompts,"Seedance 2.0 Prompt Guide: Best Prompts, Examples & Templates",Seedance 2.0 Prompt Guide,46,SECONDARY,jsfilmz vault (500 seedance 2.0 prompts),jsfilmz vault (500 seedance 2.0 prompts),CANONICAL,160,32,--,KEEP_P0,HAS_VOLUME,2.0 Prompts,普通子页面：用于稳定、长期、功能型或明确独立意图；围绕主题完整回答并链接核心页。,BUILD_P0
/prompts/seedance-2-0,SUBPAGE,P0,NEW,GUIDE,/seedance-2-0;/prompts,"Seedance 2.0 Prompt Guide: Best Prompts, Examples & Templates",Seedance 2.0 Prompt Guide,47,SECONDARY,seedance 2.0 fight prompt,seedance 2.0 fight prompt,CANONICAL,150,209,--,KEEP_P0,HAS_VOLUME,2.0 Prompts,普通子页面：用于稳定、长期、功能型或明确独立意图；围绕主题完整回答并链接核心页。,BUILD_P0
/prompts/seedance-2-0,SUBPAGE,P0,NEW,GUIDE,/seedance-2-0;/prompts,"Seedance 2.0 Prompt Guide: Best Prompts, Examples & Templates",Seedance 2.0 Prompt Guide,48,SECONDARY,seedance 2.0 street fight prompt,seedance 2.0 street fight prompt,CANONICAL,150,68,--,KEEP_P0,HAS_VOLUME,2.0 Prompts,普通子页面：用于稳定、长期、功能型或明确独立意图；围绕主题完整回答并链接核心页。,BUILD_P0
/prompts/seedance-2-0,SUBPAGE,P0,NEW,GUIDE,/seedance-2-0;/prompts,"Seedance 2.0 Prompt Guide: Best Prompts, Examples & Templates",Seedance 2.0 Prompt Guide,49,SECONDARY,seedance 2.0 提示词 字符 上限,seedance 2.0 提示词 字符 上限,CANONICAL,130,12,--,KEEP_P0,HAS_VOLUME,2.0 Core / Generator,普通子页面：用于稳定、长期、功能型或明确独立意图；围绕主题完整回答并链接核心页。,BUILD_P0
/prompts/seedance-2-0,SUBPAGE,P0,NEW,GUIDE,/seedance-2-0;/prompts,"Seedance 2.0 Prompt Guide: Best Prompts, Examples & Templates",Seedance 2.0 Prompt Guide,50,SECONDARY,best fight prompts for seedance 2.0,best fight prompts for seedance 2.0,CANONICAL,110,0,--,KEEP_P0,HAS_VOLUME,2.0 Prompts,普通子页面：用于稳定、长期、功能型或明确独立意图；围绕主题完整回答并链接核心页。,BUILD_P0
/prompts/seedance-2-0,SUBPAGE,P0,NEW,GUIDE,/seedance-2-0;/prompts,"Seedance 2.0 Prompt Guide: Best Prompts, Examples & Templates",Seedance 2.0 Prompt Guide,51,SECONDARY,best fight prompts for seedance 2.0 anime,best fight prompts for seedance 2.0 anime,CANONICAL,110,0,--,KEEP_P0,HAS_VOLUME,2.0 Prompts,普通子页面：用于稳定、长期、功能型或明确独立意图；围绕主题完整回答并链接核心页。,BUILD_P0
/prompts/seedance-2-0,SUBPAGE,P0,NEW,GUIDE,/seedance-2-0;/prompts,"Seedance 2.0 Prompt Guide: Best Prompts, Examples & Templates",Seedance 2.0 Prompt Guide,52,SECONDARY,seedance 2.0提示词指南,seedance 2.0提示词指南,CANONICAL,100,39,--,KEEP_P0,HAS_VOLUME,Homepage / Generic Seedance,普通子页面：用于稳定、长期、功能型或明确独立意图；围绕主题完整回答并链接核心页。,BUILD_P0
/prompts/seedance-2-0,SUBPAGE,P0,NEW,GUIDE,/seedance-2-0;/prompts,"Seedance 2.0 Prompt Guide: Best Prompts, Examples & Templates",Seedance 2.0 Prompt Guide,53,SECONDARY,seedance 2.0 short video prompt,seedance 2.0 short video prompt,CANONICAL,100,22,--,KEEP_P0,HAS_VOLUME,2.0 Prompts,普通子页面：用于稳定、长期、功能型或明确独立意图；围绕主题完整回答并链接核心页。,BUILD_P0
/prompts/seedance-2-0,SUBPAGE,P0,NEW,GUIDE,/seedance-2-0;/prompts,"Seedance 2.0 Prompt Guide: Best Prompts, Examples & Templates",Seedance 2.0 Prompt Guide,54,SECONDARY,seedance 2.0 viral prompts list,seedance 2.0 viral prompts list,CANONICAL,100,12,--,KEEP_P0,HAS_VOLUME,2.0 Prompts,普通子页面：用于稳定、长期、功能型或明确独立意图；围绕主题完整回答并链接核心页。,BUILD_P0
/prompts/seedance-2-0,SUBPAGE,P0,NEW,GUIDE,/seedance-2-0;/prompts,"Seedance 2.0 Prompt Guide: Best Prompts, Examples & Templates",Seedance 2.0 Prompt Guide,55,SECONDARY,seedance 2.0 viral prompts list sheet,seedance 2.0 viral prompts list sheet,CANONICAL,100,12,--,KEEP_P0,HAS_VOLUME,2.0 Prompts,普通子页面：用于稳定、长期、功能型或明确独立意图；围绕主题完整回答并链接核心页。,BUILD_P0
/prompts/seedance-2-0,SUBPAGE,P0,NEW,GUIDE,/seedance-2-0;/prompts,"Seedance 2.0 Prompt Guide: Best Prompts, Examples & Templates",Seedance 2.0 Prompt Guide,56,SECONDARY,seedance 2.0 prompt library,seedance 2.0 prompt library,CANONICAL,80,327,11,KEEP_P0,HAS_VOLUME,2.0 Prompts,普通子页面：用于稳定、长期、功能型或明确独立意图；围绕主题完整回答并链接核心页。,BUILD_P0
/prompts/seedance-2-0,SUBPAGE,P0,NEW,GUIDE,/seedance-2-0;/prompts,"Seedance 2.0 Prompt Guide: Best Prompts, Examples & Templates",Seedance 2.0 Prompt Guide,57,SECONDARY,seedance2.0 提示词,seedance2.0 提示词,CANONICAL,80,283,--,KEEP_P0,HAS_VOLUME,2.0 Core / Generator,普通子页面：用于稳定、长期、功能型或明确独立意图；围绕主题完整回答并链接核心页。,BUILD_P0
/prompts/seedance-2-0,SUBPAGE,P0,NEW,GUIDE,/seedance-2-0;/prompts,"Seedance 2.0 Prompt Guide: Best Prompts, Examples & Templates",Seedance 2.0 Prompt Guide,58,SECONDARY,seedance2.0 微表情提示词,seedance2.0 微表情提示词,CANONICAL,80,5,--,KEEP_P0,HAS_VOLUME,2.0 Core / Generator,普通子页面：用于稳定、长期、功能型或明确独立意图；围绕主题完整回答并链接核心页。,BUILD_P0
/prompts/seedance-2-0,SUBPAGE,P0,NEW,GUIDE,/seedance-2-0;/prompts,"Seedance 2.0 Prompt Guide: Best Prompts, Examples & Templates",Seedance 2.0 Prompt Guide,59,SECONDARY,how to prompt seedance 2.0 the best for handheld footage,how to prompt seedance 2.0 the best for handheld footage,CANONICAL,80,0,--,KEEP_P0,HAS_VOLUME,2.0 Prompts,普通子页面：用于稳定、长期、功能型或明确独立意图；围绕主题完整回答并链接核心页。,BUILD_P0
/prompts/seedance-2-0,SUBPAGE,P0,NEW,GUIDE,/seedance-2-0;/prompts,"Seedance 2.0 Prompt Guide: Best Prompts, Examples & Templates",Seedance 2.0 Prompt Guide,60,SECONDARY,seedance 2.0 prompting guide,seedance 2.0 prompting guide,CANONICAL,60,532,--,KEEP_P0,HAS_VOLUME,2.0 Prompts,普通子页面：用于稳定、长期、功能型或明确独立意图；围绕主题完整回答并链接核心页。,BUILD_P0
/prompts/seedance-2-0,SUBPAGE,P0,NEW,GUIDE,/seedance-2-0;/prompts,"Seedance 2.0 Prompt Guide: Best Prompts, Examples & Templates",Seedance 2.0 Prompt Guide,61,ZERO_VOLUME_SUPPORT,video prompt builder for seedance 2.0,video prompt builder for seedance 2.0,CANONICAL,0,228,--,KEEP_P0,ZERO_VOLUME_RELEVANT,2.0 Prompts,普通子页面：用于稳定、长期、功能型或明确独立意图；围绕主题完整回答并链接核心页。,BUILD_P0
/prompts/seedance-2-0,SUBPAGE,P0,NEW,GUIDE,/seedance-2-0;/prompts,"Seedance 2.0 Prompt Guide: Best Prompts, Examples & Templates",Seedance 2.0 Prompt Guide,62,ZERO_VOLUME_SUPPORT,seedance 2.0 video prompt,seedance 2.0 video prompt,CANONICAL,0,113,--,KEEP_P0,ZERO_VOLUME_RELEVANT,2.0 Prompts,普通子页面：用于稳定、长期、功能型或明确独立意图；围绕主题完整回答并链接核心页。,BUILD_P0
/prompts/seedance-2-0,SUBPAGE,P0,NEW,GUIDE,/seedance-2-0;/prompts,"Seedance 2.0 Prompt Guide: Best Prompts, Examples & Templates",Seedance 2.0 Prompt Guide,63,ZERO_VOLUME_SUPPORT,seedance 2.0 best prompt,seedance 2.0 best prompt,CANONICAL,0,91,10,KEEP_P0,ZERO_VOLUME_RELEVANT,2.0 Prompts,普通子页面：用于稳定、长期、功能型或明确独立意图；围绕主题完整回答并链接核心页。,BUILD_P0
/prompts/seedance-2-0,SUBPAGE,P0,NEW,GUIDE,/seedance-2-0;/prompts,"Seedance 2.0 Prompt Guide: Best Prompts, Examples & Templates",Seedance 2.0 Prompt Guide,64,ZERO_VOLUME_SUPPORT,seedance 2.0 提示词大全,seedance 2.0 提示词大全,CANONICAL,0,91,--,KEEP_P0,ZERO_VOLUME_RELEVANT,2.0 Core / Generator,普通子页面：用于稳定、长期、功能型或明确独立意图；围绕主题完整回答并链接核心页。,BUILD_P0
/prompts/seedance-2-0,SUBPAGE,P0,NEW,GUIDE,/seedance-2-0;/prompts,"Seedance 2.0 Prompt Guide: Best Prompts, Examples & Templates",Seedance 2.0 Prompt Guide,65,ZERO_VOLUME_SUPPORT,most outstanding seedance 2.0 prompts for cinmeatism,most outstanding seedance 2.0 prompts for cinmeatism,CANONICAL,0,80,11,KEEP_P0,ZERO_VOLUME_RELEVANT,2.0 Prompts,普通子页面：用于稳定、长期、功能型或明确独立意图；围绕主题完整回答并链接核心页。,BUILD_P0
/prompts/seedance-2-0,SUBPAGE,P0,NEW,GUIDE,/seedance-2-0;/prompts,"Seedance 2.0 Prompt Guide: Best Prompts, Examples & Templates",Seedance 2.0 Prompt Guide,66,ZERO_VOLUME_SUPPORT,how to prompt seedance 2.0 videos,how to prompt seedance 2.0 videos,CANONICAL,0,70,11,KEEP_P0,ZERO_VOLUME_RELEVANT,2.0 Prompts,普通子页面：用于稳定、长期、功能型或明确独立意图；围绕主题完整回答并链接核心页。,BUILD_P0
/prompts/seedance-2-0,SUBPAGE,P0,NEW,GUIDE,/seedance-2-0;/prompts,"Seedance 2.0 Prompt Guide: Best Prompts, Examples & Templates",Seedance 2.0 Prompt Guide,67,ZERO_VOLUME_SUPPORT,seedance 2.0 guide & prompt,seedance 2.0 guide & prompt,CANONICAL,0,69,--,KEEP_P0,ZERO_VOLUME_RELEVANT,2.0 Prompts,普通子页面：用于稳定、长期、功能型或明确独立意图；围绕主题完整回答并链接核心页。,BUILD_P0
/prompts/seedance-2-0,SUBPAGE,P0,NEW,GUIDE,/seedance-2-0;/prompts,"Seedance 2.0 Prompt Guide: Best Prompts, Examples & Templates",Seedance 2.0 Prompt Guide,68,ZERO_VOLUME_SUPPORT,seedance 2.0 fast prompting guide,seedance 2.0 fast prompting guide,CANONICAL,0,68,8,KEEP_P0,ZERO_VOLUME_RELEVANT,2.0 Prompts,普通子页面：用于稳定、长期、功能型或明确独立意图；围绕主题完整回答并链接核心页。,BUILD_P0
/prompts/seedance-2-0,SUBPAGE,P0,NEW,GUIDE,/seedance-2-0;/prompts,"Seedance 2.0 Prompt Guide: Best Prompts, Examples & Templates",Seedance 2.0 Prompt Guide,69,ZERO_VOLUME_SUPPORT,prompts para seedance 2.0,prompts para seedance 2.0,CANONICAL,0,67,--,KEEP_P0,ZERO_VOLUME_RELEVANT,2.0 Prompts,普通子页面：用于稳定、长期、功能型或明确独立意图；围绕主题完整回答并链接核心页。,BUILD_P0
/prompts/seedance-2-0,SUBPAGE,P0,NEW,GUIDE,/seedance-2-0;/prompts,"Seedance 2.0 Prompt Guide: Best Prompts, Examples & Templates",Seedance 2.0 Prompt Guide,70,ZERO_VOLUME_SUPPORT,seedance2.0 prompt guide,seedance2.0 prompt guide,CANONICAL,0,61,--,KEEP_P0,ZERO_VOLUME_RELEVANT,2.0 Prompts,普通子页面：用于稳定、长期、功能型或明确独立意图；围绕主题完整回答并链接核心页。,BUILD_P0
/prompts/seedance-2-0,SUBPAGE,P0,NEW,GUIDE,/seedance-2-0;/prompts,"Seedance 2.0 Prompt Guide: Best Prompts, Examples & Templates",Seedance 2.0 Prompt Guide,71,ZERO_VOLUME_SUPPORT,"camera follow prompt for seedance 2,0","camera follow prompt for seedance 2,0",CANONICAL,0,59,6,KEEP_P2,ZERO_VOLUME_RELEVANT,Generic Prompts,普通子页面：用于稳定、长期、功能型或明确独立意图；围绕主题完整回答并链接核心页。,BUILD_P0
/prompts/seedance-2-0,SUBPAGE,P0,NEW,GUIDE,/seedance-2-0;/prompts,"Seedance 2.0 Prompt Guide: Best Prompts, Examples & Templates",Seedance 2.0 Prompt Guide,72,ZERO_VOLUME_SUPPORT,"temple camera follow prompt for seedance 2,0","temple camera follow prompt for seedance 2,0",CANONICAL,0,59,24,KEEP_P2,ZERO_VOLUME_RELEVANT,Generic Prompts,普通子页面：用于稳定、长期、功能型或明确独立意图；围绕主题完整回答并链接核心页。,BUILD_P0
/prompts/seedance-2-0,SUBPAGE,P0,NEW,GUIDE,/seedance-2-0;/prompts,"Seedance 2.0 Prompt Guide: Best Prompts, Examples & Templates",Seedance 2.0 Prompt Guide,73,ZERO_VOLUME_SUPPORT,seedance2.0提示词网站,seedance2.0提示词网站,CANONICAL,0,50,--,KEEP_P0,ZERO_VOLUME_RELEVANT,Other / Contextual,普通子页面：用于稳定、长期、功能型或明确独立意图；围绕主题完整回答并链接核心页。,BUILD_P0
/prompts/seedance-2-0,SUBPAGE,P0,NEW,GUIDE,/seedance-2-0;/prompts,"Seedance 2.0 Prompt Guide: Best Prompts, Examples & Templates",Seedance 2.0 Prompt Guide,74,ZERO_VOLUME_SUPPORT,seedance 2.0 prompting guide pdf,seedance 2.0 prompting guide pdf,CANONICAL,0,49,3,KEEP_P0,ZERO_VOLUME_RELEVANT,2.0 Prompts,普通子页面：用于稳定、长期、功能型或明确独立意图；围绕主题完整回答并链接核心页。,BUILD_P0
/prompts/seedance-2-0,SUBPAGE,P0,NEW,GUIDE,/seedance-2-0;/prompts,"Seedance 2.0 Prompt Guide: Best Prompts, Examples & Templates",Seedance 2.0 Prompt Guide,75,ZERO_VOLUME_SUPPORT,seedance 2.0 fast product assemby prompt,seedance 2.0 fast product assemby prompt,CANONICAL,0,45,8,KEEP_P0,ZERO_VOLUME_RELEVANT,2.0 Prompts,普通子页面：用于稳定、长期、功能型或明确独立意图；围绕主题完整回答并链接核心页。,BUILD_P0
/prompts/seedance-2-0,SUBPAGE,P0,NEW,GUIDE,/seedance-2-0;/prompts,"Seedance 2.0 Prompt Guide: Best Prompts, Examples & Templates",Seedance 2.0 Prompt Guide,76,ZERO_VOLUME_SUPPORT,"english, mandarin or json for best prompts in seedance2.0","english, mandarin or json for best prompts in seedance2.0",CANONICAL,0,42,8,KEEP_P0,ZERO_VOLUME_RELEVANT,2.0 Prompts,普通子页面：用于稳定、长期、功能型或明确独立意图；围绕主题完整回答并链接核心页。,BUILD_P0
/prompts/seedance-2-0,SUBPAGE,P0,NEW,GUIDE,/seedance-2-0;/prompts,"Seedance 2.0 Prompt Guide: Best Prompts, Examples & Templates",Seedance 2.0 Prompt Guide,77,ZERO_VOLUME_SUPPORT,most outstanding seedance 2.0 prompts for cinematic,most outstanding seedance 2.0 prompts for cinematic,CANONICAL,0,42,11,KEEP_P0,ZERO_VOLUME_RELEVANT,2.0 Prompts,普通子页面：用于稳定、长期、功能型或明确独立意图；围绕主题完整回答并链接核心页。,BUILD_P0
/prompts/seedance-2-0,SUBPAGE,P0,NEW,GUIDE,/seedance-2-0;/prompts,"Seedance 2.0 Prompt Guide: Best Prompts, Examples & Templates",Seedance 2.0 Prompt Guide,78,ZERO_VOLUME_SUPPORT,awesome seedance 2.0 prompts,awesome seedance 2.0 prompts,CANONICAL,0,39,--,KEEP_P0,ZERO_VOLUME_RELEVANT,2.0 Prompts,普通子页面：用于稳定、长期、功能型或明确独立意图；围绕主题完整回答并链接核心页。,BUILD_P0
/prompts/seedance-2-0,SUBPAGE,P0,NEW,GUIDE,/seedance-2-0;/prompts,"Seedance 2.0 Prompt Guide: Best Prompts, Examples & Templates",Seedance 2.0 Prompt Guide,79,ZERO_VOLUME_SUPPORT,best prompt seedance 2.0,best prompt seedance 2.0,CANONICAL,0,39,11,KEEP_P0,ZERO_VOLUME_RELEVANT,2.0 Prompts,普通子页面：用于稳定、长期、功能型或明确独立意图；围绕主题完整回答并链接核心页。,BUILD_P0
/prompts/seedance-2-0,SUBPAGE,P0,NEW,GUIDE,/seedance-2-0;/prompts,"Seedance 2.0 Prompt Guide: Best Prompts, Examples & Templates",Seedance 2.0 Prompt Guide,80,ZERO_VOLUME_SUPPORT,complete prompt for seedance 2.0,complete prompt for seedance 2.0,CANONICAL,0,39,9,KEEP_P0,ZERO_VOLUME_RELEVANT,2.0 Prompts,普通子页面：用于稳定、长期、功能型或明确独立意图；围绕主题完整回答并链接核心页。,BUILD_P0
/prompts/seedance-2-0,SUBPAGE,P0,NEW,GUIDE,/seedance-2-0;/prompts,"Seedance 2.0 Prompt Guide: Best Prompts, Examples & Templates",Seedance 2.0 Prompt Guide,81,ZERO_VOLUME_SUPPORT,seedance 2.0 character swap prompts,seedance 2.0 character swap prompts,CANONICAL,0,39,8,KEEP_P0,ZERO_VOLUME_RELEVANT,2.0 Prompts,普通子页面：用于稳定、长期、功能型或明确独立意图；围绕主题完整回答并链接核心页。,BUILD_P0
/prompts/seedance-2-0,SUBPAGE,P0,NEW,GUIDE,/seedance-2-0;/prompts,"Seedance 2.0 Prompt Guide: Best Prompts, Examples & Templates",Seedance 2.0 Prompt Guide,82,ZERO_VOLUME_SUPPORT,seedance 2.0 character swap prompts tips,seedance 2.0 character swap prompts tips,CANONICAL,0,39,4,KEEP_P0,ZERO_VOLUME_RELEVANT,2.0 Prompts,普通子页面：用于稳定、长期、功能型或明确独立意图；围绕主题完整回答并链接核心页。,BUILD_P0
/prompts/seedance-2-0,SUBPAGE,P0,NEW,GUIDE,/seedance-2-0;/prompts,"Seedance 2.0 Prompt Guide: Best Prompts, Examples & Templates",Seedance 2.0 Prompt Guide,83,ZERO_VOLUME_SUPPORT,seedance 2.0 character swap prompts tips pdf,seedance 2.0 character swap prompts tips pdf,CANONICAL,0,39,9,KEEP_P0,ZERO_VOLUME_RELEVANT,2.0 Prompts,普通子页面：用于稳定、长期、功能型或明确独立意图；围绕主题完整回答并链接核心页。,BUILD_P0
/prompts/seedance-2-0,SUBPAGE,P0,NEW,GUIDE,/seedance-2-0;/prompts,"Seedance 2.0 Prompt Guide: Best Prompts, Examples & Templates",Seedance 2.0 Prompt Guide,84,ZERO_VOLUME_SUPPORT,seedance 2.0 replace character keep camera motion prompt,seedance 2.0 replace character keep camera motion prompt,CANONICAL,0,39,--,KEEP_P0,ZERO_VOLUME_RELEVANT,2.0 Prompts,普通子页面：用于稳定、长期、功能型或明确独立意图；围绕主题完整回答并链接核心页。,BUILD_P0
/prompts/seedance-2-0,SUBPAGE,P0,NEW,GUIDE,/seedance-2-0;/prompts,"Seedance 2.0 Prompt Guide: Best Prompts, Examples & Templates",Seedance 2.0 Prompt Guide,85,ZERO_VOLUME_SUPPORT,seedance 20 prompt horse basketball,seedance 20 prompt horse basketball,CANONICAL,0,39,--,KEEP_P2,ZERO_VOLUME_RELEVANT,Generic Prompts,普通子页面：用于稳定、长期、功能型或明确独立意图；围绕主题完整回答并链接核心页。,BUILD_P0
/seedance-2-0,CORE,P0,EXISTING,MODEL_PRODUCT,/prompts/seedance-2-0;/how-to-use-seedance,Seedance 2.0 AI Video Generator,Seedance 2.0 AI Video Generator,1,PRIMARY,seedance 2.0,seedance 2.0,CANONICAL,1130190,1326847,59,KEEP_P0,HAS_VOLUME,2.0 Core / Generator,核心页面：守核心产品/版本/交易意图，避免被大量长尾信息稀释。,KEEP_OR_REFRESH
/seedance-2-0,CORE,P0,EXISTING,MODEL_PRODUCT,/prompts/seedance-2-0;/how-to-use-seedance,Seedance 2.0 AI Video Generator,Seedance 2.0 AI Video Generator,2,PRIMARY,seedance 2.0 free,seedance 2.0 free,CANONICAL,173510,113963,58,KEEP_P0,HAS_VOLUME,2.0 Commercial / Generator,核心页面：守核心产品/版本/交易意图，避免被大量长尾信息稀释。,KEEP_OR_REFRESH
/seedance-2-0,CORE,P0,EXISTING,MODEL_PRODUCT,/prompts/seedance-2-0;/how-to-use-seedance,Seedance 2.0 AI Video Generator,Seedance 2.0 AI Video Generator,3,PRIMARY,seedance 2.0 ai,seedance 2.0 ai,CANONICAL,27130,33671,69,KEEP_P0,HAS_VOLUME,2.0 Core / Generator,核心页面：守核心产品/版本/交易意图，避免被大量长尾信息稀释。,KEEP_OR_REFRESH
/seedance-2-0,CORE,P0,EXISTING,MODEL_PRODUCT,/prompts/seedance-2-0;/how-to-use-seedance,Seedance 2.0 AI Video Generator,Seedance 2.0 AI Video Generator,4,PRIMARY,seedance2.0,seedance2.0,CANONICAL,23910,57747,54,KEEP_P0,HAS_VOLUME,2.0 Core / Generator,核心页面：守核心产品/版本/交易意图，避免被大量长尾信息稀释。,KEEP_OR_REFRESH
/seedance-2-0,CORE,P0,EXISTING,MODEL_PRODUCT,/prompts/seedance-2-0;/how-to-use-seedance,Seedance 2.0 AI Video Generator,Seedance 2.0 AI Video Generator,5,TYPO_SUPPORT,sedance 2.0,seedance 2.0,TYPO,16540,6483,65,KEEP_P0,HAS_VOLUME,2.0 Core / Generator,核心页面：守核心产品/版本/交易意图，避免被大量长尾信息稀释。,KEEP_OR_REFRESH
/seedance-2-0,CORE,P0,EXISTING,MODEL_PRODUCT,/prompts/seedance-2-0;/how-to-use-seedance,Seedance 2.0 AI Video Generator,Seedance 2.0 AI Video Generator,6,PRIMARY,free seedance 2.0,free seedance 2.0,CANONICAL,9630,6273,56,KEEP_P0,HAS_VOLUME,2.0 Commercial / Generator,核心页面：守核心产品/版本/交易意图，避免被大量长尾信息稀释。,KEEP_OR_REFRESH
/seedance-2-0,CORE,P0,EXISTING,MODEL_PRODUCT,/prompts/seedance-2-0;/how-to-use-seedance,Seedance 2.0 AI Video Generator,Seedance 2.0 AI Video Generator,7,PRIMARY,seedance 2.0 free unlimited,seedance 2.0 free unlimited,CANONICAL,7870,2665,59,KEEP_P0,HAS_VOLUME,2.0 Commercial / Generator,核心页面：守核心产品/版本/交易意图，避免被大量长尾信息稀释。,KEEP_OR_REFRESH
/seedance-2-0,CORE,P0,EXISTING,MODEL_PRODUCT,/prompts/seedance-2-0;/how-to-use-seedance,Seedance 2.0 AI Video Generator,Seedance 2.0 AI Video Generator,8,PRIMARY,unlimited seedance 2.0,unlimited seedance 2.0,CANONICAL,7220,2467,25,KEEP_P0,HAS_VOLUME,2.0 Commercial / Generator,核心页面：守核心产品/版本/交易意图，避免被大量长尾信息稀释。,KEEP_OR_REFRESH
/seedance-2-0,CORE,P0,EXISTING,MODEL_PRODUCT,/prompts/seedance-2-0;/how-to-use-seedance,Seedance 2.0 AI Video Generator,Seedance 2.0 AI Video Generator,9,SECONDARY,seedance 2.0 pricing,seedance 2.0 pricing,CANONICAL,7180,4635,15,KEEP_P0,HAS_VOLUME,2.0 Commercial / Generator,核心页面：守核心产品/版本/交易意图，避免被大量长尾信息稀释。,KEEP_OR_REFRESH
/seedance-2-0,CORE,P0,EXISTING,MODEL_PRODUCT,/prompts/seedance-2-0;/how-to-use-seedance,Seedance 2.0 AI Video Generator,Seedance 2.0 AI Video Generator,10,SECONDARY,bytedance seedance 2.0,bytedance seedance 2.0,CANONICAL,6880,13690,42,KEEP_P0,HAS_VOLUME,2.0 Core / Generator,核心页面：守核心产品/版本/交易意图，避免被大量长尾信息稀释。,KEEP_OR_REFRESH
/seedance-2-0,CORE,P0,EXISTING,MODEL_PRODUCT,/prompts/seedance-2-0;/how-to-use-seedance,Seedance 2.0 AI Video Generator,Seedance 2.0 AI Video Generator,11,TYPO_SUPPORT,seed dance 2.0,seedance 2.0,TYPO,6720,9107,75,KEEP_P0,HAS_VOLUME,2.0 Core / Generator,核心页面：守核心产品/版本/交易意图，避免被大量长尾信息稀释。,KEEP_OR_REFRESH
/seedance-2-0,CORE,P0,EXISTING,MODEL_PRODUCT,/prompts/seedance-2-0;/how-to-use-seedance,Seedance 2.0 AI Video Generator,Seedance 2.0 AI Video Generator,12,TYPO_SUPPORT,seadance 2.0,seedance 2.0,TYPO_BRAND_OVERLAP,6590,7295,38,KEEP_P0,HAS_VOLUME,2.0 Core / Generator,核心页面：守核心产品/版本/交易意图，避免被大量长尾信息稀释。,KEEP_OR_REFRESH
/seedance-2-0,CORE,P0,EXISTING,MODEL_PRODUCT,/prompts/seedance-2-0;/how-to-use-seedance,Seedance 2.0 AI Video Generator,Seedance 2.0 AI Video Generator,13,SECONDARY,seedance 2.0 price,seedance 2.0 price,CANONICAL,6020,4578,31,KEEP_P0,HAS_VOLUME,2.0 Commercial / Generator,核心页面：守核心产品/版本/交易意图，避免被大量长尾信息稀释。,KEEP_OR_REFRESH
/seedance-2-0,CORE,P0,EXISTING,MODEL_PRODUCT,/prompts/seedance-2-0;/how-to-use-seedance,Seedance 2.0 AI Video Generator,Seedance 2.0 AI Video Generator,14,SECONDARY,seedance 2.0 unlimited,seedance 2.0 unlimited,CANONICAL,5490,3226,34,KEEP_P0,HAS_VOLUME,2.0 Commercial / Generator,核心页面：守核心产品/版本/交易意图，避免被大量长尾信息稀释。,KEEP_OR_REFRESH
/seedance-2-0,CORE,P0,EXISTING,MODEL_PRODUCT,/prompts/seedance-2-0;/how-to-use-seedance,Seedance 2.0 AI Video Generator,Seedance 2.0 AI Video Generator,15,SECONDARY,seedance 2.0 fast,seedance 2.0 fast,CANONICAL,4610,1792,57,KEEP_P0,HAS_VOLUME,2.0 Core / Generator,核心页面：守核心产品/版本/交易意图，避免被大量长尾信息稀释。,KEEP_OR_REFRESH
/seedance-2-0,CORE,P0,EXISTING,MODEL_PRODUCT,/prompts/seedance-2-0;/how-to-use-seedance,Seedance 2.0 AI Video Generator,Seedance 2.0 AI Video Generator,16,TYPO_SUPPORT,seedence 2.0,seedance 2.0,TYPO,4540,2723,65,KEEP_P0,HAS_VOLUME,2.0 Core / Generator,核心页面：守核心产品/版本/交易意图，避免被大量长尾信息稀释。,KEEP_OR_REFRESH
/seedance-2-0,CORE,P0,EXISTING,MODEL_PRODUCT,/prompts/seedance-2-0;/how-to-use-seedance,Seedance 2.0 AI Video Generator,Seedance 2.0 AI Video Generator,17,TYPO_SUPPORT,seeddance 2.0,seedance 2.0,TYPO,4160,10078,55,KEEP_P0,HAS_VOLUME,2.0 Core / Generator,核心页面：守核心产品/版本/交易意图，避免被大量长尾信息稀释。,KEEP_OR_REFRESH
/seedance-2-0,CORE,P0,EXISTING,MODEL_PRODUCT,/prompts/seedance-2-0;/how-to-use-seedance,Seedance 2.0 AI Video Generator,Seedance 2.0 AI Video Generator,18,SECONDARY,seedance 2.0 videos,seedance 2.0 videos,CANONICAL,4030,3176,74,KEEP_P0,HAS_VOLUME,2.0 Core / Generator,核心页面：守核心产品/版本/交易意图，避免被大量长尾信息稀释。,KEEP_OR_REFRESH
/seedance-2-0,CORE,P0,EXISTING,MODEL_PRODUCT,/prompts/seedance-2-0;/how-to-use-seedance,Seedance 2.0 AI Video Generator,Seedance 2.0 AI Video Generator,19,SECONDARY,is seedance 2.0 free,is seedance 2.0 free,CANONICAL,4030,2116,51,KEEP_P0,HAS_VOLUME,2.0 Commercial / Generator,核心页面：守核心产品/版本/交易意图，避免被大量长尾信息稀释。,KEEP_OR_REFRESH
/seedance-2-0,CORE,P0,EXISTING,MODEL_PRODUCT,/prompts/seedance-2-0;/how-to-use-seedance,Seedance 2.0 AI Video Generator,Seedance 2.0 AI Video Generator,20,SECONDARY,seedance 2.0 official website,seedance 2.0 official website,CANONICAL,3440,4777,65,KEEP_P0,HAS_VOLUME,2.0 Core / Generator,核心页面：守核心产品/版本/交易意图，避免被大量长尾信息稀释。,KEEP_OR_REFRESH
/seedance-2-0,CORE,P0,EXISTING,MODEL_PRODUCT,/prompts/seedance-2-0;/how-to-use-seedance,Seedance 2.0 AI Video Generator,Seedance 2.0 AI Video Generator,21,SECONDARY,seedance 2.0 logo,seedance 2.0 logo,CANONICAL,3100,3039,66,KEEP_P0,HAS_VOLUME,2.0 Core / Generator,核心页面：守核心产品/版本/交易意图，避免被大量长尾信息稀释。,KEEP_OR_REFRESH
/seedance-2-0,CORE,P0,EXISTING,MODEL_PRODUCT,/prompts/seedance-2-0;/how-to-use-seedance,Seedance 2.0 AI Video Generator,Seedance 2.0 AI Video Generator,22,SECONDARY,cheapest seedance 2.0,cheapest seedance 2.0,CANONICAL,2950,806,16,KEEP_P0,HAS_VOLUME,2.0 Commercial / Generator,核心页面：守核心产品/版本/交易意图，避免被大量长尾信息稀释。,KEEP_OR_REFRESH
/seedance-2-0,CORE,P0,EXISTING,MODEL_PRODUCT,/prompts/seedance-2-0;/how-to-use-seedance,Seedance 2.0 AI Video Generator,Seedance 2.0 AI Video Generator,23,SECONDARY,ai seedance 2.0,ai seedance 2.0,CANONICAL,2680,4898,43,KEEP_P0,HAS_VOLUME,2.0 Core / Generator,核心页面：守核心产品/版本/交易意图，避免被大量长尾信息稀释。,KEEP_OR_REFRESH
/seedance-2-0,CORE,P0,EXISTING,MODEL_PRODUCT,/prompts/seedance-2-0;/how-to-use-seedance,Seedance 2.0 AI Video Generator,Seedance 2.0 AI Video Generator,24,SECONDARY,seedance 2.0 free trial,seedance 2.0 free trial,CANONICAL,2670,1574,27,KEEP_P0,HAS_VOLUME,2.0 Commercial / Generator,核心页面：守核心产品/版本/交易意图，避免被大量长尾信息稀释。,KEEP_OR_REFRESH
/seedance-2-0,CORE,P0,EXISTING,MODEL_PRODUCT,/prompts/seedance-2-0;/how-to-use-seedance,Seedance 2.0 AI Video Generator,Seedance 2.0 AI Video Generator,25,SECONDARY,try seedance 2.0,try seedance 2.0,CANONICAL,2660,2008,28,KEEP_P0,HAS_VOLUME,2.0 Core / Generator,核心页面：守核心产品/版本/交易意图，避免被大量长尾信息稀释。,KEEP_OR_REFRESH
/seedance-2-0,CORE,P0,EXISTING,MODEL_PRODUCT,/prompts/seedance-2-0;/how-to-use-seedance,Seedance 2.0 AI Video Generator,Seedance 2.0 AI Video Generator,26,SECONDARY,seedance 20,seedance 20,CANONICAL,2510,1832,53,KEEP_P0,HAS_VOLUME,Homepage / Generic Seedance,核心页面：守核心产品/版本/交易意图，避免被大量长尾信息稀释。,KEEP_OR_REFRESH
/seedance-2-0,CORE,P0,EXISTING,MODEL_PRODUCT,/prompts/seedance-2-0;/how-to-use-seedance,Seedance 2.0 AI Video Generator,Seedance 2.0 AI Video Generator,27,SECONDARY,seedance 2.0 download,seedance 2.0 download,CANONICAL,2490,1107,55,KEEP_P0,HAS_VOLUME,2.0 Core / Generator,核心页面：守核心产品/版本/交易意图，避免被大量长尾信息稀释。,KEEP_OR_REFRESH
/seedance-2-0,CORE,P0,EXISTING,MODEL_PRODUCT,/prompts/seedance-2-0;/how-to-use-seedance,Seedance 2.0 AI Video Generator,Seedance 2.0 AI Video Generator,28,SECONDARY,seedance 2.0 ai video,seedance 2.0 ai video,CANONICAL,2460,3455,47,KEEP_P0,HAS_VOLUME,2.0 Core / Generator,核心页面：守核心产品/版本/交易意图，避免被大量长尾信息稀释。,KEEP_OR_REFRESH
/seedance-2-0,CORE,P0,EXISTING,MODEL_PRODUCT,/prompts/seedance-2-0;/how-to-use-seedance,Seedance 2.0 AI Video Generator,Seedance 2.0 AI Video Generator,29,SECONDARY,seedance 2.0 料金,seedance 2.0 料金,CANONICAL,2440,838,4,KEEP_P0,HAS_VOLUME,2.0 Commercial / Generator,核心页面：守核心产品/版本/交易意图，避免被大量长尾信息稀释。,KEEP_OR_REFRESH
/seedance-2-0,CORE,P0,EXISTING,MODEL_PRODUCT,/prompts/seedance-2-0;/how-to-use-seedance,Seedance 2.0 AI Video Generator,Seedance 2.0 AI Video Generator,30,SECONDARY,free trial seedance 2.0,free trial seedance 2.0,CANONICAL,2150,157,36,KEEP_P0,HAS_VOLUME,2.0 Commercial / Generator,核心页面：守核心产品/版本/交易意图，避免被大量长尾信息稀释。,KEEP_OR_REFRESH
/seedance-2-0,CORE,P0,EXISTING,MODEL_PRODUCT,/prompts/seedance-2-0;/how-to-use-seedance,Seedance 2.0 AI Video Generator,Seedance 2.0 AI Video Generator,31,SECONDARY,seedance 2.0 video,seedance 2.0 video,CANONICAL,2110,1693,56,KEEP_P0,HAS_VOLUME,2.0 Core / Generator,核心页面：守核心产品/版本/交易意图，避免被大量长尾信息稀释。,KEEP_OR_REFRESH
/seedance-2-0,CORE,P0,EXISTING,MODEL_PRODUCT,/prompts/seedance-2-0;/how-to-use-seedance,Seedance 2.0 AI Video Generator,Seedance 2.0 AI Video Generator,32,SECONDARY,how to use seedance 2.0 for free,how to use seedance 2.0 for free,CANONICAL,2090,971,34,KEEP_P0,HAS_VOLUME,2.0 Commercial / Generator,核心页面：守核心产品/版本/交易意图，避免被大量长尾信息稀释。,KEEP_OR_REFRESH
/seedance-2-0,CORE,P0,EXISTING,MODEL_PRODUCT,/prompts/seedance-2-0;/how-to-use-seedance,Seedance 2.0 AI Video Generator,Seedance 2.0 AI Video Generator,33,SECONDARY,canva seedance 2.0,canva seedance 2.0,CANONICAL,2070,138,44,KEEP_P0,HAS_VOLUME,2.0 Core / Generator,核心页面：守核心产品/版本/交易意图，避免被大量长尾信息稀释。,KEEP_OR_REFRESH
/seedance-2-0,CORE,P0,EXISTING,MODEL_PRODUCT,/prompts/seedance-2-0;/how-to-use-seedance,Seedance 2.0 AI Video Generator,Seedance 2.0 AI Video Generator,34,SECONDARY,seedance 2.0.,seedance 2.0.,CANONICAL,2030,2976,32,KEEP_P0,HAS_VOLUME,2.0 Core / Generator,核心页面：守核心产品/版本/交易意图，避免被大量长尾信息稀释。,KEEP_OR_REFRESH
/seedance-2-0,CORE,P0,EXISTING,MODEL_PRODUCT,/prompts/seedance-2-0;/how-to-use-seedance,Seedance 2.0 AI Video Generator,Seedance 2.0 AI Video Generator,35,SECONDARY,higgsfield unlimited seedance 2.0,higgsfield unlimited seedance 2.0,CANONICAL,2010,175,39,KEEP_P0,HAS_VOLUME,2.0 Commercial / Generator,核心页面：守核心产品/版本/交易意图，避免被大量长尾信息稀释。,KEEP_OR_REFRESH
/seedance-2-0,CORE,P0,EXISTING,MODEL_PRODUCT,/prompts/seedance-2-0;/how-to-use-seedance,Seedance 2.0 AI Video Generator,Seedance 2.0 AI Video Generator,36,SECONDARY,seedance 2.0 for free,seedance 2.0 for free,CANONICAL,1990,1180,64,KEEP_P0,HAS_VOLUME,2.0 Commercial / Generator,核心页面：守核心产品/版本/交易意图，避免被大量长尾信息稀释。,KEEP_OR_REFRESH
/seedance-2-0,CORE,P0,EXISTING,MODEL_PRODUCT,/prompts/seedance-2-0;/how-to-use-seedance,Seedance 2.0 AI Video Generator,Seedance 2.0 AI Video Generator,37,SECONDARY,seedance 2.0 即 梦,seedance 2.0 即 梦,CANONICAL,1850,2239,83,KEEP_P0,HAS_VOLUME,2.0 Core / Generator,核心页面：守核心产品/版本/交易意图，避免被大量长尾信息稀释。,KEEP_OR_REFRESH
/seedance-2-0,CORE,P0,EXISTING,MODEL_PRODUCT,/prompts/seedance-2-0;/how-to-use-seedance,Seedance 2.0 AI Video Generator,Seedance 2.0 AI Video Generator,38,SECONDARY,seedance 2.0 local,seedance 2.0 local,CANONICAL,1840,1375,26,KEEP_P0,HAS_VOLUME,2.0 Core / Generator,核心页面：守核心产品/版本/交易意图，避免被大量长尾信息稀释。,KEEP_OR_REFRESH
/seedance-2-0,CORE,P0,EXISTING,MODEL_PRODUCT,/prompts/seedance-2-0;/how-to-use-seedance,Seedance 2.0 AI Video Generator,Seedance 2.0 AI Video Generator,39,TYPO_SUPPORT,sea dance 2.0,seedance 2.0,TYPO,1810,3633,67,KEEP_P0,HAS_VOLUME,2.0 Core / Generator,核心页面：守核心产品/版本/交易意图，避免被大量长尾信息稀释。,KEEP_OR_REFRESH
/seedance-2-0,CORE,P0,EXISTING,MODEL_PRODUCT,/prompts/seedance-2-0;/how-to-use-seedance,Seedance 2.0 AI Video Generator,Seedance 2.0 AI Video Generator,40,SECONDARY,seedance 2.0 fight club,seedance 2.0 fight club,CANONICAL,1790,0,--,KEEP_P0,HAS_VOLUME,2.0 Core / Generator,核心页面：守核心产品/版本/交易意图，避免被大量长尾信息稀释。,KEEP_OR_REFRESH
/seedance-2-0,CORE,P0,EXISTING,MODEL_PRODUCT,/prompts/seedance-2-0;/how-to-use-seedance,Seedance 2.0 AI Video Generator,Seedance 2.0 AI Video Generator,41,SECONDARY,seedance 2.0 pagina oficial,seedance 2.0 pagina oficial,CANONICAL,1660,203,67,KEEP_P0,HAS_VOLUME,2.0 Core / Generator,核心页面：守核心产品/版本/交易意图，避免被大量长尾信息稀释。,KEEP_OR_REFRESH
/seedance-2-0,CORE,P0,EXISTING,MODEL_PRODUCT,/prompts/seedance-2-0;/how-to-use-seedance,Seedance 2.0 AI Video Generator,Seedance 2.0 AI Video Generator,42,SECONDARY,seedance 2.0 or veo 3,seedance 2.0 or veo 3,CANONICAL,1660,11,--,KEEP_P0,HAS_VOLUME,2.0 Core / Generator,核心页面：守核心产品/版本/交易意图，避免被大量长尾信息稀释。,KEEP_OR_REFRESH
/seedance-2-0,CORE,P0,EXISTING,MODEL_PRODUCT,/prompts/seedance-2-0;/how-to-use-seedance,Seedance 2.0 AI Video Generator,Seedance 2.0 AI Video Generator,43,SECONDARY,dreamina credits per 720 15 second seedance 2.0 video,dreamina credits per 720 15 second seedance 2.0 video,CANONICAL,1640,0,--,KEEP_P0,HAS_VOLUME,2.0 Commercial / Generator,核心页面：守核心产品/版本/交易意图，避免被大量长尾信息稀释。,KEEP_OR_REFRESH
/seedance-2-0,CORE,P0,EXISTING,MODEL_PRODUCT,/prompts/seedance-2-0;/how-to-use-seedance,Seedance 2.0 AI Video Generator,Seedance 2.0 AI Video Generator,44,TYPO_SUPPORT,seednace 2.0,seedance 2.0,TYPO,1610,679,--,KEEP_P0,HAS_VOLUME,2.0 Core / Generator,核心页面：守核心产品/版本/交易意图，避免被大量长尾信息稀释。,KEEP_OR_REFRESH
/seedance-2-0,CORE,P0,EXISTING,MODEL_PRODUCT,/prompts/seedance-2-0;/how-to-use-seedance,Seedance 2.0 AI Video Generator,Seedance 2.0 AI Video Generator,45,SECONDARY,logo seedance 2.0,logo seedance 2.0,CANONICAL,1580,260,--,KEEP_P0,HAS_VOLUME,2.0 Core / Generator,核心页面：守核心产品/版本/交易意图，避免被大量长尾信息稀释。,KEEP_OR_REFRESH
/seedance-2-0,CORE,P0,EXISTING,MODEL_PRODUCT,/prompts/seedance-2-0;/how-to-use-seedance,Seedance 2.0 AI Video Generator,Seedance 2.0 AI Video Generator,46,SECONDARY,seedance 2.0 免费,seedance 2.0 免费,CANONICAL,1530,420,--,KEEP_P0,HAS_VOLUME,2.0 Core / Generator,核心页面：守核心产品/版本/交易意图，避免被大量长尾信息稀释。,KEEP_OR_REFRESH
/seedance-2-0,CORE,P0,EXISTING,MODEL_PRODUCT,/prompts/seedance-2-0;/how-to-use-seedance,Seedance 2.0 AI Video Generator,Seedance 2.0 AI Video Generator,47,SECONDARY,seedance 2.0 官网,seedance 2.0 官网,CANONICAL,1480,2994,47,KEEP_P0,HAS_VOLUME,2.0 Core / Generator,核心页面：守核心产品/版本/交易意图，避免被大量长尾信息稀释。,KEEP_OR_REFRESH
/seedance-2-0,CORE,P0,EXISTING,MODEL_PRODUCT,/prompts/seedance-2-0;/how-to-use-seedance,Seedance 2.0 AI Video Generator,Seedance 2.0 AI Video Generator,48,SECONDARY,has seedance 2.0 gotten worse,has seedance 2.0 gotten worse,CANONICAL,1410,0,--,KEEP_P0,HAS_VOLUME,2.0 Core / Generator,核心页面：守核心产品/版本/交易意图，避免被大量长尾信息稀释。,KEEP_OR_REFRESH
/seedance-2-0,CORE,P0,EXISTING,MODEL_PRODUCT,/prompts/seedance-2-0;/how-to-use-seedance,Seedance 2.0 AI Video Generator,Seedance 2.0 AI Video Generator,49,SECONDARY,seedance 2.0 unlimited plan,seedance 2.0 unlimited plan,CANONICAL,1390,753,36,KEEP_P0,HAS_VOLUME,2.0 Commercial / Generator,核心页面：守核心产品/版本/交易意图，避免被大量长尾信息稀释。,KEEP_OR_REFRESH
/seedance-2-0,CORE,P0,EXISTING,MODEL_PRODUCT,/prompts/seedance-2-0;/how-to-use-seedance,Seedance 2.0 AI Video Generator,Seedance 2.0 AI Video Generator,50,SECONDARY,can i run seedance 2.0 locally,can i run seedance 2.0 locally,CANONICAL,1340,175,--,KEEP_P0,HAS_VOLUME,2.0 Core / Generator,核心页面：守核心产品/版本/交易意图，避免被大量长尾信息稀释。,KEEP_OR_REFRESH
/seedance-2-0,CORE,P0,EXISTING,MODEL_PRODUCT,/prompts/seedance-2-0;/how-to-use-seedance,Seedance 2.0 AI Video Generator,Seedance 2.0 AI Video Generator,51,SECONDARY,"seedance 2,0","seedance 2,0",CANONICAL,1330,1819,64,KEEP_P0,HAS_VOLUME,Homepage / Generic Seedance,核心页面：守核心产品/版本/交易意图，避免被大量长尾信息稀释。,KEEP_OR_REFRESH
/seedance-2-0,CORE,P0,EXISTING,MODEL_PRODUCT,/prompts/seedance-2-0;/how-to-use-seedance,Seedance 2.0 AI Video Generator,Seedance 2.0 AI Video Generator,52,SECONDARY,how to get seedance 2.0 for free,how to get seedance 2.0 for free,CANONICAL,1280,136,78,KEEP_P0,HAS_VOLUME,2.0 Commercial / Generator,核心页面：守核心产品/版本/交易意图，避免被大量长尾信息稀释。,KEEP_OR_REFRESH
/seedance-2-0,CORE,P0,EXISTING,MODEL_PRODUCT,/prompts/seedance-2-0;/how-to-use-seedance,Seedance 2.0 AI Video Generator,Seedance 2.0 AI Video Generator,53,SECONDARY,seedance 2.0 gratis,seedance 2.0 gratis,CANONICAL,1260,1540,74,KEEP_P0,HAS_VOLUME,2.0 Commercial / Generator,核心页面：守核心产品/版本/交易意图，避免被大量长尾信息稀释。,KEEP_OR_REFRESH
/seedance-2-0,CORE,P0,EXISTING,MODEL_PRODUCT,/prompts/seedance-2-0;/how-to-use-seedance,Seedance 2.0 AI Video Generator,Seedance 2.0 AI Video Generator,54,SECONDARY,cheapest vendor for seedance 2.0 and 2.5 today top 5,cheapest vendor for seedance 2.0 and 2.5 today top 5,CANONICAL,1250,0,--,KEEP_P0,HAS_VOLUME,2.0 Commercial / Generator,核心页面：守核心产品/版本/交易意图，避免被大量长尾信息稀释。,KEEP_OR_REFRESH
/seedance-2-0,CORE,P0,EXISTING,MODEL_PRODUCT,/prompts/seedance-2-0;/how-to-use-seedance,Seedance 2.0 AI Video Generator,Seedance 2.0 AI Video Generator,55,SECONDARY,seedance 2.0 bytedance,seedance 2.0 bytedance,CANONICAL,1240,2900,46,KEEP_P0,HAS_VOLUME,2.0 Core / Generator,核心页面：守核心产品/版本/交易意图，避免被大量长尾信息稀释。,KEEP_OR_REFRESH
/seedance-2-0,CORE,P0,EXISTING,MODEL_PRODUCT,/prompts/seedance-2-0;/how-to-use-seedance,Seedance 2.0 AI Video Generator,Seedance 2.0 AI Video Generator,56,TYPO_SUPPORT,seeddance 2.0 free,seedance 2.0 free,TYPO,1240,235,--,KEEP_P0,HAS_VOLUME,2.0 Commercial / Generator,核心页面：守核心产品/版本/交易意图，避免被大量长尾信息稀释。,KEEP_OR_REFRESH
/seedance-2-0,CORE,P0,EXISTING,MODEL_PRODUCT,/prompts/seedance-2-0;/how-to-use-seedance,Seedance 2.0 AI Video Generator,Seedance 2.0 AI Video Generator,57,SECONDARY,how expensive is seedance 2.0,how expensive is seedance 2.0,CANONICAL,1240,79,--,KEEP_P0,HAS_VOLUME,2.0 Core / Generator,核心页面：守核心产品/版本/交易意图，避免被大量长尾信息稀释。,KEEP_OR_REFRESH
/seedance-2-0,CORE,P0,EXISTING,MODEL_PRODUCT,/prompts/seedance-2-0;/how-to-use-seedance,Seedance 2.0 AI Video Generator,Seedance 2.0 AI Video Generator,58,SECONDARY,free seedance 2.0 ai video generator,free seedance 2.0 ai video generator,CANONICAL,1230,138,--,KEEP_P0,HAS_VOLUME,2.0 Commercial / Generator,核心页面：守核心产品/版本/交易意图，避免被大量长尾信息稀释。,KEEP_OR_REFRESH
/seedance-2-0,CORE,P0,EXISTING,MODEL_PRODUCT,/prompts/seedance-2-0;/how-to-use-seedance,Seedance 2.0 AI Video Generator,Seedance 2.0 AI Video Generator,59,SECONDARY,seedance 2.0 gratuito,seedance 2.0 gratuito,CANONICAL,1230,86,--,KEEP_P0,HAS_VOLUME,2.0 Commercial / Generator,核心页面：守核心产品/版本/交易意图，避免被大量长尾信息稀释。,KEEP_OR_REFRESH
/seedance-2-0,CORE,P0,EXISTING,MODEL_PRODUCT,/prompts/seedance-2-0;/how-to-use-seedance,Seedance 2.0 AI Video Generator,Seedance 2.0 AI Video Generator,60,SECONDARY,seedance 2.0 free credits,seedance 2.0 free credits,CANONICAL,1220,126,--,KEEP_P0,HAS_VOLUME,2.0 Commercial / Generator,核心页面：守核心产品/版本/交易意图，避免被大量长尾信息稀释。,KEEP_OR_REFRESH
/seedance-2-0,CORE,P0,EXISTING,MODEL_PRODUCT,/prompts/seedance-2-0;/how-to-use-seedance,Seedance 2.0 AI Video Generator,Seedance 2.0 AI Video Generator,61,ZERO_VOLUME_SUPPORT,seedance 2.0 無料,seedance 2.0 無料,CANONICAL,0,1033,--,KEEP_P0,ZERO_VOLUME_RELEVANT,2.0 Commercial / Generator,核心页面：守核心产品/版本/交易意图，避免被大量长尾信息稀释。,KEEP_OR_REFRESH
/seedance-2-0,CORE,P0,EXISTING,MODEL_PRODUCT,/prompts/seedance-2-0;/how-to-use-seedance,Seedance 2.0 AI Video Generator,Seedance 2.0 AI Video Generator,62,ZERO_VOLUME_SUPPORT,seedance 2.0 omni,seedance 2.0 omni,CANONICAL,0,566,12,KEEP_P0,ZERO_VOLUME_RELEVANT,2.0 Core / Generator,核心页面：守核心产品/版本/交易意图，避免被大量长尾信息稀释。,KEEP_OR_REFRESH
/seedance-2-0,CORE,P0,EXISTING,MODEL_PRODUCT,/prompts/seedance-2-0;/how-to-use-seedance,Seedance 2.0 AI Video Generator,Seedance 2.0 AI Video Generator,63,ZERO_VOLUME_SUPPORT,seedance 2.0 香港,seedance 2.0 香港,CANONICAL,0,501,--,KEEP_P0,ZERO_VOLUME_RELEVANT,2.0 Core / Generator,核心页面：守核心产品/版本/交易意图，避免被大量长尾信息稀释。,KEEP_OR_REFRESH
/seedance-2-0,CORE,P0,EXISTING,MODEL_PRODUCT,/prompts/seedance-2-0;/how-to-use-seedance,Seedance 2.0 AI Video Generator,Seedance 2.0 AI Video Generator,64,ZERO_VOLUME_SUPPORT,seedance 2.0 preço,seedance 2.0 preço,CANONICAL,0,441,2,KEEP_P0,ZERO_VOLUME_RELEVANT,2.0 Core / Generator,核心页面：守核心产品/版本/交易意图，避免被大量长尾信息稀释。,KEEP_OR_REFRESH
/seedance-2-0,CORE,P0,EXISTING,MODEL_PRODUCT,/prompts/seedance-2-0;/how-to-use-seedance,Seedance 2.0 AI Video Generator,Seedance 2.0 AI Video Generator,65,ZERO_VOLUME_SUPPORT,seedance 2.0 free use,seedance 2.0 free use,CANONICAL,0,401,--,KEEP_P0,ZERO_VOLUME_RELEVANT,2.0 Commercial / Generator,核心页面：守核心产品/版本/交易意图，避免被大量长尾信息稀释。,KEEP_OR_REFRESH
/seedance-2-0,CORE,P0,EXISTING,MODEL_PRODUCT,/prompts/seedance-2-0;/how-to-use-seedance,Seedance 2.0 AI Video Generator,Seedance 2.0 AI Video Generator,66,ZERO_VOLUME_SUPPORT,heygen seedance 2.0,heygen seedance 2.0,CANONICAL,0,328,--,KEEP_P0,ZERO_VOLUME_RELEVANT,2.0 Core / Generator,核心页面：守核心产品/版本/交易意图，避免被大量长尾信息稀释。,KEEP_OR_REFRESH
/seedance-2-0,CORE,P0,EXISTING,MODEL_PRODUCT,/prompts/seedance-2-0;/how-to-use-seedance,Seedance 2.0 AI Video Generator,Seedance 2.0 AI Video Generator,67,ZERO_VOLUME_SUPPORT,seedance 2.0 offline,seedance 2.0 offline,CANONICAL,0,285,61,KEEP_P0,ZERO_VOLUME_RELEVANT,2.0 Core / Generator,核心页面：守核心产品/版本/交易意图，避免被大量长尾信息稀释。,KEEP_OR_REFRESH
/seedance-2-0,CORE,P0,EXISTING,MODEL_PRODUCT,/prompts/seedance-2-0;/how-to-use-seedance,Seedance 2.0 AI Video Generator,Seedance 2.0 AI Video Generator,68,ZERO_VOLUME_SUPPORT,seedance 2.0 中文,seedance 2.0 中文,CANONICAL,0,283,--,KEEP_P0,ZERO_VOLUME_RELEVANT,2.0 Core / Generator,核心页面：守核心产品/版本/交易意图，避免被大量长尾信息稀释。,KEEP_OR_REFRESH
/seedance-2-0,CORE,P0,EXISTING,MODEL_PRODUCT,/prompts/seedance-2-0;/how-to-use-seedance,Seedance 2.0 AI Video Generator,Seedance 2.0 AI Video Generator,69,ZERO_VOLUME_SUPPORT,seedance 2.0 storyboard,seedance 2.0 storyboard,CANONICAL,0,242,--,KEEP_P0,ZERO_VOLUME_RELEVANT,2.0 Core / Generator,核心页面：守核心产品/版本/交易意图，避免被大量长尾信息稀释。,KEEP_OR_REFRESH
/seedance-2-0,CORE,P0,EXISTING,MODEL_PRODUCT,/prompts/seedance-2-0;/how-to-use-seedance,Seedance 2.0 AI Video Generator,Seedance 2.0 AI Video Generator,70,ZERO_VOLUME_SUPPORT,motion control seedance 2.0,motion control seedance 2.0,CANONICAL,0,234,33,KEEP_P0,ZERO_VOLUME_RELEVANT,2.0 Core / Generator,核心页面：守核心产品/版本/交易意图，避免被大量长尾信息稀释。,KEEP_OR_REFRESH
/seedance-2-0,CORE,P0,EXISTING,MODEL_PRODUCT,/prompts/seedance-2-0;/how-to-use-seedance,Seedance 2.0 AI Video Generator,Seedance 2.0 AI Video Generator,71,ZERO_VOLUME_SUPPORT,how to run seedance 2.0 locally,how to run seedance 2.0 locally,CANONICAL,0,231,33,KEEP_P0,ZERO_VOLUME_RELEVANT,2.0 Core / Generator,核心页面：守核心产品/版本/交易意图，避免被大量长尾信息稀释。,KEEP_OR_REFRESH
/seedance-2-0,CORE,P0,EXISTING,MODEL_PRODUCT,/prompts/seedance-2-0;/how-to-use-seedance,Seedance 2.0 AI Video Generator,Seedance 2.0 AI Video Generator,72,ZERO_VOLUME_SUPPORT,seedance 2.0 unlimited free,seedance 2.0 unlimited free,CANONICAL,0,231,45,KEEP_P0,ZERO_VOLUME_RELEVANT,2.0 Commercial / Generator,核心页面：守核心产品/版本/交易意图，避免被大量长尾信息稀释。,KEEP_OR_REFRESH
/seedance-2-0,CORE,P0,EXISTING,MODEL_PRODUCT,/prompts/seedance-2-0;/how-to-use-seedance,Seedance 2.0 AI Video Generator,Seedance 2.0 AI Video Generator,73,ZERO_VOLUME_SUPPORT,cos'è seedance 2.0,cos'è seedance 2.0,CANONICAL,0,197,4,KEEP_P0,ZERO_VOLUME_RELEVANT,2.0 Core / Generator,核心页面：守核心产品/版本/交易意图，避免被大量长尾信息稀释。,KEEP_OR_REFRESH
/seedance-2-0,CORE,P0,EXISTING,MODEL_PRODUCT,/prompts/seedance-2-0;/how-to-use-seedance,Seedance 2.0 AI Video Generator,Seedance 2.0 AI Video Generator,74,ZERO_VOLUME_SUPPORT,dola seedance 2.0,dola seedance 2.0,CANONICAL,0,197,74,KEEP_P0,ZERO_VOLUME_RELEVANT,2.0 Core / Generator,核心页面：守核心产品/版本/交易意图，避免被大量长尾信息稀释。,KEEP_OR_REFRESH
/seedance-2-0,CORE,P0,EXISTING,MODEL_PRODUCT,/prompts/seedance-2-0;/how-to-use-seedance,Seedance 2.0 AI Video Generator,Seedance 2.0 AI Video Generator,75,ZERO_VOLUME_SUPPORT,seedance2.0官网,seedance2.0官网,CANONICAL,0,192,--,KEEP_P0,ZERO_VOLUME_RELEVANT,Other / Contextual,核心页面：守核心产品/版本/交易意图，避免被大量长尾信息稀释。,KEEP_OR_REFRESH
/seedance-2-0,CORE,P0,EXISTING,MODEL_PRODUCT,/prompts/seedance-2-0;/how-to-use-seedance,Seedance 2.0 AI Video Generator,Seedance 2.0 AI Video Generator,76,ZERO_VOLUME_SUPPORT,o que é seedance 2.0,o que é seedance 2.0,CANONICAL,0,190,1,KEEP_P0,ZERO_VOLUME_RELEVANT,2.0 Core / Generator,核心页面：守核心产品/版本/交易意图，避免被大量长尾信息稀释。,KEEP_OR_REFRESH
/seedance-2-0,CORE,P0,EXISTING,MODEL_PRODUCT,/prompts/seedance-2-0;/how-to-use-seedance,Seedance 2.0 AI Video Generator,Seedance 2.0 AI Video Generator,77,ZERO_VOLUME_SUPPORT,que es seedance 2.0,que es seedance 2.0,CANONICAL,0,190,52,KEEP_P0,ZERO_VOLUME_RELEVANT,2.0 Core / Generator,核心页面：守核心产品/版本/交易意图，避免被大量长尾信息稀释。,KEEP_OR_REFRESH
/seedance-2-0,CORE,P0,EXISTING,MODEL_PRODUCT,/prompts/seedance-2-0;/how-to-use-seedance,Seedance 2.0 AI Video Generator,Seedance 2.0 AI Video Generator,78,ZERO_VOLUME_SUPPORT,seedance 2.0 i,seedance 2.0 i,CANONICAL,0,183,--,KEEP_P0,ZERO_VOLUME_RELEVANT,2.0 Core / Generator,核心页面：守核心产品/版本/交易意图，避免被大量长尾信息稀释。,KEEP_OR_REFRESH
/seedance-2-0,CORE,P0,EXISTING,MODEL_PRODUCT,/prompts/seedance-2-0;/how-to-use-seedance,Seedance 2.0 AI Video Generator,Seedance 2.0 AI Video Generator,79,ZERO_VOLUME_SUPPORT,best place to use seedance 2.0,best place to use seedance 2.0,CANONICAL,0,178,1,KEEP_P0,ZERO_VOLUME_RELEVANT,2.0 Core / Generator,核心页面：守核心产品/版本/交易意图，避免被大量长尾信息稀释。,KEEP_OR_REFRESH
/seedance-2-0,CORE,P0,EXISTING,MODEL_PRODUCT,/prompts/seedance-2-0;/how-to-use-seedance,Seedance 2.0 AI Video Generator,Seedance 2.0 AI Video Generator,80,ZERO_VOLUME_SUPPORT,cách dùng seedance 2.0,cách dùng seedance 2.0,CANONICAL,0,174,--,KEEP_P0,ZERO_VOLUME_RELEVANT,2.0 Core / Generator,核心页面：守核心产品/版本/交易意图，避免被大量长尾信息稀释。,KEEP_OR_REFRESH
/seedance-2-0,CORE,P0,EXISTING,MODEL_PRODUCT,/prompts/seedance-2-0;/how-to-use-seedance,Seedance 2.0 AI Video Generator,Seedance 2.0 AI Video Generator,81,ZERO_VOLUME_SUPPORT,whats the price for davinci seedance 2.0,whats the price for davinci seedance 2.0,CANONICAL,0,173,14,KEEP_P0,ZERO_VOLUME_RELEVANT,2.0 Commercial / Generator,核心页面：守核心产品/版本/交易意图，避免被大量长尾信息稀释。,KEEP_OR_REFRESH
/seedance-2-0,CORE,P0,EXISTING,MODEL_PRODUCT,/prompts/seedance-2-0;/how-to-use-seedance,Seedance 2.0 AI Video Generator,Seedance 2.0 AI Video Generator,82,ZERO_VOLUME_SUPPORT,seedance 2.0 es gratis,seedance 2.0 es gratis,CANONICAL,0,160,62,KEEP_P0,ZERO_VOLUME_RELEVANT,2.0 Commercial / Generator,核心页面：守核心产品/版本/交易意图，避免被大量长尾信息稀释。,KEEP_OR_REFRESH
/seedance-2-0,CORE,P0,EXISTING,MODEL_PRODUCT,/prompts/seedance-2-0;/how-to-use-seedance,Seedance 2.0 AI Video Generator,Seedance 2.0 AI Video Generator,83,ZERO_VOLUME_SUPPORT,character sheet seedance 2.0,character sheet seedance 2.0,CANONICAL,0,156,--,KEEP_P0,ZERO_VOLUME_RELEVANT,2.0 Core / Generator,核心页面：守核心产品/版本/交易意图，避免被大量长尾信息稀释。,KEEP_OR_REFRESH
/seedance-2-0,CORE,P0,EXISTING,MODEL_PRODUCT,/prompts/seedance-2-0;/how-to-use-seedance,Seedance 2.0 AI Video Generator,Seedance 2.0 AI Video Generator,84,ZERO_VOLUME_SUPPORT,seedance 2.0 motion design,seedance 2.0 motion design,CANONICAL,0,153,--,KEEP_P0,ZERO_VOLUME_RELEVANT,2.0 Core / Generator,核心页面：守核心产品/版本/交易意图，避免被大量长尾信息稀释。,KEEP_OR_REFRESH
/seedance-2-0,CORE,P0,EXISTING,MODEL_PRODUCT,/prompts/seedance-2-0;/how-to-use-seedance,Seedance 2.0 AI Video Generator,Seedance 2.0 AI Video Generator,85,ZERO_VOLUME_SUPPORT,seedance 2.0 platforms price compare,seedance 2.0 platforms price compare,CANONICAL,0,153,6,KEEP_P1,ZERO_VOLUME_RELEVANT,2.0 Commercial / Generator,核心页面：守核心产品/版本/交易意图，避免被大量长尾信息稀释。,KEEP_OR_REFRESH
/seedance-2-0,CORE,P0,EXISTING,MODEL_PRODUCT,/prompts/seedance-2-0;/how-to-use-seedance,Seedance 2.0 AI Video Generator,Seedance 2.0 AI Video Generator,86,TYPO_SUPPORT,apakah seadance 2.0 bagus dalam dialog bahasa indonesia?,apakah seedance 2.0 bagus dalam dialog bahasa indonesia?,TYPO_BRAND_OVERLAP,630,26,--,KEEP_P0,HAS_VOLUME,2.0 Core / Generator,核心页面：守核心产品/版本/交易意图，避免被大量长尾信息稀释。,KEEP_OR_REFRESH
/seedance-2-0,CORE,P0,EXISTING,MODEL_PRODUCT,/prompts/seedance-2-0;/how-to-use-seedance,Seedance 2.0 AI Video Generator,Seedance 2.0 AI Video Generator,87,TYPO_SUPPORT,seeddance 2.0 pure t2v,seedance 2.0 pure t2v,TYPO,610,14,--,KEEP_P0,HAS_VOLUME,2.0 Core / Generator,核心页面：守核心产品/版本/交易意图，避免被大量长尾信息稀释。,KEEP_OR_REFRESH
/seedance-2-0,CORE,P0,EXISTING,MODEL_PRODUCT,/prompts/seedance-2-0;/how-to-use-seedance,Seedance 2.0 AI Video Generator,Seedance 2.0 AI Video Generator,88,TYPO_SUPPORT,higgshied ans sedance 2.0 video cration,higgshied ans seedance 2.0 video cration,TYPO,420,0,--,KEEP_P0,HAS_VOLUME,2.0 Core / Generator,核心页面：守核心产品/版本/交易意图，避免被大量长尾信息稀释。,KEEP_OR_REFRESH
/seedance-2-0,CORE,P0,EXISTING,MODEL_PRODUCT,/prompts/seedance-2-0;/how-to-use-seedance,Seedance 2.0 AI Video Generator,Seedance 2.0 AI Video Generator,89,TYPO_SUPPORT,free sedance 2.0 online,free seedance 2.0 online,TYPO,270,0,--,KEEP_P0,HAS_VOLUME,2.0 Commercial / Generator,核心页面：守核心产品/版本/交易意图，避免被大量长尾信息稀释。,KEEP_OR_REFRESH
/seedance-2-0,CORE,P0,EXISTING,MODEL_PRODUCT,/prompts/seedance-2-0;/how-to-use-seedance,Seedance 2.0 AI Video Generator,Seedance 2.0 AI Video Generator,90,TYPO_SUPPORT,sedance 2.0 free,seedance 2.0 free,TYPO,240,116,--,KEEP_P0,HAS_VOLUME,2.0 Commercial / Generator,核心页面：守核心产品/版本/交易意图，避免被大量长尾信息稀释。,KEEP_OR_REFRESH
/seedance-2-0,CORE,P0,EXISTING,MODEL_PRODUCT,/prompts/seedance-2-0;/how-to-use-seedance,Seedance 2.0 AI Video Generator,Seedance 2.0 AI Video Generator,91,TYPO_SUPPORT,seeddance 2.0 unlimited,seedance 2.0 unlimited,TYPO,170,21,--,KEEP_P0,HAS_VOLUME,2.0 Commercial / Generator,核心页面：守核心产品/版本/交易意图，避免被大量长尾信息稀释。,KEEP_OR_REFRESH
/seedance-2-0,CORE,P0,EXISTING,MODEL_PRODUCT,/prompts/seedance-2-0;/how-to-use-seedance,Seedance 2.0 AI Video Generator,Seedance 2.0 AI Video Generator,92,TYPO_SUPPORT,seeddance 2.0 2.5,seedance 2.0 2.5,TYPO,100,9,--,KEEP_P0,HAS_VOLUME,2.0 Core / Generator,核心页面：守核心产品/版本/交易意图，避免被大量长尾信息稀释。,KEEP_OR_REFRESH
/seedance-2-5,CORE,P0,NEW,MODEL_HUB,/seedance-2-0;/seedance-2-5/pricing;/seedance-2-5/api,"Seedance 2.5: Features, Availability, API, Pricing & Examples",Seedance 2.5,1,PRIMARY,seedance 2.5,seedance 2.5,CANONICAL,1144140,39176,32,KEEP_P0,HAS_VOLUME,2.5 Core Hub,核心页面：守核心产品/版本/交易意图，避免被大量长尾信息稀释。,BUILD_P0
/seedance-2-5,CORE,P0,NEW,MODEL_HUB,/seedance-2-0;/seedance-2-5/pricing;/seedance-2-5/api,"Seedance 2.5: Features, Availability, API, Pricing & Examples",Seedance 2.5,2,PRIMARY,seedance2.5,seedance2.5,CANONICAL,86310,3701,72,KEEP_P0,HAS_VOLUME,2.5 Core Hub,核心页面：守核心产品/版本/交易意图，避免被大量长尾信息稀释。,BUILD_P0
/seedance-2-5,CORE,P0,NEW,MODEL_HUB,/seedance-2-0;/seedance-2-5/pricing;/seedance-2-5/api,"Seedance 2.5: Features, Availability, API, Pricing & Examples",Seedance 2.5,3,TYPO_SUPPORT,seeddance 2.5,seedance 2.5,TYPO,14900,475,--,KEEP_P0,HAS_VOLUME,2.5 Core Hub,核心页面：守核心产品/版本/交易意图，避免被大量长尾信息稀释。,BUILD_P0
/seedance-2-5,CORE,P0,NEW,MODEL_HUB,/seedance-2-0;/seedance-2-5/pricing;/seedance-2-5/api,"Seedance 2.5: Features, Availability, API, Pricing & Examples",Seedance 2.5,4,TYPO_SUPPORT,seadance 2.5,seedance 2.5,TYPO_BRAND_OVERLAP,12370,445,79,KEEP_P0,HAS_VOLUME,2.5 Core Hub,核心页面：守核心产品/版本/交易意图，避免被大量长尾信息稀释。,BUILD_P0
/seedance-2-5,CORE,P0,NEW,MODEL_HUB,/seedance-2-0;/seedance-2-5/pricing;/seedance-2-5/api,"Seedance 2.5: Features, Availability, API, Pricing & Examples",Seedance 2.5,5,TYPO_SUPPORT,sedance 2.5,seedance 2.5,TYPO,9270,154,--,KEEP_P0,HAS_VOLUME,2.5 Core Hub,核心页面：守核心产品/版本/交易意图，避免被大量长尾信息稀释。,BUILD_P0
/seedance-2-5,CORE,P0,NEW,MODEL_HUB,/seedance-2-0;/seedance-2-5/pricing;/seedance-2-5/api,"Seedance 2.5: Features, Availability, API, Pricing & Examples",Seedance 2.5,6,TYPO_SUPPORT,seed dance 2.5,seedance 2.5,TYPO,8810,218,--,KEEP_P0,HAS_VOLUME,2.5 Core Hub,核心页面：守核心产品/版本/交易意图，避免被大量长尾信息稀释。,BUILD_P0
/seedance-2-5,CORE,P0,NEW,MODEL_HUB,/seedance-2-0;/seedance-2-5/pricing;/seedance-2-5/api,"Seedance 2.5: Features, Availability, API, Pricing & Examples",Seedance 2.5,7,PRIMARY,seedance 2.5 logo,seedance 2.5 logo,CANONICAL,7180,24,--,KEEP_P0,HAS_VOLUME,2.5 Core Hub,核心页面：守核心产品/版本/交易意图，避免被大量长尾信息稀释。,BUILD_P0
/seedance-2-5,CORE,P0,NEW,MODEL_HUB,/seedance-2-0;/seedance-2-5/pricing;/seedance-2-5/api,"Seedance 2.5: Features, Availability, API, Pricing & Examples",Seedance 2.5,8,PRIMARY,bytedance seedance 2.5,bytedance seedance 2.5,CANONICAL,6580,407,--,KEEP_P0,HAS_VOLUME,2.5 Core Hub,核心页面：守核心产品/版本/交易意图，避免被大量长尾信息稀释。,BUILD_P0
/seedance-2-5,CORE,P0,NEW,MODEL_HUB,/seedance-2-0;/seedance-2-5/pricing;/seedance-2-5/api,"Seedance 2.5: Features, Availability, API, Pricing & Examples",Seedance 2.5,9,SECONDARY,seedance 2.5 ai,seedance 2.5 ai,CANONICAL,6290,217,--,KEEP_P0,HAS_VOLUME,2.5 Core Hub,核心页面：守核心产品/版本/交易意图，避免被大量长尾信息稀释。,BUILD_P0
/seedance-2-5,CORE,P0,NEW,MODEL_HUB,/seedance-2-0;/seedance-2-5/pricing;/seedance-2-5/api,"Seedance 2.5: Features, Availability, API, Pricing & Examples",Seedance 2.5,10,SECONDARY,seedance 2.5 bytedance,seedance 2.5 bytedance,CANONICAL,6060,167,48,KEEP_P0,HAS_VOLUME,2.5 Core Hub,核心页面：守核心产品/版本/交易意图，避免被大量长尾信息稀释。,BUILD_P0
/seedance-2-5,CORE,P0,NEW,MODEL_HUB,/seedance-2-0;/seedance-2-5/pricing;/seedance-2-5/api,"Seedance 2.5: Features, Availability, API, Pricing & Examples",Seedance 2.5,11,SECONDARY,seedance 2.5 official website,seedance 2.5 official website,CANONICAL,4850,0,--,KEEP_P0,HAS_VOLUME,2.5 Core Hub,核心页面：守核心产品/版本/交易意图，避免被大量长尾信息稀释。,BUILD_P0
/seedance-2-5,CORE,P0,NEW,MODEL_HUB,/seedance-2-0;/seedance-2-5/pricing;/seedance-2-5/api,"Seedance 2.5: Features, Availability, API, Pricing & Examples",Seedance 2.5,12,SECONDARY,seedance 2.5 video,seedance 2.5 video,CANONICAL,4660,168,--,KEEP_P0,HAS_VOLUME,2.5 Core Hub,核心页面：守核心产品/版本/交易意图，避免被大量长尾信息稀释。,BUILD_P0
/seedance-2-5,CORE,P0,NEW,MODEL_HUB,/seedance-2-0;/seedance-2-5/pricing;/seedance-2-5/api,"Seedance 2.5: Features, Availability, API, Pricing & Examples",Seedance 2.5,13,TYPO_SUPPORT,seedence 2.5,seedance 2.5,TYPO,4480,93,40,KEEP_P0,HAS_VOLUME,2.5 Core Hub,核心页面：守核心产品/版本/交易意图，避免被大量长尾信息稀释。,BUILD_P0
/seedance-2-5,CORE,P0,NEW,MODEL_HUB,/seedance-2-0;/seedance-2-5/pricing;/seedance-2-5/api,"Seedance 2.5: Features, Availability, API, Pricing & Examples",Seedance 2.5,14,SECONDARY,"seedance 2,5","seedance 2,5",CANONICAL,4170,202,78,KEEP_P0,HAS_VOLUME,Homepage / Generic Seedance,核心页面：守核心产品/版本/交易意图，避免被大量长尾信息稀释。,BUILD_P0
/seedance-2-5,CORE,P0,NEW,MODEL_HUB,/seedance-2-0;/seedance-2-5/pricing;/seedance-2-5/api,"Seedance 2.5: Features, Availability, API, Pricing & Examples",Seedance 2.5,15,SECONDARY,seedance 2.5 ai video generator,seedance 2.5 ai video generator,CANONICAL,3890,185,--,KEEP_P0,HAS_VOLUME,2.5 Core Hub,核心页面：守核心产品/版本/交易意图，避免被大量长尾信息稀释。,BUILD_P0
/seedance-2-5,CORE,P0,NEW,MODEL_HUB,/seedance-2-0;/seedance-2-5/pricing;/seedance-2-5/api,"Seedance 2.5: Features, Availability, API, Pricing & Examples",Seedance 2.5,16,SECONDARY,seedance 2.5 edit,seedance 2.5 edit,CANONICAL,2370,0,--,KEEP_P0,HAS_VOLUME,2.5 Core Hub,核心页面：守核心产品/版本/交易意图，避免被大量长尾信息稀释。,BUILD_P0
/seedance-2-5,CORE,P0,NEW,MODEL_HUB,/seedance-2-0;/seedance-2-5/pricing;/seedance-2-5/api,"Seedance 2.5: Features, Availability, API, Pricing & Examples",Seedance 2.5,17,SECONDARY,seedance25,seedance25,CANONICAL,2140,19,--,KEEP_P0,HAS_VOLUME,Other / Contextual,核心页面：守核心产品/版本/交易意图，避免被大量长尾信息稀释。,BUILD_P0
/seedance-2-5,CORE,P0,NEW,MODEL_HUB,/seedance-2-0;/seedance-2-5/pricing;/seedance-2-5/api,"Seedance 2.5: Features, Availability, API, Pricing & Examples",Seedance 2.5,18,SECONDARY,where to use seedance 2.5,where to use seedance 2.5,CANONICAL,1970,67,--,KEEP_P0,HAS_VOLUME,2.5 Core Hub,核心页面：守核心产品/版本/交易意图，避免被大量长尾信息稀释。,BUILD_P0
/seedance-2-5,CORE,P0,NEW,MODEL_HUB,/seedance-2-0;/seedance-2-5/pricing;/seedance-2-5/api,"Seedance 2.5: Features, Availability, API, Pricing & Examples",Seedance 2.5,19,SECONDARY,bytedance: seedance 2.5,bytedance: seedance 2.5,CANONICAL,1870,0,--,KEEP_P0,HAS_VOLUME,2.5 Core Hub,核心页面：守核心产品/版本/交易意图，避免被大量长尾信息稀释。,BUILD_P0
/seedance-2-5,CORE,P0,NEW,MODEL_HUB,/seedance-2-0;/seedance-2-5/pricing;/seedance-2-5/api,"Seedance 2.5: Features, Availability, API, Pricing & Examples",Seedance 2.5,20,SECONDARY,seedance 2.5.,seedance 2.5.,CANONICAL,1850,41,--,KEEP_P0,HAS_VOLUME,2.5 Core Hub,核心页面：守核心产品/版本/交易意图，避免被大量长尾信息稀释。,BUILD_P0
/seedance-2-5,CORE,P0,NEW,MODEL_HUB,/seedance-2-0;/seedance-2-5/pricing;/seedance-2-5/api,"Seedance 2.5: Features, Availability, API, Pricing & Examples",Seedance 2.5,21,SECONDARY,seedance 2.5 precio,seedance 2.5 precio,CANONICAL,1790,0,--,KEEP_P0,HAS_VOLUME,2.5 Core Hub,核心页面：守核心产品/版本/交易意图，避免被大量长尾信息稀释。,BUILD_P0
/seedance-2-5,CORE,P0,NEW,MODEL_HUB,/seedance-2-0;/seedance-2-5/pricing;/seedance-2-5/api,"Seedance 2.5: Features, Availability, API, Pricing & Examples",Seedance 2.5,22,SECONDARY,seedance 2.5 r2v,seedance 2.5 r2v,CANONICAL,1750,0,--,KEEP_P0,HAS_VOLUME,2.5 Core Hub,核心页面：守核心产品/版本/交易意图，避免被大量长尾信息稀释。,BUILD_P0
/seedance-2-5,CORE,P0,NEW,MODEL_HUB,/seedance-2-0;/seedance-2-5/pricing;/seedance-2-5/api,"Seedance 2.5: Features, Availability, API, Pricing & Examples",Seedance 2.5,23,SECONDARY,seedance 2.5 公式,seedance 2.5 公式,CANONICAL,1730,0,--,KEEP_P0,HAS_VOLUME,2.5 Core Hub,核心页面：守核心产品/版本/交易意图，避免被大量长尾信息稀释。,BUILD_P0
/seedance-2-5,CORE,P0,NEW,MODEL_HUB,/seedance-2-0;/seedance-2-5/pricing;/seedance-2-5/api,"Seedance 2.5: Features, Availability, API, Pricing & Examples",Seedance 2.5,24,SECONDARY,where can i use seedance 2.5,where can i use seedance 2.5,CANONICAL,1730,0,--,KEEP_P0,HAS_VOLUME,2.5 Core Hub,核心页面：守核心产品/版本/交易意图，避免被大量长尾信息稀释。,BUILD_P0
/seedance-2-5,CORE,P0,NEW,MODEL_HUB,/seedance-2-0;/seedance-2-5/pricing;/seedance-2-5/api,"Seedance 2.5: Features, Availability, API, Pricing & Examples",Seedance 2.5,25,TYPO_SUPPORT,seednace 2.5,seedance 2.5,TYPO,1710,127,--,KEEP_P0,HAS_VOLUME,2.5 Core Hub,核心页面：守核心产品/版本/交易意图，避免被大量长尾信息稀释。,BUILD_P0
/seedance-2-5,CORE,P0,NEW,MODEL_HUB,/seedance-2-0;/seedance-2-5/pricing;/seedance-2-5/api,"Seedance 2.5: Features, Availability, API, Pricing & Examples",Seedance 2.5,26,TYPO_SUPPORT,sea dance 2.5,seedance 2.5,TYPO,1710,0,--,KEEP_P0,HAS_VOLUME,2.5 Core Hub,核心页面：守核心产品/版本/交易意图，避免被大量长尾信息稀释。,BUILD_P0
/seedance-2-5,CORE,P0,NEW,MODEL_HUB,/seedance-2-0;/seedance-2-5/pricing;/seedance-2-5/api,"Seedance 2.5: Features, Availability, API, Pricing & Examples",Seedance 2.5,27,SECONDARY,seedance 2.5 videos,seedance 2.5 videos,CANONICAL,1700,100,--,KEEP_P0,HAS_VOLUME,2.5 Core Hub,核心页面：守核心产品/版本/交易意图，避免被大量长尾信息稀释。,BUILD_P0
/seedance-2-5,CORE,P0,NEW,MODEL_HUB,/seedance-2-0;/seedance-2-5/pricing;/seedance-2-5/api,"Seedance 2.5: Features, Availability, API, Pricing & Examples",Seedance 2.5,28,SECONDARY,seedance 2.5 video edit,seedance 2.5 video edit,CANONICAL,1670,0,--,KEEP_P0,HAS_VOLUME,2.5 Core Hub,核心页面：守核心产品/版本/交易意图，避免被大量长尾信息稀释。,BUILD_P0
/seedance-2-5,CORE,P0,NEW,MODEL_HUB,/seedance-2-0;/seedance-2-5/pricing;/seedance-2-5/api,"Seedance 2.5: Features, Availability, API, Pricing & Examples",Seedance 2.5,29,SECONDARY,buat video seedance 2.5,buat video seedance 2.5,CANONICAL,1660,0,--,KEEP_P0,HAS_VOLUME,2.5 Core Hub,核心页面：守核心产品/版本/交易意图，避免被大量长尾信息稀释。,BUILD_P0
/seedance-2-5,CORE,P0,NEW,MODEL_HUB,/seedance-2-0;/seedance-2-5/pricing;/seedance-2-5/api,"Seedance 2.5: Features, Availability, API, Pricing & Examples",Seedance 2.5,30,SECONDARY,seedance 2.5 local,seedance 2.5 local,CANONICAL,1630,0,--,KEEP_P0,HAS_VOLUME,2.5 Core Hub,核心页面：守核心产品/版本/交易意图，避免被大量长尾信息稀释。,BUILD_P0
/seedance-2-5,CORE,P0,NEW,MODEL_HUB,/seedance-2-0;/seedance-2-5/pricing;/seedance-2-5/api,"Seedance 2.5: Features, Availability, API, Pricing & Examples",Seedance 2.5,31,SECONDARY,seedance 2.5 video length,seedance 2.5 video length,CANONICAL,1630,0,--,KEEP_P0,HAS_VOLUME,2.5 Resolution / Specs,核心页面：守核心产品/版本/交易意图，避免被大量长尾信息稀释。,BUILD_P0
/seedance-2-5,CORE,P0,NEW,MODEL_HUB,/seedance-2-0;/seedance-2-5/pricing;/seedance-2-5/api,"Seedance 2.5: Features, Availability, API, Pricing & Examples",Seedance 2.5,32,SECONDARY,is seedance 2.5 out,is seedance 2.5 out,CANONICAL,1600,133,--,KEEP_P0,HAS_VOLUME,2.5 Core Hub,核心页面：守核心产品/版本/交易意图，避免被大量长尾信息稀释。,BUILD_P0
/seedance-2-5,CORE,P0,NEW,MODEL_HUB,/seedance-2-0;/seedance-2-5/pricing;/seedance-2-5/api,"Seedance 2.5: Features, Availability, API, Pricing & Examples",Seedance 2.5,33,SECONDARY,seedance 2.5 try,seedance 2.5 try,CANONICAL,1600,0,--,KEEP_P0,HAS_VOLUME,2.5 Core Hub,核心页面：守核心产品/版本/交易意图，避免被大量长尾信息稀释。,BUILD_P0
/seedance-2-5,CORE,P0,NEW,MODEL_HUB,/seedance-2-0;/seedance-2-5/pricing;/seedance-2-5/api,"Seedance 2.5: Features, Availability, API, Pricing & Examples",Seedance 2.5,34,SECONDARY,seedance 2.5 dragon,seedance 2.5 dragon,CANONICAL,1570,145,--,KEEP_P0,HAS_VOLUME,2.5 Core Hub,核心页面：守核心产品/版本/交易意图，避免被大量长尾信息稀释。,BUILD_P0
/seedance-2-5,CORE,P0,NEW,MODEL_HUB,/seedance-2-0;/seedance-2-5/pricing;/seedance-2-5/api,"Seedance 2.5: Features, Availability, API, Pricing & Examples",Seedance 2.5,35,SECONDARY,try seedance 2.5,try seedance 2.5,CANONICAL,1560,47,--,KEEP_P0,HAS_VOLUME,2.5 Core Hub,核心页面：守核心产品/版本/交易意图，避免被大量长尾信息稀释。,BUILD_P0
/seedance-2-5,CORE,P0,NEW,MODEL_HUB,/seedance-2-0;/seedance-2-5/pricing;/seedance-2-5/api,"Seedance 2.5: Features, Availability, API, Pricing & Examples",Seedance 2.5,36,SECONDARY,seedance 2.5 3d animation,seedance 2.5 3d animation,CANONICAL,1440,0,--,KEEP_P0,HAS_VOLUME,2.5 Core Hub,核心页面：守核心产品/版本/交易意图，避免被大量长尾信息稀释。,BUILD_P0
/seedance-2-5,CORE,P0,NEW,MODEL_HUB,/seedance-2-0;/seedance-2-5/pricing;/seedance-2-5/api,"Seedance 2.5: Features, Availability, API, Pricing & Examples",Seedance 2.5,37,SECONDARY,seedance 2.5 test,seedance 2.5 test,CANONICAL,1350,11,--,KEEP_P0,HAS_VOLUME,2.5 Core Hub,核心页面：守核心产品/版本/交易意图，避免被大量长尾信息稀释。,BUILD_P0
/seedance-2-5,CORE,P0,NEW,MODEL_HUB,/seedance-2-0;/seedance-2-5/pricing;/seedance-2-5/api,"Seedance 2.5: Features, Availability, API, Pricing & Examples",Seedance 2.5,38,SECONDARY,which on is worth to use seedance 2.5 ?,which on is worth to use seedance 2.5 ?,CANONICAL,1340,0,--,KEEP_P0,HAS_VOLUME,2.5 Core Hub,核心页面：守核心产品/版本/交易意图，避免被大量长尾信息稀释。,BUILD_P0
/seedance-2-5,CORE,P0,NEW,MODEL_HUB,/seedance-2-0;/seedance-2-5/pricing;/seedance-2-5/api,"Seedance 2.5: Features, Availability, API, Pricing & Examples",Seedance 2.5,39,SECONDARY,seedance 2.5 download,seedance 2.5 download,CANONICAL,1310,0,--,KEEP_P0,HAS_VOLUME,2.5 Core Hub,核心页面：守核心产品/版本/交易意图，避免被大量长尾信息稀释。,BUILD_P0
/seedance-2-5,CORE,P0,NEW,MODEL_HUB,/seedance-2-0;/seedance-2-5/pricing;/seedance-2-5/api,"Seedance 2.5: Features, Availability, API, Pricing & Examples",Seedance 2.5,40,SECONDARY,seedance 2.5 a kafa tutacak kimse yok mu,seedance 2.5 a kafa tutacak kimse yok mu,CANONICAL,1280,0,--,KEEP_P0,HAS_VOLUME,2.5 Core Hub,核心页面：守核心产品/版本/交易意图，避免被大量长尾信息稀释。,BUILD_P0
/seedance-2-5,CORE,P0,NEW,MODEL_HUB,/seedance-2-0;/seedance-2-5/pricing;/seedance-2-5/api,"Seedance 2.5: Features, Availability, API, Pricing & Examples",Seedance 2.5,41,SECONDARY,seedance 2.5 neden çok pahalı,seedance 2.5 neden çok pahalı,CANONICAL,1280,0,--,KEEP_P0,HAS_VOLUME,2.5 Core Hub,核心页面：守核心产品/版本/交易意图，避免被大量长尾信息稀释。,BUILD_P0
/seedance-2-5,CORE,P0,NEW,MODEL_HUB,/seedance-2-0;/seedance-2-5/pricing;/seedance-2-5/api,"Seedance 2.5: Features, Availability, API, Pricing & Examples",Seedance 2.5,42,SECONDARY,seedance 2.5 fre,seedance 2.5 fre,CANONICAL,1260,0,--,KEEP_P0,HAS_VOLUME,2.5 Core Hub,核心页面：守核心产品/版本/交易意图，避免被大量长尾信息稀释。,BUILD_P0
/seedance-2-5,CORE,P0,NEW,MODEL_HUB,/seedance-2-0;/seedance-2-5/pricing;/seedance-2-5/api,"Seedance 2.5: Features, Availability, API, Pricing & Examples",Seedance 2.5,43,SECONDARY,ai seedance 2.5,ai seedance 2.5,CANONICAL,1250,33,--,KEEP_P0,HAS_VOLUME,2.5 Core Hub,核心页面：守核心产品/版本/交易意图，避免被大量长尾信息稀释。,BUILD_P0
/seedance-2-5,CORE,P0,NEW,MODEL_HUB,/seedance-2-0;/seedance-2-5/pricing;/seedance-2-5/api,"Seedance 2.5: Features, Availability, API, Pricing & Examples",Seedance 2.5,44,SECONDARY,who has the seedance 2.5,who has the seedance 2.5,CANONICAL,1250,0,--,KEEP_P0,HAS_VOLUME,2.5 Core Hub,核心页面：守核心产品/版本/交易意图，避免被大量长尾信息稀释。,BUILD_P0
/seedance-2-5,CORE,P0,NEW,MODEL_HUB,/seedance-2-0;/seedance-2-5/pricing;/seedance-2-5/api,"Seedance 2.5: Features, Availability, API, Pricing & Examples",Seedance 2.5,45,SECONDARY,seedance 2.5 icon,seedance 2.5 icon,CANONICAL,1210,0,--,KEEP_P0,HAS_VOLUME,2.5 Core Hub,核心页面：守核心产品/版本/交易意图，避免被大量长尾信息稀释。,BUILD_P0
/seedance-2-5,CORE,P0,NEW,MODEL_HUB,/seedance-2-0;/seedance-2-5/pricing;/seedance-2-5/api,"Seedance 2.5: Features, Availability, API, Pricing & Examples",Seedance 2.5,46,SECONDARY,"seedance 2.5,","seedance 2.5,",CANONICAL,1190,0,--,KEEP_P0,HAS_VOLUME,2.5 Core Hub,核心页面：守核心产品/版本/交易意图，避免被大量长尾信息稀释。,BUILD_P0
/seedance-2-5,CORE,P0,NEW,MODEL_HUB,/seedance-2-0;/seedance-2-5/pricing;/seedance-2-5/api,"Seedance 2.5: Features, Availability, API, Pricing & Examples",Seedance 2.5,47,SECONDARY,seedance 2.5 animation,seedance 2.5 animation,CANONICAL,1170,0,--,KEEP_P0,HAS_VOLUME,2.5 Core Hub,核心页面：守核心产品/版本/交易意图，避免被大量长尾信息稀释。,BUILD_P0
/seedance-2-5,CORE,P0,NEW,MODEL_HUB,/seedance-2-0;/seedance-2-5/pricing;/seedance-2-5/api,"Seedance 2.5: Features, Availability, API, Pricing & Examples",Seedance 2.5,48,SECONDARY,seedance 2.5 fast,seedance 2.5 fast,CANONICAL,1170,0,--,KEEP_P0,HAS_VOLUME,2.5 Core Hub,核心页面：守核心产品/版本/交易意图，避免被大量长尾信息稀释。,BUILD_P0
/seedance-2-5,CORE,P0,NEW,MODEL_HUB,/seedance-2-0;/seedance-2-5/pricing;/seedance-2-5/api,"Seedance 2.5: Features, Availability, API, Pricing & Examples",Seedance 2.5,49,SECONDARY,como pedir alteracao do seedance 2.5,como pedir alteracao do seedance 2.5,CANONICAL,1150,0,--,KEEP_P0,HAS_VOLUME,2.5 Core Hub,核心页面：守核心产品/版本/交易意图，避免被大量长尾信息稀释。,BUILD_P0
/seedance-2-5,CORE,P0,NEW,MODEL_HUB,/seedance-2-0;/seedance-2-5/pricing;/seedance-2-5/api,"Seedance 2.5: Features, Availability, API, Pricing & Examples",Seedance 2.5,50,SECONDARY,seedance 2.5 値段,seedance 2.5 値段,CANONICAL,1140,0,--,KEEP_P0,HAS_VOLUME,2.5 Core Hub,核心页面：守核心产品/版本/交易意图，避免被大量长尾信息稀释。,BUILD_P0
/seedance-2-5,CORE,P0,NEW,MODEL_HUB,/seedance-2-0;/seedance-2-5/pricing;/seedance-2-5/api,"Seedance 2.5: Features, Availability, API, Pricing & Examples",Seedance 2.5,51,SECONDARY,what are the new and special feature fo seedance 2.5,what are the new and special feature fo seedance 2.5,CANONICAL,1140,0,--,KEEP_P0,HAS_VOLUME,2.5 Core Hub,核心页面：守核心产品/版本/交易意图，避免被大量长尾信息稀释。,BUILD_P0
/seedance-2-5,CORE,P0,NEW,MODEL_HUB,/seedance-2-0;/seedance-2-5/pricing;/seedance-2-5/api,"Seedance 2.5: Features, Availability, API, Pricing & Examples",Seedance 2.5,52,SECONDARY,seedance 2.5 pagina oficial,seedance 2.5 pagina oficial,CANONICAL,1130,0,--,KEEP_P0,HAS_VOLUME,2.5 Core Hub,核心页面：守核心产品/版本/交易意图，避免被大量长尾信息稀释。,BUILD_P0
/seedance-2-5,CORE,P0,NEW,MODEL_HUB,/seedance-2-0;/seedance-2-5/pricing;/seedance-2-5/api,"Seedance 2.5: Features, Availability, API, Pricing & Examples",Seedance 2.5,53,SECONDARY,test seedance 2.5,test seedance 2.5,CANONICAL,1130,0,--,KEEP_P0,HAS_VOLUME,2.5 Core Hub,核心页面：守核心产品/版本/交易意图，避免被大量长尾信息稀释。,BUILD_P0
/seedance-2-5,CORE,P0,NEW,MODEL_HUB,/seedance-2-0;/seedance-2-5/pricing;/seedance-2-5/api,"Seedance 2.5: Features, Availability, API, Pricing & Examples",Seedance 2.5,54,SECONDARY,seedance 2.5 anime,seedance 2.5 anime,CANONICAL,1100,56,--,KEEP_P0,HAS_VOLUME,2.5 Core Hub,核心页面：守核心产品/版本/交易意图，避免被大量长尾信息稀释。,BUILD_P0
/seedance-2-5,CORE,P0,NEW,MODEL_HUB,/seedance-2-0;/seedance-2-5/pricing;/seedance-2-5/api,"Seedance 2.5: Features, Availability, API, Pricing & Examples",Seedance 2.5,55,SECONDARY,seedance 2.5 raterio,seedance 2.5 raterio,CANONICAL,1080,0,--,KEEP_P0,HAS_VOLUME,2.5 Core Hub,核心页面：守核心产品/版本/交易意图，避免被大量长尾信息稀释。,BUILD_P0
/seedance-2-5,CORE,P0,NEW,MODEL_HUB,/seedance-2-0;/seedance-2-5/pricing;/seedance-2-5/api,"Seedance 2.5: Features, Availability, API, Pricing & Examples",Seedance 2.5,56,SECONDARY,seedance 2.5 i,seedance 2.5 i,CANONICAL,1070,8,--,KEEP_P0,HAS_VOLUME,2.5 Core Hub,核心页面：守核心产品/版本/交易意图，避免被大量长尾信息稀释。,BUILD_P0
/seedance-2-5,CORE,P0,NEW,MODEL_HUB,/seedance-2-0;/seedance-2-5/pricing;/seedance-2-5/api,"Seedance 2.5: Features, Availability, API, Pricing & Examples",Seedance 2.5,57,SECONDARY,seedance 2.5 com trraçado da camera,seedance 2.5 com trraçado da camera,CANONICAL,1050,0,--,KEEP_P0,HAS_VOLUME,2.5 Core Hub,核心页面：守核心产品/版本/交易意图，避免被大量长尾信息稀释。,BUILD_P0
/seedance-2-5,CORE,P0,NEW,MODEL_HUB,/seedance-2-0;/seedance-2-5/pricing;/seedance-2-5/api,"Seedance 2.5: Features, Availability, API, Pricing & Examples",Seedance 2.5,58,SECONDARY,seedance 2.5 ekşi,seedance 2.5 ekşi,CANONICAL,1050,0,--,KEEP_P0,HAS_VOLUME,2.5 Core Hub,核心页面：守核心产品/版本/交易意图，避免被大量长尾信息稀释。,BUILD_P0
/seedance-2-5,CORE,P0,NEW,MODEL_HUB,/seedance-2-0;/seedance-2-5/pricing;/seedance-2-5/api,"Seedance 2.5: Features, Availability, API, Pricing & Examples",Seedance 2.5,59,SECONDARY,seedance 2.5 website,seedance 2.5 website,CANONICAL,1050,0,--,KEEP_P0,HAS_VOLUME,2.5 Core Hub,核心页面：守核心产品/版本/交易意图，避免被大量长尾信息稀释。,BUILD_P0
/seedance-2-5,CORE,P0,NEW,MODEL_HUB,/seedance-2-0;/seedance-2-5/pricing;/seedance-2-5/api,"Seedance 2.5: Features, Availability, API, Pricing & Examples",Seedance 2.5,60,SECONDARY,seedance 2.5 nedir ? ne avantajları geldi bir önceki sürümüne göre,seedance 2.5 nedir ? ne avantajları geldi bir önceki sürümüne göre,CANONICAL,1040,0,--,KEEP_P0,HAS_VOLUME,2.5 Core Hub,核心页面：守核心产品/版本/交易意图，避免被大量长尾信息稀释。,BUILD_P0
/seedance-2-5,CORE,P0,NEW,MODEL_HUB,/seedance-2-0;/seedance-2-5/pricing;/seedance-2-5/api,"Seedance 2.5: Features, Availability, API, Pricing & Examples",Seedance 2.5,61,ZERO_VOLUME_SUPPORT,"seedance 2.5 first video on force conference on june 23, 2026","seedance 2.5 first video on force conference on june 23, 2026",CANONICAL,0,91,--,KEEP_P0,ZERO_VOLUME_RELEVANT,2.5 Core Hub,核心页面：守核心产品/版本/交易意图，避免被大量长尾信息稀释。,BUILD_P0
/seedance-2-5,CORE,P0,NEW,MODEL_HUB,/seedance-2-0;/seedance-2-5/pricing;/seedance-2-5/api,"Seedance 2.5: Features, Availability, API, Pricing & Examples",Seedance 2.5,62,ZERO_VOLUME_SUPPORT,seedance 2.5 to be remove from us reuters,seedance 2.5 to be remove from us reuters,CANONICAL,0,75,42,KEEP_P0,ZERO_VOLUME_RELEVANT,2.5 Core Hub,核心页面：守核心产品/版本/交易意图，避免被大量长尾信息稀释。,BUILD_P0
/seedance-2-5,CORE,P0,NEW,MODEL_HUB,/seedance-2-0;/seedance-2-5/pricing;/seedance-2-5/api,"Seedance 2.5: Features, Availability, API, Pricing & Examples",Seedance 2.5,63,ZERO_VOLUME_SUPPORT,renoise.ai seedance 2.5,renoise.ai seedance 2.5,CANONICAL,0,74,--,KEEP_P0,ZERO_VOLUME_RELEVANT,2.5 Core Hub,核心页面：守核心产品/版本/交易意图，避免被大量长尾信息稀释。,BUILD_P0
/seedance-2-5,CORE,P0,NEW,MODEL_HUB,/seedance-2-0;/seedance-2-5/pricing;/seedance-2-5/api,"Seedance 2.5: Features, Availability, API, Pricing & Examples",Seedance 2.5,64,ZERO_VOLUME_SUPPORT,xvolcengine force 2026 seedance 2.5,xvolcengine force 2026 seedance 2.5,CANONICAL,0,70,--,KEEP_P0,ZERO_VOLUME_RELEVANT,2.5 Core Hub,核心页面：守核心产品/版本/交易意图，避免被大量长尾信息稀释。,BUILD_P0
/seedance-2-5,CORE,P0,NEW,MODEL_HUB,/seedance-2-0;/seedance-2-5/pricing;/seedance-2-5/api,"Seedance 2.5: Features, Availability, API, Pricing & Examples",Seedance 2.5,65,ZERO_VOLUME_SUPPORT,renoise ai seedance 2.5,renoise ai seedance 2.5,CANONICAL,0,60,--,KEEP_P0,ZERO_VOLUME_RELEVANT,2.5 Core Hub,核心页面：守核心产品/版本/交易意图，避免被大量长尾信息稀释。,BUILD_P0
/seedance-2-5,CORE,P0,NEW,MODEL_HUB,/seedance-2-0;/seedance-2-5/pricing;/seedance-2-5/api,"Seedance 2.5: Features, Availability, API, Pricing & Examples",Seedance 2.5,66,ZERO_VOLUME_SUPPORT,how to create ai marketing videos for online stores with seedance 2.5 on pollo ai？,how to create ai marketing videos for online stores with seedance 2.5 on pollo ai？,CANONICAL,0,59,--,KEEP_P2,ZERO_VOLUME_RELEVANT,2.5 Core Hub,核心页面：守核心产品/版本/交易意图，避免被大量长尾信息稀释。,BUILD_P0
/seedance-2-5,CORE,P0,NEW,MODEL_HUB,/seedance-2-0;/seedance-2-5/pricing;/seedance-2-5/api,"Seedance 2.5: Features, Availability, API, Pricing & Examples",Seedance 2.5,67,ZERO_VOLUME_SUPPORT,kapan seedance 2.5 rilis?,kapan seedance 2.5 rilis?,CANONICAL,0,58,--,KEEP_P0,ZERO_VOLUME_RELEVANT,2.5 Core Hub,核心页面：守核心产品/版本/交易意图，避免被大量长尾信息稀释。,BUILD_P0
/seedance-2-5,CORE,P0,NEW,MODEL_HUB,/seedance-2-0;/seedance-2-5/pricing;/seedance-2-5/api,"Seedance 2.5: Features, Availability, API, Pricing & Examples",Seedance 2.5,68,ZERO_VOLUME_SUPPORT,seedance 2.5 presentation video,seedance 2.5 presentation video,CANONICAL,0,57,--,KEEP_P0,ZERO_VOLUME_RELEVANT,2.5 Core Hub,核心页面：守核心产品/版本/交易意图，避免被大量长尾信息稀释。,BUILD_P0
/seedance-2-5,CORE,P0,NEW,MODEL_HUB,/seedance-2-0;/seedance-2-5/pricing;/seedance-2-5/api,"Seedance 2.5: Features, Availability, API, Pricing & Examples",Seedance 2.5,69,ZERO_VOLUME_SUPPORT,seedance 2.5 ezamples,seedance 2.5 ezamples,CANONICAL,0,54,--,KEEP_P0,ZERO_VOLUME_RELEVANT,2.5 Core Hub,核心页面：守核心产品/版本/交易意图，避免被大量长尾信息稀释。,BUILD_P0
/seedance-2-5,CORE,P0,NEW,MODEL_HUB,/seedance-2-0;/seedance-2-5/pricing;/seedance-2-5/api,"Seedance 2.5: Features, Availability, API, Pricing & Examples",Seedance 2.5,70,ZERO_VOLUME_SUPPORT,cuando saldrá seedance 2.5,cuando saldrá seedance 2.5,CANONICAL,0,52,--,KEEP_P0,ZERO_VOLUME_RELEVANT,2.5 Core Hub,核心页面：守核心产品/版本/交易意图，避免被大量长尾信息稀释。,BUILD_P0
/seedance-2-5,CORE,P0,NEW,MODEL_HUB,/seedance-2-0;/seedance-2-5/pricing;/seedance-2-5/api,"Seedance 2.5: Features, Availability, API, Pricing & Examples",Seedance 2.5,71,ZERO_VOLUME_SUPPORT,seedance 2.5  hackathon,seedance 2.5 hackathon,CANONICAL,0,52,--,KEEP_P0,ZERO_VOLUME_RELEVANT,2.5 Core Hub,核心页面：守核心产品/版本/交易意图，避免被大量长尾信息稀释。,BUILD_P0
/seedance-2-5,CORE,P0,NEW,MODEL_HUB,/seedance-2-0;/seedance-2-5/pricing;/seedance-2-5/api,"Seedance 2.5: Features, Availability, API, Pricing & Examples",Seedance 2.5,72,ZERO_VOLUME_SUPPORT,bytedance unveiled seedance 2.5,bytedance unveiled seedance 2.5,CANONICAL,0,50,--,KEEP_P0,ZERO_VOLUME_RELEVANT,2.5 Core Hub,核心页面：守核心产品/版本/交易意图，避免被大量长尾信息稀释。,BUILD_P0
/seedance-2-5,CORE,P0,NEW,MODEL_HUB,/seedance-2-0;/seedance-2-5/pricing;/seedance-2-5/api,"Seedance 2.5: Features, Availability, API, Pricing & Examples",Seedance 2.5,73,ZERO_VOLUME_SUPPORT,seedance 2.5 force,seedance 2.5 force,CANONICAL,0,47,--,KEEP_P0,ZERO_VOLUME_RELEVANT,2.5 Core Hub,核心页面：守核心产品/版本/交易意图，避免被大量长尾信息稀释。,BUILD_P0
/seedance-2-5,CORE,P0,NEW,MODEL_HUB,/seedance-2-0;/seedance-2-5/pricing;/seedance-2-5/api,"Seedance 2.5: Features, Availability, API, Pricing & Examples",Seedance 2.5,74,ZERO_VOLUME_SUPPORT,seedance 2.5 isntagram,seedance 2.5 isntagram,CANONICAL,0,45,--,KEEP_P0,ZERO_VOLUME_RELEVANT,2.5 Core Hub,核心页面：守核心产品/版本/交易意图，避免被大量长尾信息稀释。,BUILD_P0
/seedance-2-5,CORE,P0,NEW,MODEL_HUB,/seedance-2-0;/seedance-2-5/pricing;/seedance-2-5/api,"Seedance 2.5: Features, Availability, API, Pricing & Examples",Seedance 2.5,75,ZERO_VOLUME_SUPPORT,que es seedance 2.5,que es seedance 2.5,CANONICAL,0,43,--,KEEP_P0,ZERO_VOLUME_RELEVANT,2.5 Core Hub,核心页面：守核心产品/版本/交易意图，避免被大量长尾信息稀释。,BUILD_P0
/seedance-2-5,CORE,P0,NEW,MODEL_HUB,/seedance-2-0;/seedance-2-5/pricing;/seedance-2-5/api,"Seedance 2.5: Features, Availability, API, Pricing & Examples",Seedance 2.5,76,ZERO_VOLUME_SUPPORT,seedance 2.5  make videos online,seedance 2.5 make videos online,CANONICAL,0,43,--,KEEP_P0,ZERO_VOLUME_RELEVANT,2.5 Core Hub,核心页面：守核心产品/版本/交易意图，避免被大量长尾信息稀释。,BUILD_P0
/seedance-2-5,CORE,P0,NEW,MODEL_HUB,/seedance-2-0;/seedance-2-5/pricing;/seedance-2-5/api,"Seedance 2.5: Features, Availability, API, Pricing & Examples",Seedance 2.5,77,ZERO_VOLUME_SUPPORT,what will seedance 2.5 be like,what will seedance 2.5 be like,CANONICAL,0,43,--,KEEP_P0,ZERO_VOLUME_RELEVANT,2.5 Core Hub,核心页面：守核心产品/版本/交易意图，避免被大量长尾信息稀释。,BUILD_P0
/seedance-2-5,CORE,P0,NEW,MODEL_HUB,/seedance-2-0;/seedance-2-5/pricing;/seedance-2-5/api,"Seedance 2.5: Features, Availability, API, Pricing & Examples",Seedance 2.5,78,ZERO_VOLUME_SUPPORT,force2026 seedance2.5,force2026 seedance2.5,CANONICAL,0,41,--,KEEP_P0,ZERO_VOLUME_RELEVANT,2.5 Core Hub,核心页面：守核心产品/版本/交易意图，避免被大量长尾信息稀释。,BUILD_P0
/seedance-2-5,CORE,P0,NEW,MODEL_HUB,/seedance-2-0;/seedance-2-5/pricing;/seedance-2-5/api,"Seedance 2.5: Features, Availability, API, Pricing & Examples",Seedance 2.5,79,ZERO_VOLUME_SUPPORT,seedance 2.5 the information,seedance 2.5 the information,CANONICAL,0,41,--,KEEP_P0,ZERO_VOLUME_RELEVANT,2.5 Core Hub,核心页面：守核心产品/版本/交易意图，避免被大量长尾信息稀释。,BUILD_P0
/seedance-2-5,CORE,P0,NEW,MODEL_HUB,/seedance-2-0;/seedance-2-5/pricing;/seedance-2-5/api,"Seedance 2.5: Features, Availability, API, Pricing & Examples",Seedance 2.5,80,ZERO_VOLUME_SUPPORT,seedance 2.5 volcengine force 2026 x,seedance 2.5 volcengine force 2026 x,CANONICAL,0,41,--,KEEP_P0,ZERO_VOLUME_RELEVANT,2.5 Core Hub,核心页面：守核心产品/版本/交易意图，避免被大量长尾信息稀释。,BUILD_P0
/seedance-2-5,CORE,P0,NEW,MODEL_HUB,/seedance-2-0;/seedance-2-5/pricing;/seedance-2-5/api,"Seedance 2.5: Features, Availability, API, Pricing & Examples",Seedance 2.5,81,ZERO_VOLUME_SUPPORT,where to watch seedance 2.5 announcement video,where to watch seedance 2.5 announcement video,CANONICAL,0,41,--,KEEP_P0,ZERO_VOLUME_RELEVANT,2.5 Core Hub,核心页面：守核心产品/版本/交易意图，避免被大量长尾信息稀释。,BUILD_P0
/seedance-2-5,CORE,P0,NEW,MODEL_HUB,/seedance-2-0;/seedance-2-5/pricing;/seedance-2-5/api,"Seedance 2.5: Features, Availability, API, Pricing & Examples",Seedance 2.5,82,ZERO_VOLUME_SUPPORT,seedance 2.5 video de lançamento,seedance 2.5 video de lançamento,CANONICAL,0,40,--,KEEP_P0,ZERO_VOLUME_RELEVANT,2.5 Core Hub,核心页面：守核心产品/版本/交易意图，避免被大量长尾信息稀释。,BUILD_P0
/seedance-2-5,CORE,P0,NEW,MODEL_HUB,/seedance-2-0;/seedance-2-5/pricing;/seedance-2-5/api,"Seedance 2.5: Features, Availability, API, Pricing & Examples",Seedance 2.5,83,ZERO_VOLUME_SUPPORT,seedance 2.5 video lanzamiento,seedance 2.5 video lanzamiento,CANONICAL,0,39,--,KEEP_P0,ZERO_VOLUME_RELEVANT,2.5 Core Hub,核心页面：守核心产品/版本/交易意图，避免被大量长尾信息稀释。,BUILD_P0
/seedance-2-5,CORE,P0,NEW,MODEL_HUB,/seedance-2-0;/seedance-2-5/pricing;/seedance-2-5/api,"Seedance 2.5: Features, Availability, API, Pricing & Examples",Seedance 2.5,84,ZERO_VOLUME_SUPPORT,seedance 2.5 reuters,seedance 2.5 reuters,CANONICAL,0,38,--,KEEP_P0,ZERO_VOLUME_RELEVANT,2.5 Core Hub,核心页面：守核心产品/版本/交易意图，避免被大量长尾信息稀释。,BUILD_P0
/seedance-2-5,CORE,P0,NEW,MODEL_HUB,/seedance-2-0;/seedance-2-5/pricing;/seedance-2-5/api,"Seedance 2.5: Features, Availability, API, Pricing & Examples",Seedance 2.5,85,ZERO_VOLUME_SUPPORT,seedance 2.5 date,seedance 2.5 date,CANONICAL,0,36,--,KEEP_P0,ZERO_VOLUME_RELEVANT,2.5 Core Hub,核心页面：守核心产品/版本/交易意图，避免被大量长尾信息稀释。,BUILD_P0
/seedance-2-5,CORE,P0,NEW,MODEL_HUB,/seedance-2-0;/seedance-2-5/pricing;/seedance-2-5/api,"Seedance 2.5: Features, Availability, API, Pricing & Examples",Seedance 2.5,86,TYPO_SUPPORT,seeddance 2.5 打折时间,seedance 2.5 打折时间,TYPO,750,0,--,KEEP_P0,HAS_VOLUME,2.5 Core Hub,核心页面：守核心产品/版本/交易意图，避免被大量长尾信息稀释。,BUILD_P0
/seedance-2-5,CORE,P0,NEW,MODEL_HUB,/seedance-2-0;/seedance-2-5/pricing;/seedance-2-5/api,"Seedance 2.5: Features, Availability, API, Pricing & Examples",Seedance 2.5,87,TYPO_SUPPORT,seedacne 2.5,seedance 2.5,TYPO,430,37,--,KEEP_P0,HAS_VOLUME,2.5 Core Hub,核心页面：守核心产品/版本/交易意图，避免被大量长尾信息稀释。,BUILD_P0
/seedance-2-5,CORE,P0,NEW,MODEL_HUB,/seedance-2-0;/seedance-2-5/pricing;/seedance-2-5/api,"Seedance 2.5: Features, Availability, API, Pricing & Examples",Seedance 2.5,88,TYPO_SUPPORT,as american where can i use seed dance 2.5,as american where can i use seedance 2.5,TYPO,390,0,--,KEEP_P0,HAS_VOLUME,2.5 Core Hub,核心页面：守核心产品/版本/交易意图，避免被大量长尾信息稀释。,BUILD_P0
/seedance-2-5,CORE,P0,NEW,MODEL_HUB,/seedance-2-0;/seedance-2-5/pricing;/seedance-2-5/api,"Seedance 2.5: Features, Availability, API, Pricing & Examples",Seedance 2.5,89,TYPO_SUPPORT,sedance 2.5 locally,seedance 2.5 locally,TYPO,200,0,--,KEEP_P0,HAS_VOLUME,2.5 Core Hub,核心页面：守核心产品/版本/交易意图，避免被大量长尾信息稀释。,BUILD_P0
/seedance-2-5,CORE,P0,NEW,MODEL_HUB,/seedance-2-0;/seedance-2-5/pricing;/seedance-2-5/api,"Seedance 2.5: Features, Availability, API, Pricing & Examples",Seedance 2.5,90,TYPO_SUPPORT,seeddance 2.5 latest,seedance 2.5 latest,TYPO,170,0,--,KEEP_P0,HAS_VOLUME,2.5 Core Hub,核心页面：守核心产品/版本/交易意图，避免被大量长尾信息稀释。,BUILD_P0
/seedance-2-5,CORE,P0,NEW,MODEL_HUB,/seedance-2-0;/seedance-2-5/pricing;/seedance-2-5/api,"Seedance 2.5: Features, Availability, API, Pricing & Examples",Seedance 2.5,91,TYPO_SUPPORT,seeddance 2.5 官网,seedance 2.5 官网,TYPO,140,0,--,KEEP_P0,HAS_VOLUME,2.5 Core Hub,核心页面：守核心产品/版本/交易意图，避免被大量长尾信息稀释。,BUILD_P0
/seedance-2-5/api,SUBPAGE,P0,NEW,API,/seedance-api;/seedance-2-5,"Seedance 2.5 API: Access, Pricing, Docs & Examples",Seedance 2.5 API,1,PRIMARY,seedance 2.5 api,seedance 2.5 api,CANONICAL,33390,536,--,KEEP_P0,HAS_VOLUME,API / Developer,普通子页面：用于稳定、长期、功能型或明确独立意图；围绕主题完整回答并链接核心页。,BUILD_P0
/seedance-2-5/api,SUBPAGE,P0,NEW,API,/seedance-api;/seedance-2-5,"Seedance 2.5 API: Access, Pricing, Docs & Examples",Seedance 2.5 API,2,PRIMARY,seedance2.5 api,seedance2.5 api,CANONICAL,1980,38,--,KEEP_P0,HAS_VOLUME,API / Developer,普通子页面：用于稳定、长期、功能型或明确独立意图；围绕主题完整回答并链接核心页。,BUILD_P0
/seedance-2-5/api,SUBPAGE,P0,NEW,API,/seedance-api;/seedance-2-5,"Seedance 2.5 API: Access, Pricing, Docs & Examples",Seedance 2.5 API,3,PRIMARY,api seedance 2.5,api seedance 2.5,CANONICAL,1770,68,--,KEEP_P0,HAS_VOLUME,API / Developer,普通子页面：用于稳定、长期、功能型或明确独立意图；围绕主题完整回答并链接核心页。,BUILD_P0
/seedance-2-5/api,SUBPAGE,P0,NEW,API,/seedance-api;/seedance-2-5,"Seedance 2.5 API: Access, Pricing, Docs & Examples",Seedance 2.5 API,4,PRIMARY,seedance2.5 api 料金,seedance2.5 api 料金,CANONICAL,1710,0,--,KEEP_P0,HAS_VOLUME,API / Developer,普通子页面：用于稳定、长期、功能型或明确独立意图；围绕主题完整回答并链接核心页。,BUILD_P0
/seedance-2-5/api,SUBPAGE,P0,NEW,API,/seedance-api;/seedance-2-5,"Seedance 2.5 API: Access, Pricing, Docs & Examples",Seedance 2.5 API,5,PRIMARY,seedance 2.5 api pricing,seedance 2.5 api pricing,CANONICAL,1700,75,--,KEEP_P0,HAS_VOLUME,API / Developer,普通子页面：用于稳定、长期、功能型或明确独立意图；围绕主题完整回答并链接核心页。,BUILD_P0
/seedance-2-5/api,SUBPAGE,P0,NEW,API,/seedance-api;/seedance-2-5,"Seedance 2.5 API: Access, Pricing, Docs & Examples",Seedance 2.5 API,6,TYPO_SUPPORT,seeddance 2.5 api,seedance 2.5 api,TYPO,1500,0,--,KEEP_P0,HAS_VOLUME,API / Developer,普通子页面：用于稳定、长期、功能型或明确独立意图；围绕主题完整回答并链接核心页。,BUILD_P0
/seedance-2-5/api,SUBPAGE,P0,NEW,API,/seedance-api;/seedance-2-5,"Seedance 2.5 API: Access, Pricing, Docs & Examples",Seedance 2.5 API,7,PRIMARY,seedance 2.5 api price,seedance 2.5 api price,CANONICAL,1430,3,--,KEEP_P0,HAS_VOLUME,API / Developer,普通子页面：用于稳定、长期、功能型或明确独立意图；围绕主题完整回答并链接核心页。,BUILD_P0
/seedance-2-5/api,SUBPAGE,P0,NEW,API,/seedance-api;/seedance-2-5,"Seedance 2.5 API: Access, Pricing, Docs & Examples",Seedance 2.5 API,8,PRIMARY,seedance 2.5 api ware,seedance 2.5 api ware,CANONICAL,940,0,--,KEEP_P0,HAS_VOLUME,API / Developer,普通子页面：用于稳定、长期、功能型或明确独立意图；围绕主题完整回答并链接核心页。,BUILD_P0
/seedance-2-5/api,SUBPAGE,P0,NEW,API,/seedance-api;/seedance-2-5,"Seedance 2.5 API: Access, Pricing, Docs & Examples",Seedance 2.5 API,9,SECONDARY,seedance 2.5 api cost,seedance 2.5 api cost,CANONICAL,790,0,--,KEEP_P0,HAS_VOLUME,API / Developer,普通子页面：用于稳定、长期、功能型或明确独立意图；围绕主题完整回答并链接核心页。,BUILD_P0
/seedance-2-5/api,SUBPAGE,P0,NEW,API,/seedance-api;/seedance-2-5,"Seedance 2.5 API: Access, Pricing, Docs & Examples",Seedance 2.5 API,10,SECONDARY,byteplus seedance 2.5 api,byteplus seedance 2.5 api,CANONICAL,580,0,--,KEEP_P0,HAS_VOLUME,API / Developer,普通子页面：用于稳定、长期、功能型或明确独立意图；围绕主题完整回答并链接核心页。,BUILD_P0
/seedance-2-5/api,SUBPAGE,P0,NEW,API,/seedance-api;/seedance-2-5,"Seedance 2.5 API: Access, Pricing, Docs & Examples",Seedance 2.5 API,11,SECONDARY,atlas cloud seedance 2.5 api,atlas cloud seedance 2.5 api,CANONICAL,530,0,--,KEEP_P0,HAS_VOLUME,API / Developer,普通子页面：用于稳定、长期、功能型或明确独立意图；围绕主题完整回答并链接核心页。,BUILD_P0
/seedance-2-5/api,SUBPAGE,P0,NEW,API,/seedance-api;/seedance-2-5,"Seedance 2.5 API: Access, Pricing, Docs & Examples",Seedance 2.5 API,12,SECONDARY,seedance 2.5 api token pricing,seedance 2.5 api token pricing,CANONICAL,340,0,--,KEEP_P0,HAS_VOLUME,API / Developer,普通子页面：用于稳定、长期、功能型或明确独立意图；围绕主题完整回答并链接核心页。,BUILD_P0
/seedance-2-5/api,SUBPAGE,P0,NEW,API,/seedance-api;/seedance-2-5,"Seedance 2.5 API: Access, Pricing, Docs & Examples",Seedance 2.5 API,13,SECONDARY,seedance 2.5 kie api,seedance 2.5 kie api,CANONICAL,340,0,--,KEEP_P0,HAS_VOLUME,API / Developer,普通子页面：用于稳定、长期、功能型或明确独立意图；围绕主题完整回答并链接核心页。,BUILD_P0
/seedance-2-5/api,SUBPAGE,P0,NEW,API,/seedance-api;/seedance-2-5,"Seedance 2.5 API: Access, Pricing, Docs & Examples",Seedance 2.5 API,14,SECONDARY,seedance 2.5 api guide,seedance 2.5 api guide,CANONICAL,330,0,--,KEEP_P0,HAS_VOLUME,API / Developer,普通子页面：用于稳定、长期、功能型或明确独立意图；围绕主题完整回答并链接核心页。,BUILD_P0
/seedance-2-5/api,SUBPAGE,P0,NEW,API,/seedance-api;/seedance-2-5,"Seedance 2.5 API: Access, Pricing, Docs & Examples",Seedance 2.5 API,15,SECONDARY,seedance 2.5 api pricer,seedance 2.5 api pricer,CANONICAL,330,0,--,KEEP_P0,HAS_VOLUME,API / Developer,普通子页面：用于稳定、长期、功能型或明确独立意图；围绕主题完整回答并链接核心页。,BUILD_P0
/seedance-2-5/api,SUBPAGE,P0,NEW,API,/seedance-api;/seedance-2-5,"Seedance 2.5 API: Access, Pricing, Docs & Examples",Seedance 2.5 API,16,SECONDARY,seedance 2.5 bytedance api,seedance 2.5 bytedance api,CANONICAL,330,0,--,KEEP_P0,HAS_VOLUME,API / Developer,普通子页面：用于稳定、长期、功能型或明确独立意图；围绕主题完整回答并链接核心页。,BUILD_P0
/seedance-2-5/api,SUBPAGE,P0,NEW,API,/seedance-api;/seedance-2-5,"Seedance 2.5 API: Access, Pricing, Docs & Examples",Seedance 2.5 API,17,SECONDARY,whats the cheapest seedance 2.5 api,whats the cheapest seedance 2.5 api,CANONICAL,310,0,--,KEEP_P0,HAS_VOLUME,API / Developer,普通子页面：用于稳定、长期、功能型或明确独立意图；围绕主题完整回答并链接核心页。,BUILD_P0
/seedance-2-5/api,SUBPAGE,P0,NEW,API,/seedance-api;/seedance-2-5,"Seedance 2.5 API: Access, Pricing, Docs & Examples",Seedance 2.5 API,18,TYPO_SUPPORT,byte dance official api seeddance 2.5,byte dance official api seedance 2.5,TYPO,300,0,--,KEEP_P0,HAS_VOLUME,API / Developer,普通子页面：用于稳定、长期、功能型或明确独立意图；围绕主题完整回答并链接核心页。,BUILD_P0
/seedance-2-5/api,SUBPAGE,P0,NEW,API,/seedance-api;/seedance-2-5,"Seedance 2.5 API: Access, Pricing, Docs & Examples",Seedance 2.5 API,19,SECONDARY,seedance 2.5 is bytedance api,seedance 2.5 is bytedance api,CANONICAL,290,0,--,KEEP_P0,HAS_VOLUME,API / Developer,普通子页面：用于稳定、长期、功能型或明确独立意图；围绕主题完整回答并链接核心页。,BUILD_P0
/seedance-2-5/api,SUBPAGE,P0,NEW,API,/seedance-api;/seedance-2-5,"Seedance 2.5 API: Access, Pricing, Docs & Examples",Seedance 2.5 API,20,SECONDARY,seedance 2.5 cheapest api,seedance 2.5 cheapest api,CANONICAL,270,14,--,KEEP_P0,HAS_VOLUME,API / Developer,普通子页面：用于稳定、长期、功能型或明确独立意图；围绕主题完整回答并链接核心页。,BUILD_P0
/seedance-2-5/api,SUBPAGE,P0,NEW,API,/seedance-api;/seedance-2-5,"Seedance 2.5 API: Access, Pricing, Docs & Examples",Seedance 2.5 API,21,SECONDARY,kie.ai seedance 2.5 api,kie.ai seedance 2.5 api,CANONICAL,260,0,--,KEEP_P0,HAS_VOLUME,API / Developer,普通子页面：用于稳定、长期、功能型或明确独立意图；围绕主题完整回答并链接核心页。,BUILD_P0
/seedance-2-5/api,SUBPAGE,P0,NEW,API,/seedance-api;/seedance-2-5,"Seedance 2.5 API: Access, Pricing, Docs & Examples",Seedance 2.5 API,22,SECONDARY,seedance 2.5 api official,seedance 2.5 api official,CANONICAL,260,0,--,KEEP_P0,HAS_VOLUME,API / Developer,普通子页面：用于稳定、长期、功能型或明确独立意图；围绕主题完整回答并链接核心页。,BUILD_P0
/seedance-2-5/api,SUBPAGE,P0,NEW,API,/seedance-api;/seedance-2-5,"Seedance 2.5 API: Access, Pricing, Docs & Examples",Seedance 2.5 API,23,SECONDARY,seedance 2.5 api where is the cheapest,seedance 2.5 api where is the cheapest,CANONICAL,260,0,--,KEEP_P0,HAS_VOLUME,API / Developer,普通子页面：用于稳定、长期、功能型或明确独立意图；围绕主题完整回答并链接核心页。,BUILD_P0
/seedance-2-5/api,SUBPAGE,P0,NEW,API,/seedance-api;/seedance-2-5,"Seedance 2.5 API: Access, Pricing, Docs & Examples",Seedance 2.5 API,24,SECONDARY,what is api source for seedance 2.5 model,what is api source for seedance 2.5 model,CANONICAL,260,0,--,KEEP_P0,HAS_VOLUME,API / Developer,普通子页面：用于稳定、长期、功能型或明确独立意图；围绕主题完整回答并链接核心页。,BUILD_P0
/seedance-2-5/api,SUBPAGE,P0,NEW,API,/seedance-api;/seedance-2-5,"Seedance 2.5 API: Access, Pricing, Docs & Examples",Seedance 2.5 API,25,SECONDARY,bytedance seedance 2.5 api,bytedance seedance 2.5 api,CANONICAL,250,0,--,KEEP_P0,HAS_VOLUME,API / Developer,普通子页面：用于稳定、长期、功能型或明确独立意图；围绕主题完整回答并链接核心页。,BUILD_P0
/seedance-2-5/api,SUBPAGE,P0,NEW,API,/seedance-api;/seedance-2-5,"Seedance 2.5 API: Access, Pricing, Docs & Examples",Seedance 2.5 API,26,SECONDARY,fal.ai seedance2.5 api,fal.ai seedance2.5 api,CANONICAL,240,0,--,KEEP_P0,HAS_VOLUME,API / Developer,普通子页面：用于稳定、长期、功能型或明确独立意图；围绕主题完整回答并链接核心页。,BUILD_P0
/seedance-2-5/api,SUBPAGE,P0,NEW,API,/seedance-api;/seedance-2-5,"Seedance 2.5 API: Access, Pricing, Docs & Examples",Seedance 2.5 API,27,SECONDARY,bytedance official api seedance 2.5,bytedance official api seedance 2.5,CANONICAL,230,0,--,KEEP_P0,HAS_VOLUME,API / Developer,普通子页面：用于稳定、长期、功能型或明确独立意图；围绕主题完整回答并链接核心页。,BUILD_P0
/seedance-2-5/api,SUBPAGE,P0,NEW,API,/seedance-api;/seedance-2-5,"Seedance 2.5 API: Access, Pricing, Docs & Examples",Seedance 2.5 API,28,SECONDARY,seedance 2.5 api fal ai,seedance 2.5 api fal ai,CANONICAL,230,0,--,KEEP_P0,HAS_VOLUME,API / Developer,普通子页面：用于稳定、长期、功能型或明确独立意图；围绕主题完整回答并链接核心页。,BUILD_P0
/seedance-2-5/api,SUBPAGE,P0,NEW,API,/seedance-api;/seedance-2-5,"Seedance 2.5 API: Access, Pricing, Docs & Examples",Seedance 2.5 API,29,SECONDARY,dreamina seedance 2.5 api,dreamina seedance 2.5 api,CANONICAL,220,0,--,KEEP_P0,HAS_VOLUME,API / Developer,普通子页面：用于稳定、长期、功能型或明确独立意图；围绕主题完整回答并链接核心页。,BUILD_P0
/seedance-2-5/api,SUBPAGE,P0,NEW,API,/seedance-api;/seedance-2-5,"Seedance 2.5 API: Access, Pricing, Docs & Examples",Seedance 2.5 API,30,SECONDARY,seedance 2.5 api?,seedance 2.5 api?,CANONICAL,220,0,--,KEEP_P0,HAS_VOLUME,API / Developer,普通子页面：用于稳定、长期、功能型或明确独立意图；围绕主题完整回答并链接核心页。,BUILD_P0
/seedance-2-5/api,SUBPAGE,P0,NEW,API,/seedance-api;/seedance-2-5,"Seedance 2.5 API: Access, Pricing, Docs & Examples",Seedance 2.5 API,31,SECONDARY,video generation api key seedance 2.5,video generation api key seedance 2.5,CANONICAL,200,13,--,KEEP_P0,HAS_VOLUME,API / Developer,普通子页面：用于稳定、长期、功能型或明确独立意图；围绕主题完整回答并链接核心页。,BUILD_P0
/seedance-2-5/api,SUBPAGE,P0,NEW,API,/seedance-api;/seedance-2-5,"Seedance 2.5 API: Access, Pricing, Docs & Examples",Seedance 2.5 API,32,SECONDARY,fal ai seedance 2.5 api,fal ai seedance 2.5 api,CANONICAL,200,4,--,KEEP_P0,HAS_VOLUME,API / Developer,普通子页面：用于稳定、长期、功能型或明确独立意图；围绕主题完整回答并链接核心页。,BUILD_P0
/seedance-2-5/api,SUBPAGE,P0,NEW,API,/seedance-api;/seedance-2-5,"Seedance 2.5 API: Access, Pricing, Docs & Examples",Seedance 2.5 API,33,SECONDARY,seedance 2.5 api openrouter,seedance 2.5 api openrouter,CANONICAL,200,0,--,KEEP_P0,HAS_VOLUME,API / Developer,普通子页面：用于稳定、长期、功能型或明确独立意图；围绕主题完整回答并链接核心页。,BUILD_P0
/seedance-2-5/api,SUBPAGE,P0,NEW,API,/seedance-api;/seedance-2-5,"Seedance 2.5 API: Access, Pricing, Docs & Examples",Seedance 2.5 API,34,SECONDARY,seedance2.5 api文档,seedance2.5 api文档,CANONICAL,190,0,--,KEEP_P0,HAS_VOLUME,API / Developer,普通子页面：用于稳定、长期、功能型或明确独立意图；围绕主题完整回答并链接核心页。,BUILD_P0
/seedance-2-5/api,SUBPAGE,P0,NEW,API,/seedance-api;/seedance-2-5,"Seedance 2.5 API: Access, Pricing, Docs & Examples",Seedance 2.5 API,35,SECONDARY,free seedance 2.5 api,free seedance 2.5 api,CANONICAL,180,0,--,KEEP_P0,HAS_VOLUME,API / Developer,普通子页面：用于稳定、长期、功能型或明确独立意图；围绕主题完整回答并链接核心页。,BUILD_P0
/seedance-2-5/api,SUBPAGE,P0,NEW,API,/seedance-api;/seedance-2-5,"Seedance 2.5 API: Access, Pricing, Docs & Examples",Seedance 2.5 API,36,SECONDARY,unlimited seedance 2.5 via api,unlimited seedance 2.5 via api,CANONICAL,170,0,--,KEEP_P0,HAS_VOLUME,API / Developer,普通子页面：用于稳定、长期、功能型或明确独立意图；围绕主题完整回答并链接核心页。,BUILD_P0
/seedance-2-5/api,SUBPAGE,P0,NEW,API,/seedance-api;/seedance-2-5,"Seedance 2.5 API: Access, Pricing, Docs & Examples",Seedance 2.5 API,37,SECONDARY,apimart seedance 2.5,apimart seedance 2.5,CANONICAL,160,0,--,KEEP_P0,HAS_VOLUME,API / Developer,普通子页面：用于稳定、长期、功能型或明确独立意图；围绕主题完整回答并链接核心页。,BUILD_P0
/seedance-2-5/api,SUBPAGE,P0,NEW,API,/seedance-api;/seedance-2-5,"Seedance 2.5 API: Access, Pricing, Docs & Examples",Seedance 2.5 API,38,SECONDARY,seedance 2.5 api price dreamina,seedance 2.5 api price dreamina,CANONICAL,140,0,--,KEEP_P0,HAS_VOLUME,API / Developer,普通子页面：用于稳定、长期、功能型或明确独立意图；围绕主题完整回答并链接核心页。,BUILD_P0
/seedance-2-5/api,SUBPAGE,P0,NEW,API,/seedance-api;/seedance-2-5,"Seedance 2.5 API: Access, Pricing, Docs & Examples",Seedance 2.5 API,39,SECONDARY,seedance 2.5 接口,seedance 2.5 接口,CANONICAL,140,0,--,KEEP_P0,HAS_VOLUME,2.5 Core Hub,普通子页面：用于稳定、长期、功能型或明确独立意图；围绕主题完整回答并链接核心页。,BUILD_P0
/seedance-2-5/api,SUBPAGE,P0,NEW,API,/seedance-api;/seedance-2-5,"Seedance 2.5 API: Access, Pricing, Docs & Examples",Seedance 2.5 API,40,SECONDARY,seedance2.5 api docs,seedance2.5 api docs,CANONICAL,130,0,--,KEEP_P0,HAS_VOLUME,API / Developer,普通子页面：用于稳定、长期、功能型或明确独立意图；围绕主题完整回答并链接核心页。,BUILD_P0
/seedance-2-5/api,SUBPAGE,P0,NEW,API,/seedance-api;/seedance-2-5,"Seedance 2.5 API: Access, Pricing, Docs & Examples",Seedance 2.5 API,41,SECONDARY,volcano ark api seedance 2.5,volcano ark api seedance 2.5,CANONICAL,120,0,--,KEEP_P0,HAS_VOLUME,API / Developer,普通子页面：用于稳定、长期、功能型或明确独立意图；围绕主题完整回答并链接核心页。,BUILD_P0
/seedance-2-5/api,SUBPAGE,P0,NEW,API,/seedance-api;/seedance-2-5,"Seedance 2.5 API: Access, Pricing, Docs & Examples",Seedance 2.5 API,42,SECONDARY,seedance 2.5 30 s video api cheapest price is where,seedance 2.5 30 s video api cheapest price is where,CANONICAL,110,0,--,KEEP_P0,HAS_VOLUME,API / Developer,普通子页面：用于稳定、长期、功能型或明确独立意图；围绕主题完整回答并链接核心页。,BUILD_P0
/seedance-2-5/api,SUBPAGE,P0,NEW,API,/seedance-api;/seedance-2-5,"Seedance 2.5 API: Access, Pricing, Docs & Examples",Seedance 2.5 API,43,SECONDARY,seedance 2.5 api国内,seedance 2.5 api国内,CANONICAL,110,0,--,KEEP_P0,HAS_VOLUME,API / Developer,普通子页面：用于稳定、长期、功能型或明确独立意图；围绕主题完整回答并链接核心页。,BUILD_P0
/seedance-2-5/api,SUBPAGE,P0,NEW,API,/seedance-api;/seedance-2-5,"Seedance 2.5 API: Access, Pricing, Docs & Examples",Seedance 2.5 API,44,SECONDARY,seedance 2.5 edit kieapi,seedance 2.5 edit kieapi,CANONICAL,110,0,--,KEEP_P1,HAS_VOLUME,API / Developer,普通子页面：用于稳定、长期、功能型或明确独立意图；围绕主题完整回答并链接核心页。,BUILD_P0
/seedance-2-5/api,SUBPAGE,P0,NEW,API,/seedance-api;/seedance-2-5,"Seedance 2.5 API: Access, Pricing, Docs & Examples",Seedance 2.5 API,45,SECONDARY,seedance 2.5 video edit api,seedance 2.5 video edit api,CANONICAL,110,0,--,KEEP_P0,HAS_VOLUME,API / Developer,普通子页面：用于稳定、长期、功能型或明确独立意图；围绕主题完整回答并链接核心页。,BUILD_P0
/seedance-2-5/api,SUBPAGE,P0,NEW,API,/seedance-api;/seedance-2-5,"Seedance 2.5 API: Access, Pricing, Docs & Examples",Seedance 2.5 API,46,SECONDARY,seedance 2.5 api价格,seedance 2.5 api价格,CANONICAL,100,0,--,KEEP_P0,HAS_VOLUME,API / Developer,普通子页面：用于稳定、长期、功能型或明确独立意图；围绕主题完整回答并链接核心页。,BUILD_P0
/seedance-2-5/api,SUBPAGE,P0,NEW,API,/seedance-api;/seedance-2-5,"Seedance 2.5 API: Access, Pricing, Docs & Examples",Seedance 2.5 API,47,SECONDARY,seedance 2.5 api giá tốt,seedance 2.5 api giá tốt,CANONICAL,80,0,--,KEEP_P0,HAS_VOLUME,API / Developer,普通子页面：用于稳定、长期、功能型或明确独立意图；围绕主题完整回答并链接核心页。,BUILD_P0
/seedance-2-5/api,SUBPAGE,P0,NEW,API,/seedance-api;/seedance-2-5,"Seedance 2.5 API: Access, Pricing, Docs & Examples",Seedance 2.5 API,48,SECONDARY,seedance 2.5 api 文档,seedance 2.5 api 文档,CANONICAL,80,0,--,KEEP_P0,HAS_VOLUME,API / Developer,普通子页面：用于稳定、长期、功能型或明确独立意图；围绕主题完整回答并链接核心页。,BUILD_P0
/seedance-2-5/api,SUBPAGE,P0,NEW,API,/seedance-api;/seedance-2-5,"Seedance 2.5 API: Access, Pricing, Docs & Examples",Seedance 2.5 API,49,SECONDARY,seedance 2.5 api precio,seedance 2.5 api precio,CANONICAL,70,0,--,KEEP_P0,HAS_VOLUME,API / Developer,普通子页面：用于稳定、长期、功能型或明确独立意图；围绕主题完整回答并链接核心页。,BUILD_P0
/seedance-2-5/api,SUBPAGE,P0,NEW,API,/seedance-api;/seedance-2-5,"Seedance 2.5 API: Access, Pricing, Docs & Examples",Seedance 2.5 API,50,SECONDARY,seedance 2.5api,seedance 2.5api,CANONICAL,60,8,--,KEEP_P0,HAS_VOLUME,API / Developer,普通子页面：用于稳定、长期、功能型或明确独立意图；围绕主题完整回答并链接核心页。,BUILD_P0
/seedance-2-5/api,SUBPAGE,P0,NEW,API,/seedance-api;/seedance-2-5,"Seedance 2.5 API: Access, Pricing, Docs & Examples",Seedance 2.5 API,51,SECONDARY,seedance 2.5 api guidance,seedance 2.5 api guidance,CANONICAL,50,0,--,KEEP_P0,HAS_VOLUME,API / Developer,普通子页面：用于稳定、长期、功能型或明确独立意图；围绕主题完整回答并链接核心页。,BUILD_P0
/seedance-2-5/api,SUBPAGE,P0,NEW,API,/seedance-api;/seedance-2-5,"Seedance 2.5 API: Access, Pricing, Docs & Examples",Seedance 2.5 API,52,SECONDARY,seedance 2.5 api 价格,seedance 2.5 api 价格,CANONICAL,50,0,--,KEEP_P0,HAS_VOLUME,API / Developer,普通子页面：用于稳定、长期、功能型或明确独立意图；围绕主题完整回答并链接核心页。,BUILD_P0
/seedance-2-5/api,SUBPAGE,P0,NEW,API,/seedance-api;/seedance-2-5,"Seedance 2.5 API: Access, Pricing, Docs & Examples",Seedance 2.5 API,53,SECONDARY,seedance2.5 api文档 火山,seedance2.5 api文档 火山,CANONICAL,40,0,--,KEEP_P0,HAS_VOLUME,API / Developer,普通子页面：用于稳定、长期、功能型或明确独立意图；围绕主题完整回答并链接核心页。,BUILD_P0
/seedance-2-5/api,SUBPAGE,P0,NEW,API,/seedance-api;/seedance-2-5,"Seedance 2.5 API: Access, Pricing, Docs & Examples",Seedance 2.5 API,54,SECONDARY,muapi api seedance 2.5,muapi api seedance 2.5,CANONICAL,30,22,--,KEEP_P0,HAS_VOLUME,API / Developer,普通子页面：用于稳定、长期、功能型或明确独立意图；围绕主题完整回答并链接核心页。,BUILD_P0
/seedance-2-5/api,SUBPAGE,P0,NEW,API,/seedance-api;/seedance-2-5,"Seedance 2.5 API: Access, Pricing, Docs & Examples",Seedance 2.5 API,55,SECONDARY,seedance 2.5 apikey,seedance 2.5 apikey,CANONICAL,30,19,--,KEEP_P0,HAS_VOLUME,API / Developer,普通子页面：用于稳定、长期、功能型或明确独立意图；围绕主题完整回答并链接核心页。,BUILD_P0
/seedance-2-5/api,SUBPAGE,P0,NEW,API,/seedance-api;/seedance-2-5,"Seedance 2.5 API: Access, Pricing, Docs & Examples",Seedance 2.5 API,56,ZERO_VOLUME_SUPPORT,bytedance just opened the seedance 2.5 api,bytedance just opened the seedance 2.5 api,CANONICAL,0,49,--,KEEP_P0,ZERO_VOLUME_RELEVANT,API / Developer,普通子页面：用于稳定、长期、功能型或明确独立意图；围绕主题完整回答并链接核心页。,BUILD_P0
/seedance-2-5/api,SUBPAGE,P0,NEW,API,/seedance-api;/seedance-2-5,"Seedance 2.5 API: Access, Pricing, Docs & Examples",Seedance 2.5 API,57,ZERO_VOLUME_SUPPORT,bytedance acaba de lançar seedance 2.5 quando vão abrir pra api?,bytedance acaba de lançar seedance 2.5 quando vão abrir pra api?,CANONICAL,0,40,--,KEEP_P0,ZERO_VOLUME_RELEVANT,API / Developer,普通子页面：用于稳定、长期、功能型或明确独立意图；围绕主题完整回答并链接核心页。,BUILD_P0
/seedance-2-5/api,SUBPAGE,P0,NEW,API,/seedance-api;/seedance-2-5,"Seedance 2.5 API: Access, Pricing, Docs & Examples",Seedance 2.5 API,58,ZERO_VOLUME_SUPPORT,how to get a seedance 2.5 api,how to get a seedance 2.5 api,CANONICAL,0,33,--,KEEP_P0,ZERO_VOLUME_RELEVANT,API / Developer,普通子页面：用于稳定、长期、功能型或明确独立意图；围绕主题完整回答并链接核心页。,BUILD_P0
/seedance-2-5/api,SUBPAGE,P0,NEW,API,/seedance-api;/seedance-2-5,"Seedance 2.5 API: Access, Pricing, Docs & Examples",Seedance 2.5 API,59,ZERO_VOLUME_SUPPORT,seedance2.5api 火山,seedance2.5api 火山,CANONICAL,0,17,--,KEEP_P0,ZERO_VOLUME_RELEVANT,API / Developer,普通子页面：用于稳定、长期、功能型或明确独立意图；围绕主题完整回答并链接核心页。,BUILD_P0
/seedance-2-5/api,SUBPAGE,P0,NEW,API,/seedance-api;/seedance-2-5,"Seedance 2.5 API: Access, Pricing, Docs & Examples",Seedance 2.5 API,60,ZERO_VOLUME_SUPPORT,seedance 2.5 official api,seedance 2.5 official api,CANONICAL,0,14,--,KEEP_P0,ZERO_VOLUME_RELEVANT,API / Developer,普通子页面：用于稳定、长期、功能型或明确独立意图；围绕主题完整回答并链接核心页。,BUILD_P0
/seedance-2-5/api,SUBPAGE,P0,NEW,API,/seedance-api;/seedance-2-5,"Seedance 2.5 API: Access, Pricing, Docs & Examples",Seedance 2.5 API,61,ZERO_VOLUME_SUPPORT,where can i get seedance 2.5 api from,where can i get seedance 2.5 api from,CANONICAL,0,14,--,KEEP_P0,ZERO_VOLUME_RELEVANT,API / Developer,普通子页面：用于稳定、长期、功能型或明确独立意图；围绕主题完整回答并链接核心页。,BUILD_P0
/seedance-2-5/api,SUBPAGE,P0,NEW,API,/seedance-api;/seedance-2-5,"Seedance 2.5 API: Access, Pricing, Docs & Examples",Seedance 2.5 API,62,ZERO_VOLUME_SUPPORT,seedance 2.5将于7月16开放api,seedance 2.5将于7月16开放api,CANONICAL,0,4,--,KEEP_P0,ZERO_VOLUME_RELEVANT,API / Developer,普通子页面：用于稳定、长期、功能型或明确独立意图；围绕主题完整回答并链接核心页。,BUILD_P0
/seedance-2-5/api,SUBPAGE,P0,NEW,API,/seedance-api;/seedance-2-5,"Seedance 2.5 API: Access, Pricing, Docs & Examples",Seedance 2.5 API,63,ZERO_VOLUME_SUPPORT,seedance2.5 api 开放时间,seedance2.5 api 开放时间,CANONICAL,0,3,--,KEEP_P0,ZERO_VOLUME_RELEVANT,API / Developer,普通子页面：用于稳定、长期、功能型或明确独立意图；围绕主题完整回答并链接核心页。,BUILD_P0
/seedance-2-5/api,SUBPAGE,P0,NEW,API,/seedance-api;/seedance-2-5,"Seedance 2.5 API: Access, Pricing, Docs & Examples",Seedance 2.5 API,64,ZERO_VOLUME_SUPPORT,seedance2.5 api price 火山引擎,seedance2.5 api price 火山引擎,CANONICAL,0,0,--,KEEP_P0,ZERO_VOLUME_RELEVANT,API / Developer,普通子页面：用于稳定、长期、功能型或明确独立意图；围绕主题完整回答并链接核心页。,BUILD_P0
/seedance-2-5/api,SUBPAGE,P0,NEW,API,/seedance-api;/seedance-2-5,"Seedance 2.5 API: Access, Pricing, Docs & Examples",Seedance 2.5 API,65,ZERO_VOLUME_SUPPORT,seedance2.5 muapi,seedance2.5 muapi,CANONICAL,0,0,--,KEEP_P0,ZERO_VOLUME_RELEVANT,API / Developer,普通子页面：用于稳定、长期、功能型或明确独立意图；围绕主题完整回答并链接核心页。,BUILD_P0
/seedance-2-5/pricing,SUBPAGE,P0,NEW,PRICING,/pricing;/seedance-pricing,"Seedance 2.5 Pricing: Price, Free Access & Unlimited Plans Explained",Seedance 2.5 Pricing,1,PRIMARY,seedance 2.5 free,seedance 2.5 free,CANONICAL,43270,143,--,KEEP_P0,HAS_VOLUME,Pricing / Free / Unlimited,普通子页面：用于稳定、长期、功能型或明确独立意图；围绕主题完整回答并链接核心页。,BUILD_P0
/seedance-2-5/pricing,SUBPAGE,P0,NEW,PRICING,/pricing;/seedance-pricing,"Seedance 2.5 Pricing: Price, Free Access & Unlimited Plans Explained",Seedance 2.5 Pricing,2,PRIMARY,seedance 2.5 unlimited,seedance 2.5 unlimited,CANONICAL,40570,0,--,KEEP_P0,HAS_VOLUME,Pricing / Free / Unlimited,普通子页面：用于稳定、长期、功能型或明确独立意图；围绕主题完整回答并链接核心页。,BUILD_P0
/seedance-2-5/pricing,SUBPAGE,P0,NEW,PRICING,/pricing;/seedance-pricing,"Seedance 2.5 Pricing: Price, Free Access & Unlimited Plans Explained",Seedance 2.5 Pricing,3,PRIMARY,seedance 2.5 pricing,seedance 2.5 pricing,CANONICAL,22980,139,9,KEEP_P0,HAS_VOLUME,Pricing / Free / Unlimited,普通子页面：用于稳定、长期、功能型或明确独立意图；围绕主题完整回答并链接核心页。,BUILD_P0
/seedance-2-5/pricing,SUBPAGE,P0,NEW,PRICING,/pricing;/seedance-pricing,"Seedance 2.5 Pricing: Price, Free Access & Unlimited Plans Explained",Seedance 2.5 Pricing,4,PRIMARY,unlimited seedance 2.5,unlimited seedance 2.5,CANONICAL,20780,0,--,KEEP_P0,HAS_VOLUME,Pricing / Free / Unlimited,普通子页面：用于稳定、长期、功能型或明确独立意图；围绕主题完整回答并链接核心页。,BUILD_P0
/seedance-2-5/pricing,SUBPAGE,P0,NEW,PRICING,/pricing;/seedance-pricing,"Seedance 2.5 Pricing: Price, Free Access & Unlimited Plans Explained",Seedance 2.5 Pricing,5,PRIMARY,free seedance 2.5,free seedance 2.5,CANONICAL,13010,4,--,KEEP_P0,HAS_VOLUME,Pricing / Free / Unlimited,普通子页面：用于稳定、长期、功能型或明确独立意图；围绕主题完整回答并链接核心页。,BUILD_P0
/seedance-2-5/pricing,SUBPAGE,P0,NEW,PRICING,/pricing;/seedance-pricing,"Seedance 2.5 Pricing: Price, Free Access & Unlimited Plans Explained",Seedance 2.5 Pricing,6,PRIMARY,seedance 2.5 price,seedance 2.5 price,CANONICAL,10370,85,11,KEEP_P0,HAS_VOLUME,Pricing / Free / Unlimited,普通子页面：用于稳定、长期、功能型或明确独立意图；围绕主题完整回答并链接核心页。,BUILD_P0
/seedance-2-5/pricing,SUBPAGE,P0,NEW,PRICING,/pricing;/seedance-pricing,"Seedance 2.5 Pricing: Price, Free Access & Unlimited Plans Explained",Seedance 2.5 Pricing,7,PRIMARY,seedance 2.5 free trial,seedance 2.5 free trial,CANONICAL,9890,26,--,KEEP_P0,HAS_VOLUME,Pricing / Free / Unlimited,普通子页面：用于稳定、长期、功能型或明确独立意图；围绕主题完整回答并链接核心页。,BUILD_P0
/seedance-2-5/pricing,SUBPAGE,P0,NEW,PRICING,/pricing;/seedance-pricing,"Seedance 2.5 Pricing: Price, Free Access & Unlimited Plans Explained",Seedance 2.5 Pricing,8,PRIMARY,seedance 2.5 gratis,seedance 2.5 gratis,CANONICAL,5820,0,--,KEEP_P0,HAS_VOLUME,Pricing / Free / Unlimited,普通子页面：用于稳定、长期、功能型或明确独立意图；围绕主题完整回答并链接核心页。,BUILD_P0
/seedance-2-5/pricing,SUBPAGE,P0,NEW,PRICING,/pricing;/seedance-pricing,"Seedance 2.5 Pricing: Price, Free Access & Unlimited Plans Explained",Seedance 2.5 Pricing,9,SECONDARY,seedance 2.5 unlimited free,seedance 2.5 unlimited free,CANONICAL,5320,0,--,KEEP_P0,HAS_VOLUME,Pricing / Free / Unlimited,普通子页面：用于稳定、长期、功能型或明确独立意图；围绕主题完整回答并链接核心页。,BUILD_P0
/seedance-2-5/pricing,SUBPAGE,P0,NEW,PRICING,/pricing;/seedance-pricing,"Seedance 2.5 Pricing: Price, Free Access & Unlimited Plans Explained",Seedance 2.5 Pricing,10,SECONDARY,seedance 2.5 free unlimited,seedance 2.5 free unlimited,CANONICAL,4990,0,--,KEEP_P0,HAS_VOLUME,Pricing / Free / Unlimited,普通子页面：用于稳定、长期、功能型或明确独立意图；围绕主题完整回答并链接核心页。,BUILD_P0
/seedance-2-5/pricing,SUBPAGE,P0,NEW,PRICING,/pricing;/seedance-pricing,"Seedance 2.5 Pricing: Price, Free Access & Unlimited Plans Explained",Seedance 2.5 Pricing,11,SECONDARY,seedance 2.5 cheap,seedance 2.5 cheap,CANONICAL,4710,0,--,KEEP_P0,HAS_VOLUME,Pricing / Free / Unlimited,普通子页面：用于稳定、长期、功能型或明确独立意图；围绕主题完整回答并链接核心页。,BUILD_P0
/seedance-2-5/pricing,SUBPAGE,P0,NEW,PRICING,/pricing;/seedance-pricing,"Seedance 2.5 Pricing: Price, Free Access & Unlimited Plans Explained",Seedance 2.5 Pricing,12,SECONDARY,seedance 2.5 cost,seedance 2.5 cost,CANONICAL,4330,0,--,KEEP_P0,HAS_VOLUME,Pricing / Free / Unlimited,普通子页面：用于稳定、长期、功能型或明确独立意图；围绕主题完整回答并链接核心页。,BUILD_P0
/seedance-2-5/pricing,SUBPAGE,P0,NEW,PRICING,/pricing;/seedance-pricing,"Seedance 2.5 Pricing: Price, Free Access & Unlimited Plans Explained",Seedance 2.5 Pricing,13,SECONDARY,cheapest seedance 2.5,cheapest seedance 2.5,CANONICAL,4010,0,--,KEEP_P0,HAS_VOLUME,Pricing / Free / Unlimited,普通子页面：用于稳定、长期、功能型或明确独立意图；围绕主题完整回答并链接核心页。,BUILD_P0
/seedance-2-5/pricing,SUBPAGE,P0,NEW,PRICING,/pricing;/seedance-pricing,"Seedance 2.5 Pricing: Price, Free Access & Unlimited Plans Explained",Seedance 2.5 Pricing,14,SECONDARY,seedance 2.5 料金,seedance 2.5 料金,CANONICAL,3040,55,--,KEEP_P0,HAS_VOLUME,Pricing / Free / Unlimited,普通子页面：用于稳定、长期、功能型或明确独立意图；围绕主题完整回答并链接核心页。,BUILD_P0
/seedance-2-5/pricing,SUBPAGE,P0,NEW,PRICING,/pricing;/seedance-pricing,"Seedance 2.5 Pricing: Price, Free Access & Unlimited Plans Explained",Seedance 2.5 Pricing,15,SECONDARY,higgsfield unlimited seedance 2.5,higgsfield unlimited seedance 2.5,CANONICAL,2620,0,--,KEEP_P0,HAS_VOLUME,Pricing / Free / Unlimited,普通子页面：用于稳定、长期、功能型或明确独立意图；围绕主题完整回答并链接核心页。,BUILD_P0
/seedance-2-5/pricing,SUBPAGE,P0,NEW,PRICING,/pricing;/seedance-pricing,"Seedance 2.5 Pricing: Price, Free Access & Unlimited Plans Explained",Seedance 2.5 Pricing,16,SECONDARY,artlist seedance 2.5 unlimited,artlist seedance 2.5 unlimited,CANONICAL,2410,0,--,KEEP_P0,HAS_VOLUME,Pricing / Free / Unlimited,普通子页面：用于稳定、长期、功能型或明确独立意图；围绕主题完整回答并链接核心页。,BUILD_P0
/seedance-2-5/pricing,SUBPAGE,P0,NEW,PRICING,/pricing;/seedance-pricing,"Seedance 2.5 Pricing: Price, Free Access & Unlimited Plans Explained",Seedance 2.5 Pricing,17,SECONDARY,higgsfield seedance 2.5 unlimited,higgsfield seedance 2.5 unlimited,CANONICAL,2330,0,--,KEEP_P0,HAS_VOLUME,Pricing / Free / Unlimited,普通子页面：用于稳定、长期、功能型或明确独立意图；围绕主题完整回答并链接核心页。,BUILD_P0
/seedance-2-5/pricing,SUBPAGE,P0,NEW,PRICING,/pricing;/seedance-pricing,"Seedance 2.5 Pricing: Price, Free Access & Unlimited Plans Explained",Seedance 2.5 Pricing,18,SECONDARY,seedance 2.5 無制限,seedance 2.5 無制限,CANONICAL,2270,0,--,KEEP_P0,HAS_VOLUME,Pricing / Free / Unlimited,普通子页面：用于稳定、长期、功能型或明确独立意图；围绕主题完整回答并链接核心页。,BUILD_P0
/seedance-2-5/pricing,SUBPAGE,P0,NEW,PRICING,/pricing;/seedance-pricing,"Seedance 2.5 Pricing: Price, Free Access & Unlimited Plans Explained",Seedance 2.5 Pricing,19,SECONDARY,seedance 2.5 for free,seedance 2.5 for free,CANONICAL,2200,0,--,KEEP_P0,HAS_VOLUME,Pricing / Free / Unlimited,普通子页面：用于稳定、长期、功能型或明确独立意图；围绕主题完整回答并链接核心页。,BUILD_P0
/seedance-2-5/pricing,SUBPAGE,P0,NEW,PRICING,/pricing;/seedance-pricing,"Seedance 2.5 Pricing: Price, Free Access & Unlimited Plans Explained",Seedance 2.5 Pricing,20,SECONDARY,free trial seedance 2.5,free trial seedance 2.5,CANONICAL,2130,0,--,KEEP_P0,HAS_VOLUME,Pricing / Free / Unlimited,普通子页面：用于稳定、长期、功能型或明确独立意图；围绕主题完整回答并链接核心页。,BUILD_P0
/seedance-2-5/pricing,SUBPAGE,P0,NEW,PRICING,/pricing;/seedance-pricing,"Seedance 2.5 Pricing: Price, Free Access & Unlimited Plans Explained",Seedance 2.5 Pricing,21,SECONDARY,"seedance 2,5 free","seedance 2,5 free",CANONICAL,1810,0,--,KEEP_P0,HAS_VOLUME,Generic Pricing / Free / Unlimited,普通子页面：用于稳定、长期、功能型或明确独立意图；围绕主题完整回答并链接核心页。,BUILD_P0
/seedance-2-5/pricing,SUBPAGE,P0,NEW,PRICING,/pricing;/seedance-pricing,"Seedance 2.5 Pricing: Price, Free Access & Unlimited Plans Explained",Seedance 2.5 Pricing,22,SECONDARY,is seedance 2.5 free,is seedance 2.5 free,CANONICAL,1800,0,--,KEEP_P0,HAS_VOLUME,Pricing / Free / Unlimited,普通子页面：用于稳定、长期、功能型或明确独立意图；围绕主题完整回答并链接核心页。,BUILD_P0
/seedance-2-5/pricing,SUBPAGE,P0,NEW,PRICING,/pricing;/seedance-pricing,"Seedance 2.5 Pricing: Price, Free Access & Unlimited Plans Explained",Seedance 2.5 Pricing,23,SECONDARY,seedance 2.5 unlimited plan,seedance 2.5 unlimited plan,CANONICAL,1770,0,--,KEEP_P0,HAS_VOLUME,Pricing / Free / Unlimited,普通子页面：用于稳定、长期、功能型或明确独立意图；围绕主题完整回答并链接核心页。,BUILD_P0
/seedance-2-5/pricing,SUBPAGE,P0,NEW,PRICING,/pricing;/seedance-pricing,"Seedance 2.5 Pricing: Price, Free Access & Unlimited Plans Explained",Seedance 2.5 Pricing,24,SECONDARY,seedance 2.5 preço,seedance 2.5 preço,CANONICAL,1670,0,--,KEEP_P0,HAS_VOLUME,2.5 Core Hub,普通子页面：用于稳定、长期、功能型或明确独立意图；围绕主题完整回答并链接核心页。,BUILD_P0
/seedance-2-5/pricing,SUBPAGE,P0,NEW,PRICING,/pricing;/seedance-pricing,"Seedance 2.5 Pricing: Price, Free Access & Unlimited Plans Explained",Seedance 2.5 Pricing,25,SECONDARY,seedance 2.5 価格,seedance 2.5 価格,CANONICAL,1660,0,--,KEEP_P0,HAS_VOLUME,2.5 Core Hub,普通子页面：用于稳定、长期、功能型或明确独立意图；围绕主题完整回答并链接核心页。,BUILD_P0
/seedance-2-5/pricing,SUBPAGE,P0,NEW,PRICING,/pricing;/seedance-pricing,"Seedance 2.5 Pricing: Price, Free Access & Unlimited Plans Explained",Seedance 2.5 Pricing,26,SECONDARY,how much does it cost a seedance 2.5 video,how much does it cost a seedance 2.5 video,CANONICAL,1610,0,--,KEEP_P0,HAS_VOLUME,Pricing / Free / Unlimited,普通子页面：用于稳定、长期、功能型或明确独立意图；围绕主题完整回答并链接核心页。,BUILD_P0
/seedance-2-5/pricing,SUBPAGE,P0,NEW,PRICING,/pricing;/seedance-pricing,"Seedance 2.5 Pricing: Price, Free Access & Unlimited Plans Explained",Seedance 2.5 Pricing,27,SECONDARY,unlimited seedance 25,unlimited seedance 25,CANONICAL,1600,0,--,KEEP_P0,HAS_VOLUME,Generic Pricing / Free / Unlimited,普通子页面：用于稳定、长期、功能型或明确独立意图；围绕主题完整回答并链接核心页。,BUILD_P0
/seedance-2-5/pricing,SUBPAGE,P0,NEW,PRICING,/pricing;/seedance-pricing,"Seedance 2.5 Pricing: Price, Free Access & Unlimited Plans Explained",Seedance 2.5 Pricing,28,TYPO_SUPPORT,seeddance 2.5 free,seedance 2.5 free,TYPO,1540,0,--,KEEP_P0,HAS_VOLUME,Pricing / Free / Unlimited,普通子页面：用于稳定、长期、功能型或明确独立意图；围绕主题完整回答并链接核心页。,BUILD_P0
/seedance-2-5/pricing,SUBPAGE,P0,NEW,PRICING,/pricing;/seedance-pricing,"Seedance 2.5 Pricing: Price, Free Access & Unlimited Plans Explained",Seedance 2.5 Pricing,29,SECONDARY,seedance 2.5 cheapest,seedance 2.5 cheapest,CANONICAL,1460,0,--,KEEP_P0,HAS_VOLUME,Pricing / Free / Unlimited,普通子页面：用于稳定、长期、功能型或明确独立意图；围绕主题完整回答并链接核心页。,BUILD_P0
/seedance-2-5/pricing,SUBPAGE,P0,NEW,PRICING,/pricing;/seedance-pricing,"Seedance 2.5 Pricing: Price, Free Access & Unlimited Plans Explained",Seedance 2.5 Pricing,30,SECONDARY,33 days of unlimited seedance 2.5,33 days of unlimited seedance 2.5,CANONICAL,1420,0,--,KEEP_P0,HAS_VOLUME,Pricing / Free / Unlimited,普通子页面：用于稳定、长期、功能型或明确独立意图；围绕主题完整回答并链接核心页。,BUILD_P0
/seedance-2-5/pricing,SUBPAGE,P0,NEW,PRICING,/pricing;/seedance-pricing,"Seedance 2.5 Pricing: Price, Free Access & Unlimited Plans Explained",Seedance 2.5 Pricing,31,SECONDARY,seedance 2.5 价格,seedance 2.5 价格,CANONICAL,1400,82,--,KEEP_P0,HAS_VOLUME,2.5 Core Hub,普通子页面：用于稳定、长期、功能型或明确独立意图；围绕主题完整回答并链接核心页。,BUILD_P0
/seedance-2-5/pricing,SUBPAGE,P0,NEW,PRICING,/pricing;/seedance-pricing,"Seedance 2.5 Pricing: Price, Free Access & Unlimited Plans Explained",Seedance 2.5 Pricing,32,SECONDARY,cheap seedance 2.5,cheap seedance 2.5,CANONICAL,1400,25,--,KEEP_P0,HAS_VOLUME,Pricing / Free / Unlimited,普通子页面：用于稳定、长期、功能型或明确独立意图；围绕主题完整回答并链接核心页。,BUILD_P0
/seedance-2-5/pricing,SUBPAGE,P0,NEW,PRICING,/pricing;/seedance-pricing,"Seedance 2.5 Pricing: Price, Free Access & Unlimited Plans Explained",Seedance 2.5 Pricing,33,SECONDARY,seedance 2.5 unlimited higgsfield,seedance 2.5 unlimited higgsfield,CANONICAL,1370,0,--,KEEP_P0,HAS_VOLUME,Pricing / Free / Unlimited,普通子页面：用于稳定、长期、功能型或明确独立意图；围绕主题完整回答并链接核心页。,BUILD_P0
/seedance-2-5/pricing,SUBPAGE,P0,NEW,PRICING,/pricing;/seedance-pricing,"Seedance 2.5 Pricing: Price, Free Access & Unlimited Plans Explained",Seedance 2.5 Pricing,34,TYPO_SUPPORT,sea dance 2.5 unlimited,seedance 2.5 unlimited,TYPO,1340,0,--,KEEP_P0,HAS_VOLUME,Pricing / Free / Unlimited,普通子页面：用于稳定、长期、功能型或明确独立意图；围绕主题完整回答并链接核心页。,BUILD_P0
/seedance-2-5/pricing,SUBPAGE,P0,NEW,PRICING,/pricing;/seedance-pricing,"Seedance 2.5 Pricing: Price, Free Access & Unlimited Plans Explained",Seedance 2.5 Pricing,35,SECONDARY,which platform cost less to use seedance 2.5,which platform cost less to use seedance 2.5,CANONICAL,1300,0,--,KEEP_P0,HAS_VOLUME,Pricing / Free / Unlimited,普通子页面：用于稳定、长期、功能型或明确独立意图；围绕主题完整回答并链接核心页。,BUILD_P0
/seedance-2-5/pricing,SUBPAGE,P0,NEW,PRICING,/pricing;/seedance-pricing,"Seedance 2.5 Pricing: Price, Free Access & Unlimited Plans Explained",Seedance 2.5 Pricing,36,SECONDARY,seedance 2.5 free 33 days,seedance 2.5 free 33 days,CANONICAL,1200,0,--,KEEP_P0,HAS_VOLUME,Pricing / Free / Unlimited,普通子页面：用于稳定、长期、功能型或明确独立意图；围绕主题完整回答并链接核心页。,BUILD_P0
/seedance-2-5/pricing,SUBPAGE,P0,NEW,PRICING,/pricing;/seedance-pricing,"Seedance 2.5 Pricing: Price, Free Access & Unlimited Plans Explained",Seedance 2.5 Pricing,37,SECONDARY,byteplus seedance 2.5 pricing,byteplus seedance 2.5 pricing,CANONICAL,1160,0,--,KEEP_P0,HAS_VOLUME,Pricing / Free / Unlimited,普通子页面：用于稳定、长期、功能型或明确独立意图；围绕主题完整回答并链接核心页。,BUILD_P0
/seedance-2-5/pricing,SUBPAGE,P0,NEW,PRICING,/pricing;/seedance-pricing,"Seedance 2.5 Pricing: Price, Free Access & Unlimited Plans Explained",Seedance 2.5 Pricing,38,SECONDARY,seedance 2.5 無料体験,seedance 2.5 無料体験,CANONICAL,1130,0,--,KEEP_P0,HAS_VOLUME,Pricing / Free / Unlimited,普通子页面：用于稳定、长期、功能型或明确独立意图；围绕主题完整回答并链接核心页。,BUILD_P0
/seedance-2-5/pricing,SUBPAGE,P0,NEW,PRICING,/pricing;/seedance-pricing,"Seedance 2.5 Pricing: Price, Free Access & Unlimited Plans Explained",Seedance 2.5 Pricing,39,SECONDARY,dreamina seedance 2.5 pricing,dreamina seedance 2.5 pricing,CANONICAL,1100,0,--,KEEP_P0,HAS_VOLUME,Pricing / Free / Unlimited,普通子页面：用于稳定、长期、功能型或明确独立意图；围绕主题完整回答并链接核心页。,BUILD_P0
/seedance-2-5/pricing,SUBPAGE,P0,NEW,PRICING,/pricing;/seedance-pricing,"Seedance 2.5 Pricing: Price, Free Access & Unlimited Plans Explained",Seedance 2.5 Pricing,40,SECONDARY,seedance 2.5 33 days free,seedance 2.5 33 days free,CANONICAL,1090,0,--,KEEP_P0,HAS_VOLUME,Pricing / Free / Unlimited,普通子页面：用于稳定、长期、功能型或明确独立意图；围绕主题完整回答并链接核心页。,BUILD_P0
/seedance-2-5/pricing,SUBPAGE,P0,NEW,PRICING,/pricing;/seedance-pricing,"Seedance 2.5 Pricing: Price, Free Access & Unlimited Plans Explained",Seedance 2.5 Pricing,41,SECONDARY,how to use seedance 2.5 for free,how to use seedance 2.5 for free,CANONICAL,1060,0,--,KEEP_P0,HAS_VOLUME,Pricing / Free / Unlimited,普通子页面：用于稳定、长期、功能型或明确独立意图；围绕主题完整回答并链接核心页。,BUILD_P0
/seedance-2-5/pricing,SUBPAGE,P0,NEW,PRICING,/pricing;/seedance-pricing,"Seedance 2.5 Pricing: Price, Free Access & Unlimited Plans Explained",Seedance 2.5 Pricing,42,SECONDARY,seedance 2.5 higsfield free,seedance 2.5 higsfield free,CANONICAL,1050,0,--,KEEP_P0,HAS_VOLUME,Pricing / Free / Unlimited,普通子页面：用于稳定、长期、功能型或明确独立意图；围绕主题完整回答并链接核心页。,BUILD_P0
/seedance-2-5/pricing,SUBPAGE,P0,NEW,PRICING,/pricing;/seedance-pricing,"Seedance 2.5 Pricing: Price, Free Access & Unlimited Plans Explained",Seedance 2.5 Pricing,43,SECONDARY,use seedance 2.5 free,use seedance 2.5 free,CANONICAL,1050,0,--,KEEP_P0,HAS_VOLUME,Pricing / Free / Unlimited,普通子页面：用于稳定、长期、功能型或明确独立意图；围绕主题完整回答并链接核心页。,BUILD_P0
/seedance-2-5/pricing,SUBPAGE,P0,NEW,PRICING,/pricing;/seedance-pricing,"Seedance 2.5 Pricing: Price, Free Access & Unlimited Plans Explained",Seedance 2.5 Pricing,44,SECONDARY,artlist 1 year unlimited seedance 2.5 is that true gemini?,artlist 1 year unlimited seedance 2.5 is that true gemini?,CANONICAL,1030,0,--,KEEP_P0,HAS_VOLUME,Pricing / Free / Unlimited,普通子页面：用于稳定、长期、功能型或明确独立意图；围绕主题完整回答并链接核心页。,BUILD_P0
/seedance-2-5/pricing,SUBPAGE,P0,NEW,PRICING,/pricing;/seedance-pricing,"Seedance 2.5 Pricing: Price, Free Access & Unlimited Plans Explained",Seedance 2.5 Pricing,45,SECONDARY,seedance 2.5 ai free,seedance 2.5 ai free,CANONICAL,1030,0,--,KEEP_P0,HAS_VOLUME,Pricing / Free / Unlimited,普通子页面：用于稳定、长期、功能型或明确独立意图；围绕主题完整回答并链接核心页。,BUILD_P0
/seedance-2-5/pricing,SUBPAGE,P0,NEW,PRICING,/pricing;/seedance-pricing,"Seedance 2.5 Pricing: Price, Free Access & Unlimited Plans Explained",Seedance 2.5 Pricing,46,SECONDARY,seedance 2.5 ai gratis e ilimitado,seedance 2.5 ai gratis e ilimitado,CANONICAL,1020,0,--,KEEP_P0,HAS_VOLUME,Pricing / Free / Unlimited,普通子页面：用于稳定、长期、功能型或明确独立意图；围绕主题完整回答并链接核心页。,BUILD_P0
/seedance-2-5/pricing,SUBPAGE,P0,NEW,PRICING,/pricing;/seedance-pricing,"Seedance 2.5 Pricing: Price, Free Access & Unlimited Plans Explained",Seedance 2.5 Pricing,47,SECONDARY,seedance 2.5 best price,seedance 2.5 best price,CANONICAL,1000,0,--,KEEP_P0,HAS_VOLUME,Pricing / Free / Unlimited,普通子页面：用于稳定、长期、功能型或明确独立意图；围绕主题完整回答并链接核心页。,BUILD_P0
/seedance-2-5/pricing,SUBPAGE,P0,NEW,PRICING,/pricing;/seedance-pricing,"Seedance 2.5 Pricing: Price, Free Access & Unlimited Plans Explained",Seedance 2.5 Pricing,48,SECONDARY,what is the cheapest platform to get seedance 2.5?,what is the cheapest platform to get seedance 2.5?,CANONICAL,1000,0,--,KEEP_P0,HAS_VOLUME,Pricing / Free / Unlimited,普通子页面：用于稳定、长期、功能型或明确独立意图；围绕主题完整回答并链接核心页。,BUILD_P0
/seedance-2-5/pricing,SUBPAGE,P0,NEW,PRICING,/pricing;/seedance-pricing,"Seedance 2.5 Pricing: Price, Free Access & Unlimited Plans Explained",Seedance 2.5 Pricing,49,SECONDARY,higgsfield seedance 2.5 free,higgsfield seedance 2.5 free,CANONICAL,990,0,--,KEEP_P0,HAS_VOLUME,Pricing / Free / Unlimited,普通子页面：用于稳定、长期、功能型或明确独立意图；围绕主题完整回答并链接核心页。,BUILD_P0
/seedance-2-5/pricing,SUBPAGE,P0,NEW,PRICING,/pricing;/seedance-pricing,"Seedance 2.5 Pricing: Price, Free Access & Unlimited Plans Explained",Seedance 2.5 Pricing,50,SECONDARY,seedance 2.5 higgsfield unlimited criteria breakdown,seedance 2.5 higgsfield unlimited criteria breakdown,CANONICAL,980,0,--,KEEP_P0,HAS_VOLUME,Pricing / Free / Unlimited,普通子页面：用于稳定、长期、功能型或明确独立意图；围绕主题完整回答并链接核心页。,BUILD_P0
/seedance-2-5/pricing,SUBPAGE,P0,NEW,PRICING,/pricing;/seedance-pricing,"Seedance 2.5 Pricing: Price, Free Access & Unlimited Plans Explained",Seedance 2.5 Pricing,51,SECONDARY,kie ai seedance 2.5 price,kie ai seedance 2.5 price,CANONICAL,940,0,--,KEEP_P0,HAS_VOLUME,Pricing / Free / Unlimited,普通子页面：用于稳定、长期、功能型或明确独立意图；围绕主题完整回答并链接核心页。,BUILD_P0
/seedance-2-5/pricing,SUBPAGE,P0,NEW,PRICING,/pricing;/seedance-pricing,"Seedance 2.5 Pricing: Price, Free Access & Unlimited Plans Explained",Seedance 2.5 Pricing,52,SECONDARY,seedance 2.5 pricing per video,seedance 2.5 pricing per video,CANONICAL,930,0,--,KEEP_P0,HAS_VOLUME,Pricing / Free / Unlimited,普通子页面：用于稳定、长期、功能型或明确独立意图；围绕主题完整回答并链接核心页。,BUILD_P0
/seedance-2-5/pricing,SUBPAGE,P0,NEW,PRICING,/pricing;/seedance-pricing,"Seedance 2.5 Pricing: Price, Free Access & Unlimited Plans Explained",Seedance 2.5 Pricing,53,SECONDARY,how to get free seedance 2.5 generation on openart,how to get free seedance 2.5 generation on openart,CANONICAL,910,0,--,KEEP_P0,HAS_VOLUME,Pricing / Free / Unlimited,普通子页面：用于稳定、长期、功能型或明确独立意图；围绕主题完整回答并链接核心页。,BUILD_P0
/seedance-2-5/pricing,SUBPAGE,P0,NEW,PRICING,/pricing;/seedance-pricing,"Seedance 2.5 Pricing: Price, Free Access & Unlimited Plans Explained",Seedance 2.5 Pricing,54,SECONDARY,seedance 2.5 free?,seedance 2.5 free?,CANONICAL,910,0,--,KEEP_P0,HAS_VOLUME,Pricing / Free / Unlimited,普通子页面：用于稳定、长期、功能型或明确独立意图；围绕主题完整回答并链接核心页。,BUILD_P0
/seedance-2-5/pricing,SUBPAGE,P0,NEW,PRICING,/pricing;/seedance-pricing,"Seedance 2.5 Pricing: Price, Free Access & Unlimited Plans Explained",Seedance 2.5 Pricing,55,SECONDARY,seedance 2.5 unlimited generations,seedance 2.5 unlimited generations,CANONICAL,900,0,--,KEEP_P0,HAS_VOLUME,Pricing / Free / Unlimited,普通子页面：用于稳定、长期、功能型或明确独立意图；围绕主题完整回答并链接核心页。,BUILD_P0
/seedance-2-5/pricing,SUBPAGE,P0,NEW,PRICING,/pricing;/seedance-pricing,"Seedance 2.5 Pricing: Price, Free Access & Unlimited Plans Explained",Seedance 2.5 Pricing,56,SECONDARY,seedance 2.5 test for free,seedance 2.5 test for free,CANONICAL,890,0,--,KEEP_P0,HAS_VOLUME,Pricing / Free / Unlimited,普通子页面：用于稳定、长期、功能型或明确独立意图；围绕主题完整回答并链接核心页。,BUILD_P0
/seedance-2-5/pricing,SUBPAGE,P0,NEW,PRICING,/pricing;/seedance-pricing,"Seedance 2.5 Pricing: Price, Free Access & Unlimited Plans Explained",Seedance 2.5 Pricing,57,SECONDARY,does seedance 2.5 comes with kittl month to month plans?,does seedance 2.5 comes with kittl month to month plans?,CANONICAL,880,0,--,KEEP_P0,HAS_VOLUME,Pricing / Free / Unlimited,普通子页面：用于稳定、长期、功能型或明确独立意图；围绕主题完整回答并链接核心页。,BUILD_P0
/seedance-2-5/pricing,SUBPAGE,P0,NEW,PRICING,/pricing;/seedance-pricing,"Seedance 2.5 Pricing: Price, Free Access & Unlimited Plans Explained",Seedance 2.5 Pricing,58,SECONDARY,dreaminaut.capcut.com price for seedance 2.5,dreaminaut.capcut.com price for seedance 2.5,CANONICAL,880,0,--,KEEP_P0,HAS_VOLUME,Pricing / Free / Unlimited,普通子页面：用于稳定、长期、功能型或明确独立意图；围绕主题完整回答并链接核心页。,BUILD_P0
/seedance-2-5/pricing,SUBPAGE,P0,NEW,PRICING,/pricing;/seedance-pricing,"Seedance 2.5 Pricing: Price, Free Access & Unlimited Plans Explained",Seedance 2.5 Pricing,59,SECONDARY,seedance2.5　無料,seedance2.5 無料,CANONICAL,880,0,--,KEEP_P0,HAS_VOLUME,Pricing / Free / Unlimited,普通子页面：用于稳定、长期、功能型或明确独立意图；围绕主题完整回答并链接核心页。,BUILD_P0
/seedance-2-5/pricing,SUBPAGE,P0,NEW,PRICING,/pricing;/seedance-pricing,"Seedance 2.5 Pricing: Price, Free Access & Unlimited Plans Explained",Seedance 2.5 Pricing,60,TYPO_SUPPORT,seedence 2.5 price,seedance 2.5 price,TYPO,880,0,--,KEEP_P0,HAS_VOLUME,Pricing / Free / Unlimited,普通子页面：用于稳定、长期、功能型或明确独立意图；围绕主题完整回答并链接核心页。,BUILD_P0
/seedance-2-5/pricing,SUBPAGE,P0,NEW,PRICING,/pricing;/seedance-pricing,"Seedance 2.5 Pricing: Price, Free Access & Unlimited Plans Explained",Seedance 2.5 Pricing,61,ZERO_VOLUME_SUPPORT,will seedance 2.5 be cheaper per second?,will seedance 2.5 be cheaper per second?,CANONICAL,0,76,--,KEEP_P0,ZERO_VOLUME_RELEVANT,Pricing / Free / Unlimited,普通子页面：用于稳定、长期、功能型或明确独立意图；围绕主题完整回答并链接核心页。,BUILD_P0
/seedance-2-5/pricing,SUBPAGE,P0,NEW,PRICING,/pricing;/seedance-pricing,"Seedance 2.5 Pricing: Price, Free Access & Unlimited Plans Explained",Seedance 2.5 Pricing,62,ZERO_VOLUME_SUPPORT,seedance 2.5 is more expensise or cheaper than seedance 2.0,seedance 2.5 is more expensise or cheaper than seedance 2.0,CANONICAL,0,47,--,KEEP_P0,ZERO_VOLUME_RELEVANT,Pricing / Free / Unlimited,普通子页面：用于稳定、长期、功能型或明确独立意图；围绕主题完整回答并链接核心页。,BUILD_P0
/seedance-2-5/pricing,SUBPAGE,P0,NEW,PRICING,/pricing;/seedance-pricing,"Seedance 2.5 Pricing: Price, Free Access & Unlimited Plans Explained",Seedance 2.5 Pricing,63,ZERO_VOLUME_SUPPORT,free seedance 2.5 ai video generator,free seedance 2.5 ai video generator,CANONICAL,0,37,--,KEEP_P0,ZERO_VOLUME_RELEVANT,Pricing / Free / Unlimited,普通子页面：用于稳定、长期、功能型或明确独立意图；围绕主题完整回答并链接核心页。,BUILD_P0
/seedance-2-5/pricing,SUBPAGE,P0,NEW,PRICING,/pricing;/seedance-pricing,"Seedance 2.5 Pricing: Price, Free Access & Unlimited Plans Explained",Seedance 2.5 Pricing,64,ZERO_VOLUME_SUPPORT,seedance 2.5 estimated costs,seedance 2.5 estimated costs,CANONICAL,0,35,--,KEEP_P0,ZERO_VOLUME_RELEVANT,Pricing / Free / Unlimited,普通子页面：用于稳定、长期、功能型或明确独立意图；围绕主题完整回答并链接核心页。,BUILD_P0
/seedance-2-5/pricing,SUBPAGE,P0,NEW,PRICING,/pricing;/seedance-pricing,"Seedance 2.5 Pricing: Price, Free Access & Unlimited Plans Explained",Seedance 2.5 Pricing,65,ZERO_VOLUME_SUPPORT,seedance 2.5 price against 2.0,seedance 2.5 price against 2.0,CANONICAL,0,31,--,KEEP_P0,ZERO_VOLUME_RELEVANT,Pricing / Free / Unlimited,普通子页面：用于稳定、长期、功能型或明确独立意图；围绕主题完整回答并链接核心页。,BUILD_P0
/seedance-2-5/pricing,SUBPAGE,P0,NEW,PRICING,/pricing;/seedance-pricing,"Seedance 2.5 Pricing: Price, Free Access & Unlimited Plans Explained",Seedance 2.5 Pricing,66,ZERO_VOLUME_SUPPORT,seedance 2.5 will be cheaper,seedance 2.5 will be cheaper,CANONICAL,0,29,--,KEEP_P0,ZERO_VOLUME_RELEVANT,Pricing / Free / Unlimited,普通子页面：用于稳定、长期、功能型或明确独立意图；围绕主题完整回答并链接核心页。,BUILD_P0
/seedance-2-5/pricing,SUBPAGE,P0,NEW,PRICING,/pricing;/seedance-pricing,"Seedance 2.5 Pricing: Price, Free Access & Unlimited Plans Explained",Seedance 2.5 Pricing,67,ZERO_VOLUME_SUPPORT,price seedanca 2.0 vss seedance 2.5,price seedanca 2.0 vss seedance 2.5,CANONICAL,0,22,--,KEEP_P0,ZERO_VOLUME_RELEVANT,Pricing / Free / Unlimited,普通子页面：用于稳定、长期、功能型或明确独立意图；围绕主题完整回答并链接核心页。,BUILD_P0
/seedance-2-5/pricing,SUBPAGE,P0,NEW,PRICING,/pricing;/seedance-pricing,"Seedance 2.5 Pricing: Price, Free Access & Unlimited Plans Explained",Seedance 2.5 Pricing,68,ZERO_VOLUME_SUPPORT,seedance2.5 pricing,seedance2.5 pricing,CANONICAL,0,11,--,KEEP_P0,ZERO_VOLUME_RELEVANT,Pricing / Free / Unlimited,普通子页面：用于稳定、长期、功能型或明确独立意图；围绕主题完整回答并链接核心页。,BUILD_P0
/seedance-2-5/pricing,SUBPAGE,P0,NEW,PRICING,/pricing;/seedance-pricing,"Seedance 2.5 Pricing: Price, Free Access & Unlimited Plans Explained",Seedance 2.5 Pricing,69,ZERO_VOLUME_SUPPORT,free seedance 2.5 replit,free seedance 2.5 replit,CANONICAL,0,6,--,KEEP_P0,ZERO_VOLUME_RELEVANT,Pricing / Free / Unlimited,普通子页面：用于稳定、长期、功能型或明确独立意图；围绕主题完整回答并链接核心页。,BUILD_P0
/seedance-2-5/pricing,SUBPAGE,P0,NEW,PRICING,/pricing;/seedance-pricing,"Seedance 2.5 Pricing: Price, Free Access & Unlimited Plans Explained",Seedance 2.5 Pricing,70,ZERO_VOLUME_SUPPORT,artlist io alternative cheaper seedance 2.5,artlist io alternative cheaper seedance 2.5,CANONICAL,0,0,--,KEEP_P2,ZERO_VOLUME_RELEVANT,Pricing / Free / Unlimited,普通子页面：用于稳定、长期、功能型或明确独立意图；围绕主题完整回答并链接核心页。,BUILD_P0
/seedance-2-5/pricing,SUBPAGE,P0,NEW,PRICING,/pricing;/seedance-pricing,"Seedance 2.5 Pricing: Price, Free Access & Unlimited Plans Explained",Seedance 2.5 Pricing,71,TYPO_SUPPORT,higgsfield seadance 2.5 subscription,higgsfield seedance 2.5 subscription,TYPO_BRAND_OVERLAP,0,0,--,KEEP_P2,ZERO_VOLUME_RELEVANT,Pricing / Free / Unlimited,普通子页面：用于稳定、长期、功能型或明确独立意图；围绕主题完整回答并链接核心页。,BUILD_P0
/seedance-2-5/pricing,SUBPAGE,P0,NEW,PRICING,/pricing;/seedance-pricing,"Seedance 2.5 Pricing: Price, Free Access & Unlimited Plans Explained",Seedance 2.5 Pricing,72,ZERO_VOLUME_SUPPORT,seedance 2.5 pricing doc,seedance 2.5 pricing doc,CANONICAL,0,0,--,KEEP_P0,ZERO_VOLUME_RELEVANT,Pricing / Free / Unlimited,普通子页面：用于稳定、长期、功能型或明确独立意图；围绕主题完整回答并链接核心页。,BUILD_P0
/seedance-2-5/pricing,SUBPAGE,P0,NEW,PRICING,/pricing;/seedance-pricing,"Seedance 2.5 Pricing: Price, Free Access & Unlimited Plans Explained",Seedance 2.5 Pricing,73,ZERO_VOLUME_SUPPORT,seedance 2.5 trial free,seedance 2.5 trial free,CANONICAL,0,0,--,KEEP_P0,ZERO_VOLUME_RELEVANT,Pricing / Free / Unlimited,普通子页面：用于稳定、长期、功能型或明确独立意图；围绕主题完整回答并链接核心页。,BUILD_P0
/seedance-2-5/pricing,SUBPAGE,P0,NEW,PRICING,/pricing;/seedance-pricing,"Seedance 2.5 Pricing: Price, Free Access & Unlimited Plans Explained",Seedance 2.5 Pricing,74,ZERO_VOLUME_SUPPORT,seedance 2.5 using dreamina’s free credits.,seedance 2.5 using dreamina’s free credits.,CANONICAL,0,0,--,KEEP_P0,ZERO_VOLUME_RELEVANT,Pricing / Free / Unlimited,普通子页面：用于稳定、长期、功能型或明确独立意图；围绕主题完整回答并链接核心页。,BUILD_P0
/seedance-2-5/pricing,SUBPAGE,P0,NEW,PRICING,/pricing;/seedance-pricing,"Seedance 2.5 Pricing: Price, Free Access & Unlimited Plans Explained",Seedance 2.5 Pricing,75,ZERO_VOLUME_SUPPORT,seedance2.5 会员价格,seedance2.5 会员价格,CANONICAL,0,0,--,KEEP_P0,ZERO_VOLUME_RELEVANT,2.5 Core Hub,普通子页面：用于稳定、长期、功能型或明确独立意图；围绕主题完整回答并链接核心页。,BUILD_P0
/seedance-2-5/pricing,SUBPAGE,P0,NEW,PRICING,/pricing;/seedance-pricing,"Seedance 2.5 Pricing: Price, Free Access & Unlimited Plans Explained",Seedance 2.5 Pricing,76,TYPO_SUPPORT,seednace 2.5 try ffree,seedance 2.5 try ffree,TYPO,0,0,--,KEEP_P2,ZERO_VOLUME_RELEVANT,Pricing / Free / Unlimited,普通子页面：用于稳定、长期、功能型或明确独立意图；围绕主题完整回答并链接核心页。,BUILD_P0
/seedance-2-5/pricing,SUBPAGE,P0,NEW,PRICING,/pricing;/seedance-pricing,"Seedance 2.5 Pricing: Price, Free Access & Unlimited Plans Explained",Seedance 2.5 Pricing,77,ZERO_VOLUME_SUPPORT,workflow seedance 2.5 gratis,workflow seedance 2.5 gratis,CANONICAL,0,0,--,KEEP_P0,ZERO_VOLUME_RELEVANT,Pricing / Free / Unlimited,普通子页面：用于稳定、长期、功能型或明确独立意图；围绕主题完整回答并链接核心页。,BUILD_P0
/seedance-2-5/pricing,SUBPAGE,P0,NEW,PRICING,/pricing;/seedance-pricing,"Seedance 2.5 Pricing: Price, Free Access & Unlimited Plans Explained",Seedance 2.5 Pricing,78,TYPO_SUPPORT,free ai vdieo genartaieoe seeddance 2.5,free ai vdieo genartaieoe seedance 2.5,TYPO,260,0,--,KEEP_P0,HAS_VOLUME,Pricing / Free / Unlimited,普通子页面：用于稳定、长期、功能型或明确独立意图；围绕主题完整回答并链接核心页。,BUILD_P0
/seedance-2-5/vs-seedance-2-0,SUBPAGE,P0,NEW,COMPARISON,/seedance-2-0;/seedance-2-5,Seedance 2.5 vs Seedance 2.0: What’s Different?,Seedance 2.5 vs Seedance 2.0,1,PRIMARY,seedance 2.5 vs 2.0,seedance 2.5 vs 2.0,CANONICAL,6660,60,--,KEEP_P0,HAS_VOLUME,2.5 vs 2.0,普通子页面：用于稳定、长期、功能型或明确独立意图；围绕主题完整回答并链接核心页。,BUILD_P0
/seedance-2-5/vs-seedance-2-0,SUBPAGE,P0,NEW,COMPARISON,/seedance-2-0;/seedance-2-5,Seedance 2.5 vs Seedance 2.0: What’s Different?,Seedance 2.5 vs Seedance 2.0,2,PRIMARY,seedance 2.0 vs 2.5,seedance 2.0 vs 2.5,CANONICAL,6120,83,--,KEEP_P0,HAS_VOLUME,2.5 vs 2.0,普通子页面：用于稳定、长期、功能型或明确独立意图；围绕主题完整回答并链接核心页。,BUILD_P0
/seedance-2-5/vs-seedance-2-0,SUBPAGE,P0,NEW,COMPARISON,/seedance-2-0;/seedance-2-5,Seedance 2.5 vs Seedance 2.0: What’s Different?,Seedance 2.5 vs Seedance 2.0,3,PRIMARY,seedance 2.0 and seedance 2.5 which is better,seedance 2.0 and seedance 2.5 which is better,CANONICAL,2790,0,--,KEEP_P0,HAS_VOLUME,2.5 vs 2.0,普通子页面：用于稳定、长期、功能型或明确独立意图；围绕主题完整回答并链接核心页。,BUILD_P0
/seedance-2-5/vs-seedance-2-0,SUBPAGE,P0,NEW,COMPARISON,/seedance-2-0;/seedance-2-5,Seedance 2.5 vs Seedance 2.0: What’s Different?,Seedance 2.5 vs Seedance 2.0,4,PRIMARY,is seedance 2.5 better than 2.0,is seedance 2.5 better than 2.0,CANONICAL,1410,0,--,KEEP_P0,HAS_VOLUME,2.5 vs 2.0,普通子页面：用于稳定、长期、功能型或明确独立意图；围绕主题完整回答并链接核心页。,BUILD_P0
/seedance-2-5/vs-seedance-2-0,SUBPAGE,P0,NEW,COMPARISON,/seedance-2-0;/seedance-2-5,Seedance 2.5 vs Seedance 2.0: What’s Different?,Seedance 2.5 vs Seedance 2.0,5,PRIMARY,seedance 2.5 vs seedance 2,seedance 2.5 vs seedance 2,CANONICAL,710,55,2,KEEP_P2,HAS_VOLUME,Comparison / Other,普通子页面：用于稳定、长期、功能型或明确独立意图；围绕主题完整回答并链接核心页。,BUILD_P0
/seedance-2-5/vs-seedance-2-0,SUBPAGE,P0,NEW,COMPARISON,/seedance-2-0;/seedance-2-5,Seedance 2.5 vs Seedance 2.0: What’s Different?,Seedance 2.5 vs Seedance 2.0,6,PRIMARY,gemini omni flash vs seedance 2.0 vs seedance 2.5,gemini omni flash vs seedance 2.0 vs seedance 2.5,CANONICAL,690,0,--,KEEP_P0,HAS_VOLUME,2.5 vs 2.0,普通子页面：用于稳定、长期、功能型或明确独立意图；围绕主题完整回答并链接核心页。,BUILD_P0
/seedance-2-5/vs-seedance-2-0,SUBPAGE,P0,NEW,COMPARISON,/seedance-2-0;/seedance-2-5,Seedance 2.5 vs Seedance 2.0: What’s Different?,Seedance 2.5 vs Seedance 2.0,7,PRIMARY,seedance 2.5 vs seedance 2.0,seedance 2.5 vs seedance 2.0,CANONICAL,670,7,--,KEEP_P0,HAS_VOLUME,2.5 vs 2.0,普通子页面：用于稳定、长期、功能型或明确独立意图；围绕主题完整回答并链接核心页。,BUILD_P0
/seedance-2-5/vs-seedance-2-0,SUBPAGE,P0,NEW,COMPARISON,/seedance-2-0;/seedance-2-5,Seedance 2.5 vs Seedance 2.0: What’s Different?,Seedance 2.5 vs Seedance 2.0,8,PRIMARY,difference between seedance 2.0 and 2.5,difference between seedance 2.0 and 2.5,CANONICAL,660,0,--,KEEP_P1,HAS_VOLUME,2.5 vs 2.0,普通子页面：用于稳定、长期、功能型或明确独立意图；围绕主题完整回答并链接核心页。,BUILD_P0
/seedance-2-5/vs-seedance-2-0,SUBPAGE,P0,NEW,COMPARISON,/seedance-2-0;/seedance-2-5,Seedance 2.5 vs Seedance 2.0: What’s Different?,Seedance 2.5 vs Seedance 2.0,9,SECONDARY,seedance 2.0 vs seedance 2.5,seedance 2.0 vs seedance 2.5,CANONICAL,570,0,--,KEEP_P0,HAS_VOLUME,2.5 vs 2.0,普通子页面：用于稳定、长期、功能型或明确独立意图；围绕主题完整回答并链接核心页。,BUILD_P0
/seedance-2-5/vs-seedance-2-0,SUBPAGE,P0,NEW,COMPARISON,/seedance-2-0;/seedance-2-5,Seedance 2.5 vs Seedance 2.0: What’s Different?,Seedance 2.5 vs Seedance 2.0,10,SECONDARY,is seedance 2.5 better than seedance 2.0,is seedance 2.5 better than seedance 2.0,CANONICAL,550,0,--,KEEP_P0,HAS_VOLUME,2.5 vs 2.0,普通子页面：用于稳定、长期、功能型或明确独立意图；围绕主题完整回答并链接核心页。,BUILD_P0
/seedance-2-5/vs-seedance-2-0,SUBPAGE,P0,NEW,COMPARISON,/seedance-2-0;/seedance-2-5,Seedance 2.5 vs Seedance 2.0: What’s Different?,Seedance 2.5 vs Seedance 2.0,11,SECONDARY,seedance 2.5 vs 2.0 higgsfield,seedance 2.5 vs 2.0 higgsfield,CANONICAL,480,0,--,KEEP_P1,HAS_VOLUME,2.5 vs 2.0,普通子页面：用于稳定、长期、功能型或明确独立意图；围绕主题完整回答并链接核心页。,BUILD_P0
/seedance-2-5/vs-seedance-2-0,SUBPAGE,P0,NEW,COMPARISON,/seedance-2-0;/seedance-2-5,Seedance 2.5 vs Seedance 2.0: What’s Different?,Seedance 2.5 vs Seedance 2.0,12,SECONDARY,seedance 2.5 vs seedance 2.0 for 5400 credits,seedance 2.5 vs seedance 2.0 for 5400 credits,CANONICAL,420,0,--,KEEP_P0,HAS_VOLUME,Pricing / Free / Unlimited,普通子页面：用于稳定、长期、功能型或明确独立意图；围绕主题完整回答并链接核心页。,BUILD_P0
/seedance-2-5/vs-seedance-2-0,SUBPAGE,P0,NEW,COMPARISON,/seedance-2-0;/seedance-2-5,Seedance 2.5 vs Seedance 2.0: What’s Different?,Seedance 2.5 vs Seedance 2.0,13,SECONDARY,seedance 2.5 vs seedance 2.0 for 5400 credits github,seedance 2.5 vs seedance 2.0 for 5400 credits github,CANONICAL,420,0,--,KEEP_P0,HAS_VOLUME,Pricing / Free / Unlimited,普通子页面：用于稳定、长期、功能型或明确独立意图；围绕主题完整回答并链接核心页。,BUILD_P0
/seedance-2-5/vs-seedance-2-0,SUBPAGE,P0,NEW,COMPARISON,/seedance-2-0;/seedance-2-5,Seedance 2.5 vs Seedance 2.0: What’s Different?,Seedance 2.5 vs Seedance 2.0,14,SECONDARY,fal price seedance 2.5 vs seendace 2.0,fal price seedance 2.5 vs seendace 2.0,CANONICAL,410,0,--,KEEP_P0,HAS_VOLUME,Pricing / Free / Unlimited,普通子页面：用于稳定、长期、功能型或明确独立意图；围绕主题完整回答并链接核心页。,BUILD_P0
/seedance-2-5/vs-seedance-2-0,SUBPAGE,P0,NEW,COMPARISON,/seedance-2-0;/seedance-2-5,Seedance 2.5 vs Seedance 2.0: What’s Different?,Seedance 2.5 vs Seedance 2.0,15,SECONDARY,sedancseedance 2.0 vs seedance 2.5,sedancseedance 2.0 vs seedance 2.5,CANONICAL,410,0,--,KEEP_P1,HAS_VOLUME,2.5 vs 2.0,普通子页面：用于稳定、长期、功能型或明确独立意图；围绕主题完整回答并链接核心页。,BUILD_P0
/seedance-2-5/vs-seedance-2-0,SUBPAGE,P0,NEW,COMPARISON,/seedance-2-0;/seedance-2-5,Seedance 2.5 vs Seedance 2.0: What’s Different?,Seedance 2.5 vs Seedance 2.0,16,SECONDARY,seedance 2.5 vs seedance 2.0 price,seedance 2.5 vs seedance 2.0 price,CANONICAL,400,0,--,KEEP_P0,HAS_VOLUME,Pricing / Free / Unlimited,普通子页面：用于稳定、长期、功能型或明确独立意图；围绕主题完整回答并链接核心页。,BUILD_P0
/seedance-2-5/vs-seedance-2-0,SUBPAGE,P0,NEW,COMPARISON,/seedance-2-0;/seedance-2-5,Seedance 2.5 vs Seedance 2.0: What’s Different?,Seedance 2.5 vs Seedance 2.0,17,SECONDARY,how is seedance 2.5 better than seedance 2.0,how is seedance 2.5 better than seedance 2.0,CANONICAL,320,0,--,KEEP_P0,HAS_VOLUME,2.5 vs 2.0,普通子页面：用于稳定、长期、功能型或明确独立意图；围绕主题完整回答并链接核心页。,BUILD_P0
/seedance-2-5/vs-seedance-2-0,SUBPAGE,P0,NEW,COMPARISON,/seedance-2-0;/seedance-2-5,Seedance 2.5 vs Seedance 2.0: What’s Different?,Seedance 2.5 vs Seedance 2.0,18,SECONDARY,whats the difference between seedance 2.0 and seedance 2.5,whats the difference between seedance 2.0 and seedance 2.5,CANONICAL,240,0,--,KEEP_P0,HAS_VOLUME,2.5 vs 2.0,普通子页面：用于稳定、长期、功能型或明确独立意图；围绕主题完整回答并链接核心页。,BUILD_P0
/seedance-2-5/vs-seedance-2-0,SUBPAGE,P0,NEW,COMPARISON,/seedance-2-0;/seedance-2-5,Seedance 2.5 vs Seedance 2.0: What’s Different?,Seedance 2.5 vs Seedance 2.0,19,SECONDARY,seedance 2.5 example vs 2.0,seedance 2.5 example vs 2.0,CANONICAL,150,0,--,KEEP_P1,HAS_VOLUME,2.5 vs 2.0,普通子页面：用于稳定、长期、功能型或明确独立意图；围绕主题完整回答并链接核心页。,BUILD_P0
/seedance-2-5/vs-seedance-2-0,SUBPAGE,P0,NEW,COMPARISON,/seedance-2-0;/seedance-2-5,Seedance 2.5 vs Seedance 2.0: What’s Different?,Seedance 2.5 vs Seedance 2.0,20,ZERO_VOLUME_SUPPORT,seedance 2.5 vs 2.0 difference,seedance 2.5 vs 2.0 difference,CANONICAL,0,21,--,KEEP_P2,ZERO_VOLUME_RELEVANT,2.5 vs 2.0,普通子页面：用于稳定、长期、功能型或明确独立意图；围绕主题完整回答并链接核心页。,BUILD_P0
/seedance-2-5/vs-seedance-2-0,SUBPAGE,P0,NEW,COMPARISON,/seedance-2-0;/seedance-2-5,Seedance 2.5 vs Seedance 2.0: What’s Different?,Seedance 2.5 vs Seedance 2.0,21,ZERO_VOLUME_SUPPORT,seedance 2.5 vs 2.0 cost,seedance 2.5 vs 2.0 cost,CANONICAL,0,18,--,KEEP_P0,ZERO_VOLUME_RELEVANT,Pricing / Free / Unlimited,普通子页面：用于稳定、长期、功能型或明确独立意图；围绕主题完整回答并链接核心页。,BUILD_P0
/seedance-api,SUBPAGE,P0,NEW,API,/seedance-2-0;/seedance-2-5/api,"Seedance API: Access, Pricing, Providers & Examples",Seedance API,1,PRIMARY,seedance api,seedance api,CANONICAL,22010,11226,28,KEEP_P0,HAS_VOLUME,API / Developer,普通子页面：用于稳定、长期、功能型或明确独立意图；围绕主题完整回答并链接核心页。,BUILD_P0
/seedance-api,SUBPAGE,P0,NEW,API,/seedance-2-0;/seedance-2-5/api,"Seedance API: Access, Pricing, Providers & Examples",Seedance API,2,PRIMARY,seedance 2.0 api,seedance 2.0 api,CANONICAL,11060,19608,26,KEEP_P0,HAS_VOLUME,API / Developer,普通子页面：用于稳定、长期、功能型或明确独立意图；围绕主题完整回答并链接核心页。,BUILD_P0
/seedance-api,SUBPAGE,P0,NEW,API,/seedance-2-0;/seedance-2-5/api,"Seedance API: Access, Pricing, Providers & Examples",Seedance API,3,PRIMARY,seedance api pricing,seedance api pricing,CANONICAL,4280,1934,16,KEEP_P0,HAS_VOLUME,API / Developer,普通子页面：用于稳定、长期、功能型或明确独立意图；围绕主题完整回答并链接核心页。,BUILD_P0
/seedance-api,SUBPAGE,P0,NEW,API,/seedance-2-0;/seedance-2-5/api,"Seedance API: Access, Pricing, Providers & Examples",Seedance API,4,PRIMARY,seedance api price,seedance api price,CANONICAL,2510,263,12,KEEP_P0,HAS_VOLUME,API / Developer,普通子页面：用于稳定、长期、功能型或明确独立意图；围绕主题完整回答并链接核心页。,BUILD_P0
/seedance-api,SUBPAGE,P0,NEW,API,/seedance-2-0;/seedance-2-5/api,"Seedance API: Access, Pricing, Providers & Examples",Seedance API,5,PRIMARY,seedance 2 api,seedance 2 api,CANONICAL,2350,4707,40,KEEP_P0,HAS_VOLUME,API / Developer,普通子页面：用于稳定、长期、功能型或明确独立意图；围绕主题完整回答并链接核心页。,BUILD_P0
/seedance-api,SUBPAGE,P0,NEW,API,/seedance-2-0;/seedance-2-5/api,"Seedance API: Access, Pricing, Providers & Examples",Seedance API,6,PRIMARY,seedance 2.0 api pricing,seedance 2.0 api pricing,CANONICAL,2030,1746,17,KEEP_P0,HAS_VOLUME,API / Developer,普通子页面：用于稳定、长期、功能型或明确独立意图；围绕主题完整回答并链接核心页。,BUILD_P0
/seedance-api,SUBPAGE,P0,NEW,API,/seedance-2-0;/seedance-2-5/api,"Seedance API: Access, Pricing, Providers & Examples",Seedance API,7,PRIMARY,seedance api key,seedance api key,CANONICAL,2000,606,37,KEEP_P0,HAS_VOLUME,API / Developer,普通子页面：用于稳定、长期、功能型或明确独立意图；围绕主题完整回答并链接核心页。,BUILD_P0
/seedance-api,SUBPAGE,P0,NEW,API,/seedance-2-0;/seedance-2-5/api,"Seedance API: Access, Pricing, Providers & Examples",Seedance API,8,PRIMARY,seedance 2.5 documentation,seedance 2.5 documentation,CANONICAL,1850,10,--,KEEP_P0,HAS_VOLUME,API / Developer,普通子页面：用于稳定、长期、功能型或明确独立意图；围绕主题完整回答并链接核心页。,BUILD_P0
/seedance-api,SUBPAGE,P0,NEW,API,/seedance-2-0;/seedance-2-5/api,"Seedance API: Access, Pricing, Providers & Examples",Seedance API,9,SECONDARY,seedance api cost,seedance api cost,CANONICAL,1560,492,13,KEEP_P0,HAS_VOLUME,API / Developer,普通子页面：用于稳定、长期、功能型或明确独立意图；围绕主题完整回答并链接核心页。,BUILD_P0
/seedance-api,SUBPAGE,P0,NEW,API,/seedance-2-0;/seedance-2-5/api,"Seedance API: Access, Pricing, Providers & Examples",Seedance API,10,SECONDARY,cheapest seedance 2.0 api,cheapest seedance 2.0 api,CANONICAL,1490,210,28,KEEP_P0,HAS_VOLUME,API / Developer,普通子页面：用于稳定、长期、功能型或明确独立意图；围绕主题完整回答并链接核心页。,BUILD_P0
/seedance-api,SUBPAGE,P0,NEW,API,/seedance-2-0;/seedance-2-5/api,"Seedance API: Access, Pricing, Providers & Examples",Seedance API,11,SECONDARY,seedance 2.5 docs,seedance 2.5 docs,CANONICAL,1370,0,--,KEEP_P0,HAS_VOLUME,API / Developer,普通子页面：用于稳定、长期、功能型或明确独立意图；围绕主题完整回答并链接核心页。,BUILD_P0
/seedance-api,SUBPAGE,P0,NEW,API,/seedance-2-0;/seedance-2-5/api,"Seedance API: Access, Pricing, Providers & Examples",Seedance API,12,SECONDARY,how to access seedance api directly.,how to access seedance api directly.,CANONICAL,1350,0,--,KEEP_P0,HAS_VOLUME,API / Developer,普通子页面：用于稳定、长期、功能型或明确独立意图；围绕主题完整回答并链接核心页。,BUILD_P0
/seedance-api,SUBPAGE,P0,NEW,API,/seedance-2-0;/seedance-2-5/api,"Seedance API: Access, Pricing, Providers & Examples",Seedance API,13,SECONDARY,seedance api 料金,seedance api 料金,CANONICAL,1220,0,--,KEEP_P0,HAS_VOLUME,API / Developer,普通子页面：用于稳定、长期、功能型或明确独立意图；围绕主题完整回答并链接核心页。,BUILD_P0
/seedance-api,SUBPAGE,P0,NEW,API,/seedance-2-0;/seedance-2-5/api,"Seedance API: Access, Pricing, Providers & Examples",Seedance API,14,SECONDARY,api seedance,api seedance,CANONICAL,1190,331,12,KEEP_P0,HAS_VOLUME,API / Developer,普通子页面：用于稳定、长期、功能型或明确独立意图；围绕主题完整回答并链接核心页。,BUILD_P0
/seedance-api,SUBPAGE,P0,NEW,API,/seedance-2-0;/seedance-2-5/api,"Seedance API: Access, Pricing, Providers & Examples",Seedance API,15,SECONDARY,seedance 2.0 api key,seedance 2.0 api key,CANONICAL,950,613,12,KEEP_P1,HAS_VOLUME,API / Developer,普通子页面：用于稳定、长期、功能型或明确独立意图；围绕主题完整回答并链接核心页。,BUILD_P0
/seedance-api,SUBPAGE,P0,NEW,API,/seedance-2-0;/seedance-2-5/api,"Seedance API: Access, Pricing, Providers & Examples",Seedance API,16,TYPO_SUPPORT,seeddance 2.0 api,seedance 2.0 api,TYPO,950,344,--,KEEP_P1,HAS_VOLUME,API / Developer,普通子页面：用于稳定、长期、功能型或明确独立意图；围绕主题完整回答并链接核心页。,BUILD_P0
/seedance-api,SUBPAGE,P0,NEW,API,/seedance-2-0;/seedance-2-5/api,"Seedance API: Access, Pricing, Providers & Examples",Seedance API,17,SECONDARY,seedance 2.0 api price,seedance 2.0 api price,CANONICAL,930,365,19,KEEP_P1,HAS_VOLUME,API / Developer,普通子页面：用于稳定、长期、功能型或明确独立意图；围绕主题完整回答并链接核心页。,BUILD_P0
/seedance-api,SUBPAGE,P0,NEW,API,/seedance-2-0;/seedance-2-5/api,"Seedance API: Access, Pricing, Providers & Examples",Seedance API,18,TYPO_SUPPORT,seeddance api,seedance api,TYPO,900,586,33,KEEP_P0,HAS_VOLUME,API / Developer,普通子页面：用于稳定、长期、功能型或明确独立意图；围绕主题完整回答并链接核心页。,BUILD_P0
/seedance-api,SUBPAGE,P0,NEW,API,/seedance-2-0;/seedance-2-5/api,"Seedance API: Access, Pricing, Providers & Examples",Seedance API,19,SECONDARY,bytedance seedance 2.0 api,bytedance seedance 2.0 api,CANONICAL,860,351,33,KEEP_P1,HAS_VOLUME,API / Developer,普通子页面：用于稳定、长期、功能型或明确独立意图；围绕主题完整回答并链接核心页。,BUILD_P0
/seedance-api,SUBPAGE,P0,NEW,API,/seedance-2-0;/seedance-2-5/api,"Seedance API: Access, Pricing, Providers & Examples",Seedance API,20,SECONDARY,api seedance 2.0,api seedance 2.0,CANONICAL,810,788,12,KEEP_P1,HAS_VOLUME,API / Developer,普通子页面：用于稳定、长期、功能型或明确独立意图；围绕主题完整回答并链接核心页。,BUILD_P0
/seedance-api,SUBPAGE,P0,NEW,API,/seedance-2-0;/seedance-2-5/api,"Seedance API: Access, Pricing, Providers & Examples",Seedance API,21,SECONDARY,seedance api costing,seedance api costing,CANONICAL,790,16,--,KEEP_P0,HAS_VOLUME,API / Developer,普通子页面：用于稳定、长期、功能型或明确独立意图；围绕主题完整回答并链接核心页。,BUILD_P0
/seedance-api,SUBPAGE,P0,NEW,API,/seedance-2-0;/seedance-2-5/api,"Seedance API: Access, Pricing, Providers & Examples",Seedance API,22,SECONDARY,cheapest seedance 2 api,cheapest seedance 2 api,CANONICAL,770,71,--,KEEP_P0,HAS_VOLUME,API / Developer,普通子页面：用于稳定、长期、功能型或明确独立意图；围绕主题完整回答并链接核心页。,BUILD_P0
/seedance-api,SUBPAGE,P0,NEW,API,/seedance-2-0;/seedance-2-5/api,"Seedance API: Access, Pricing, Providers & Examples",Seedance API,23,SECONDARY,seedance direct api,seedance direct api,CANONICAL,770,30,--,KEEP_P0,HAS_VOLUME,API / Developer,普通子页面：用于稳定、长期、功能型或明确独立意图；围绕主题完整回答并链接核心页。,BUILD_P0
/seedance-api,SUBPAGE,P0,NEW,API,/seedance-2-0;/seedance-2-5/api,"Seedance API: Access, Pricing, Providers & Examples",Seedance API,24,SECONDARY,seedance api access,seedance api access,CANONICAL,750,55,--,KEEP_P0,HAS_VOLUME,API / Developer,普通子页面：用于稳定、长期、功能型或明确独立意图；围绕主题完整回答并链接核心页。,BUILD_P0
/seedance-api,SUBPAGE,P0,NEW,API,/seedance-2-0;/seedance-2-5/api,"Seedance API: Access, Pricing, Providers & Examples",Seedance API,25,SECONDARY,seedance2.0 api,seedance2.0 api,CANONICAL,740,1097,40,KEEP_P0,HAS_VOLUME,API / Developer,普通子页面：用于稳定、长期、功能型或明确独立意图；围绕主题完整回答并链接核心页。,BUILD_P0
/seedance-api,SUBPAGE,P0,NEW,API,/seedance-2-0;/seedance-2-5/api,"Seedance API: Access, Pricing, Providers & Examples",Seedance API,26,SECONDARY,seedance ai api,seedance ai api,CANONICAL,740,432,--,KEEP_P0,HAS_VOLUME,API / Developer,普通子页面：用于稳定、长期、功能型或明确独立意图；围绕主题完整回答并链接核心页。,BUILD_P0
/seedance-api,SUBPAGE,P0,NEW,API,/seedance-2-0;/seedance-2-5/api,"Seedance API: Access, Pricing, Providers & Examples",Seedance API,27,SECONDARY,bytedance seedance api,bytedance seedance api,CANONICAL,730,263,--,KEEP_P0,HAS_VOLUME,API / Developer,普通子页面：用于稳定、长期、功能型或明确独立意图；围绕主题完整回答并链接核心页。,BUILD_P0
/seedance-api,SUBPAGE,P0,NEW,API,/seedance-2-0;/seedance-2-5/api,"Seedance API: Access, Pricing, Providers & Examples",Seedance API,28,SECONDARY,kie.ai seedance 2.0 api,kie.ai seedance 2.0 api,CANONICAL,700,0,--,KEEP_P1,HAS_VOLUME,API / Developer,普通子页面：用于稳定、长期、功能型或明确独立意图；围绕主题完整回答并链接核心页。,BUILD_P0
/seedance-api,SUBPAGE,P0,NEW,API,/seedance-2-0;/seedance-2-5/api,"Seedance API: Access, Pricing, Providers & Examples",Seedance API,29,SECONDARY,seedance 2.0 api bytedance,seedance 2.0 api bytedance,CANONICAL,650,71,--,KEEP_P1,HAS_VOLUME,API / Developer,普通子页面：用于稳定、长期、功能型或明确独立意图；围绕主题完整回答并链接核心页。,BUILD_P0
/seedance-api,SUBPAGE,P0,NEW,API,/seedance-2-0;/seedance-2-5/api,"Seedance API: Access, Pricing, Providers & Examples",Seedance API,30,SECONDARY,byteplus seedance 2.0 api,byteplus seedance 2.0 api,CANONICAL,640,270,--,KEEP_P1,HAS_VOLUME,API / Developer,普通子页面：用于稳定、长期、功能型或明确独立意图；围绕主题完整回答并链接核心页。,BUILD_P0
/seedance-api,SUBPAGE,P0,NEW,API,/seedance-2-0;/seedance-2-5/api,"Seedance API: Access, Pricing, Providers & Examples",Seedance API,31,SECONDARY,bytedance seedance 2.0 credits api,bytedance seedance 2.0 credits api,CANONICAL,640,0,--,KEEP_P1,HAS_VOLUME,API / Developer,普通子页面：用于稳定、长期、功能型或明确独立意图；围绕主题完整回答并链接核心页。,BUILD_P0
/seedance-api,SUBPAGE,P0,NEW,API,/seedance-2-0;/seedance-2-5/api,"Seedance API: Access, Pricing, Providers & Examples",Seedance API,32,SECONDARY,seedance 2.0 credits api,seedance 2.0 credits api,CANONICAL,640,0,--,KEEP_P1,HAS_VOLUME,API / Developer,普通子页面：用于稳定、长期、功能型或明确独立意图；围绕主题完整回答并链接核心页。,BUILD_P0
/seedance-api,SUBPAGE,P0,NEW,API,/seedance-2-0;/seedance-2-5/api,"Seedance API: Access, Pricing, Providers & Examples",Seedance API,33,SECONDARY,seedance 金額 api,seedance 金額 api,CANONICAL,630,0,--,KEEP_P0,HAS_VOLUME,API / Developer,普通子页面：用于稳定、长期、功能型或明确独立意图；围绕主题完整回答并链接核心页。,BUILD_P0
/seedance-api,SUBPAGE,P0,NEW,API,/seedance-2-0;/seedance-2-5/api,"Seedance API: Access, Pricing, Providers & Examples",Seedance API,34,SECONDARY,atlas cloud seedance 2.0 api,atlas cloud seedance 2.0 api,CANONICAL,610,144,28,KEEP_P1,HAS_VOLUME,API / Developer,普通子页面：用于稳定、长期、功能型或明确独立意图；围绕主题完整回答并链接核心页。,BUILD_P0
/seedance-api,SUBPAGE,P0,NEW,API,/seedance-2-0;/seedance-2-5/api,"Seedance API: Access, Pricing, Providers & Examples",Seedance API,35,SECONDARY,seedance documentation,seedance documentation,CANONICAL,600,294,3,KEEP_P0,HAS_VOLUME,API / Developer,普通子页面：用于稳定、长期、功能型或明确独立意图；围绕主题完整回答并链接核心页。,BUILD_P0
/seedance-api,SUBPAGE,P0,NEW,API,/seedance-2-0;/seedance-2-5/api,"Seedance API: Access, Pricing, Providers & Examples",Seedance API,36,TYPO_SUPPORT,sedance api,seedance api,TYPO,590,191,--,KEEP_P0,HAS_VOLUME,API / Developer,普通子页面：用于稳定、长期、功能型或明确独立意图；围绕主题完整回答并链接核心页。,BUILD_P0
/seedance-api,SUBPAGE,P0,NEW,API,/seedance-2-0;/seedance-2-5/api,"Seedance API: Access, Pricing, Providers & Examples",Seedance API,37,SECONDARY,"venice seedance 2,0 api","venice seedance 2,0 api",CANONICAL,560,0,--,KEEP_P0,HAS_VOLUME,API / Developer,普通子页面：用于稳定、长期、功能型或明确独立意图；围绕主题完整回答并链接核心页。,BUILD_P0
/seedance-api,SUBPAGE,P0,NEW,API,/seedance-2-0;/seedance-2-5/api,"Seedance API: Access, Pricing, Providers & Examples",Seedance API,38,SECONDARY,seedance 2.0 api cost,seedance 2.0 api cost,CANONICAL,540,560,12,KEEP_P1,HAS_VOLUME,API / Developer,普通子页面：用于稳定、长期、功能型或明确独立意图；围绕主题完整回答并链接核心页。,BUILD_P0
/seedance-api,SUBPAGE,P0,NEW,API,/seedance-2-0;/seedance-2-5/api,"Seedance API: Access, Pricing, Providers & Examples",Seedance API,39,SECONDARY,seedance api 无码,seedance api 无码,CANONICAL,530,0,--,KEEP_P0,HAS_VOLUME,API / Developer,普通子页面：用于稳定、长期、功能型或明确独立意图；围绕主题完整回答并链接核心页。,BUILD_P0
/seedance-api,SUBPAGE,P0,NEW,API,/seedance-2-0;/seedance-2-5/api,"Seedance API: Access, Pricing, Providers & Examples",Seedance API,40,SECONDARY,fall api seedance,fall api seedance,CANONICAL,510,0,--,KEEP_P0,HAS_VOLUME,API / Developer,普通子页面：用于稳定、长期、功能型或明确独立意图；围绕主题完整回答并链接核心页。,BUILD_P0
/seedance-api,SUBPAGE,P0,NEW,API,/seedance-2-0;/seedance-2-5/api,"Seedance API: Access, Pricing, Providers & Examples",Seedance API,41,SECONDARY,bydance api seedance,bydance api seedance,CANONICAL,490,0,--,KEEP_P0,HAS_VOLUME,API / Developer,普通子页面：用于稳定、长期、功能型或明确独立意图；围绕主题完整回答并链接核心页。,BUILD_P0
/seedance-api,SUBPAGE,P0,NEW,API,/seedance-2-0;/seedance-2-5/api,"Seedance API: Access, Pricing, Providers & Examples",Seedance API,42,SECONDARY,dùng api seedance ở đâu,dùng api seedance ở đâu,CANONICAL,490,0,--,KEEP_P0,HAS_VOLUME,API / Developer,普通子页面：用于稳定、长期、功能型或明确独立意图；围绕主题完整回答并链接核心页。,BUILD_P0
/seedance-api,SUBPAGE,P0,NEW,API,/seedance-2-0;/seedance-2-5/api,"Seedance API: Access, Pricing, Providers & Examples",Seedance API,43,SECONDARY,seedance 2 docs,seedance 2 docs,CANONICAL,480,15,--,KEEP_P0,HAS_VOLUME,API / Developer,普通子页面：用于稳定、长期、功能型或明确独立意图；围绕主题完整回答并链接核心页。,BUILD_P0
/seedance-api,SUBPAGE,P0,NEW,API,/seedance-2-0;/seedance-2-5/api,"Seedance API: Access, Pricing, Providers & Examples",Seedance API,44,SECONDARY,seedance 2.0 cheapest api,seedance 2.0 cheapest api,CANONICAL,470,242,19,KEEP_P1,HAS_VOLUME,API / Developer,普通子页面：用于稳定、长期、功能型或明确独立意图；围绕主题完整回答并链接核心页。,BUILD_P0
/seedance-api,SUBPAGE,P0,NEW,API,/seedance-2-0;/seedance-2-5/api,"Seedance API: Access, Pricing, Providers & Examples",Seedance API,45,SECONDARY,seedance 2 documentation,seedance 2 documentation,CANONICAL,430,88,--,KEEP_P0,HAS_VOLUME,API / Developer,普通子页面：用于稳定、长期、功能型或明确独立意图；围绕主题完整回答并链接核心页。,BUILD_P0
/seedance-api,SUBPAGE,P0,NEW,API,/seedance-2-0;/seedance-2-5/api,"Seedance API: Access, Pricing, Providers & Examples",Seedance API,46,SECONDARY,seedance 2.0 api doc,seedance 2.0 api doc,CANONICAL,420,44,--,KEEP_P1,HAS_VOLUME,API / Developer,普通子页面：用于稳定、长期、功能型或明确独立意图；围绕主题完整回答并链接核心页。,BUILD_P0
/seedance-api,SUBPAGE,P0,NEW,API,/seedance-2-0;/seedance-2-5/api,"Seedance API: Access, Pricing, Providers & Examples",Seedance API,47,SECONDARY,seedance 2.0 api documentation,seedance 2.0 api documentation,CANONICAL,420,38,--,KEEP_P1,HAS_VOLUME,API / Developer,普通子页面：用于稳定、长期、功能型或明确独立意图；围绕主题完整回答并链接核心页。,BUILD_P0
/seedance-api,SUBPAGE,P0,NEW,API,/seedance-2-0;/seedance-2-5/api,"Seedance API: Access, Pricing, Providers & Examples",Seedance API,48,SECONDARY,official documentation seedance 2.5,official documentation seedance 2.5,CANONICAL,420,0,--,KEEP_P0,HAS_VOLUME,API / Developer,普通子页面：用于稳定、长期、功能型或明确独立意图；围绕主题完整回答并链接核心页。,BUILD_P0
/seedance-api,SUBPAGE,P0,NEW,API,/seedance-2-0;/seedance-2-5/api,"Seedance API: Access, Pricing, Providers & Examples",Seedance API,49,SECONDARY,seedance api 价格,seedance api 价格,CANONICAL,410,75,--,KEEP_P0,HAS_VOLUME,API / Developer,普通子页面：用于稳定、长期、功能型或明确独立意图；围绕主题完整回答并链接核心页。,BUILD_P0
/seedance-api,SUBPAGE,P0,NEW,API,/seedance-2-0;/seedance-2-5/api,"Seedance API: Access, Pricing, Providers & Examples",Seedance API,50,SECONDARY,seedance 2.0 price api,seedance 2.0 price api,CANONICAL,410,48,--,KEEP_P1,HAS_VOLUME,API / Developer,普通子页面：用于稳定、长期、功能型或明确独立意图；围绕主题完整回答并链接核心页。,BUILD_P0
/seedance-api,SUBPAGE,P0,NEW,API,/seedance-2-0;/seedance-2-5/api,"Seedance API: Access, Pricing, Providers & Examples",Seedance API,51,SECONDARY,bytedance documentation on seedance 2.5 official documentation,bytedance documentation on seedance 2.5 official documentation,CANONICAL,410,0,--,KEEP_P0,HAS_VOLUME,API / Developer,普通子页面：用于稳定、长期、功能型或明确独立意图；围绕主题完整回答并链接核心页。,BUILD_P0
/seedance-api,SUBPAGE,P0,NEW,API,/seedance-2-0;/seedance-2-5/api,"Seedance API: Access, Pricing, Providers & Examples",Seedance API,52,SECONDARY,bytedance seedance documentation,bytedance seedance documentation,CANONICAL,410,0,--,KEEP_P0,HAS_VOLUME,API / Developer,普通子页面：用于稳定、长期、功能型或明确独立意图；围绕主题完整回答并链接核心页。,BUILD_P0
/seedance-api,SUBPAGE,P0,NEW,API,/seedance-2-0;/seedance-2-5/api,"Seedance API: Access, Pricing, Providers & Examples",Seedance API,53,SECONDARY,bytedance seedance documentation api,bytedance seedance documentation api,CANONICAL,410,0,--,KEEP_P0,HAS_VOLUME,API / Developer,普通子页面：用于稳定、长期、功能型或明确独立意图；围绕主题完整回答并链接核心页。,BUILD_P0
/seedance-api,SUBPAGE,P0,NEW,API,/seedance-2-0;/seedance-2-5/api,"Seedance API: Access, Pricing, Providers & Examples",Seedance API,54,SECONDARY,seedance documentation api,seedance documentation api,CANONICAL,410,0,--,KEEP_P0,HAS_VOLUME,API / Developer,普通子页面：用于稳定、长期、功能型或明确独立意图；围绕主题完整回答并链接核心页。,BUILD_P0
/seedance-api,SUBPAGE,P0,NEW,API,/seedance-2-0;/seedance-2-5/api,"Seedance API: Access, Pricing, Providers & Examples",Seedance API,55,SECONDARY,get seedance api,get seedance api,CANONICAL,400,39,--,KEEP_P0,HAS_VOLUME,API / Developer,普通子页面：用于稳定、长期、功能型或明确独立意图；围绕主题完整回答并链接核心页。,BUILD_P0
/seedance-api,SUBPAGE,P0,NEW,API,/seedance-2-0;/seedance-2-5/api,"Seedance API: Access, Pricing, Providers & Examples",Seedance API,56,SECONDARY,documentation seedance 2.0,documentation seedance 2.0,CANONICAL,400,0,--,KEEP_P1,HAS_VOLUME,API / Developer,普通子页面：用于稳定、长期、功能型或明确独立意图；围绕主题完整回答并链接核心页。,BUILD_P0
/seedance-api,SUBPAGE,P0,NEW,API,/seedance-2-0;/seedance-2-5/api,"Seedance API: Access, Pricing, Providers & Examples",Seedance API,57,SECONDARY,seedance 2 mini api,seedance 2 mini api,CANONICAL,390,82,--,KEEP_P0,HAS_VOLUME,API / Developer,普通子页面：用于稳定、长期、功能型或明确独立意图；围绕主题完整回答并链接核心页。,BUILD_P0
/seedance-api,SUBPAGE,P0,NEW,API,/seedance-2-0;/seedance-2-5/api,"Seedance API: Access, Pricing, Providers & Examples",Seedance API,58,SECONDARY,how to use seedance 2 api cheap price,how to use seedance 2 api cheap price,CANONICAL,370,0,--,KEEP_P0,HAS_VOLUME,API / Developer,普通子页面：用于稳定、长期、功能型或明确独立意图；围绕主题完整回答并链接核心页。,BUILD_P0
/seedance-api,SUBPAGE,P0,NEW,API,/seedance-2-0;/seedance-2-5/api,"Seedance API: Access, Pricing, Providers & Examples",Seedance API,59,SECONDARY,seedance api\,seedance api\,CANONICAL,370,0,--,KEEP_P0,HAS_VOLUME,API / Developer,普通子页面：用于稳定、长期、功能型或明确独立意图；围绕主题完整回答并链接核心页。,BUILD_P0
/seedance-api,SUBPAGE,P0,NEW,API,/seedance-2-0;/seedance-2-5/api,"Seedance API: Access, Pricing, Providers & Examples",Seedance API,60,SECONDARY,seedance 2.0 api 价格,seedance 2.0 api 价格,CANONICAL,360,311,5,KEEP_P1,HAS_VOLUME,API / Developer,普通子页面：用于稳定、长期、功能型或明确独立意图；围绕主题完整回答并链接核心页。,BUILD_P0
/seedance-api,SUBPAGE,P0,NEW,API,/seedance-2-0;/seedance-2-5/api,"Seedance API: Access, Pricing, Providers & Examples",Seedance API,61,ZERO_VOLUME_SUPPORT,cheap seedance api,cheap seedance api,CANONICAL,0,136,17,KEEP_P0,ZERO_VOLUME_RELEVANT,API / Developer,普通子页面：用于稳定、长期、功能型或明确独立意图；围绕主题完整回答并链接核心页。,BUILD_P0
/seedance-api,SUBPAGE,P0,NEW,API,/seedance-2-0;/seedance-2-5/api,"Seedance API: Access, Pricing, Providers & Examples",Seedance API,62,ZERO_VOLUME_SUPPORT,byteplus api seedance,byteplus api seedance,CANONICAL,0,126,--,KEEP_P0,ZERO_VOLUME_RELEVANT,API / Developer,普通子页面：用于稳定、长期、功能型或明确独立意图；围绕主题完整回答并链接核心页。,BUILD_P0
/seedance-api,SUBPAGE,P0,NEW,API,/seedance-2-0;/seedance-2-5/api,"Seedance API: Access, Pricing, Providers & Examples",Seedance API,63,TYPO_SUPPORT,seeddance 2 api,seedance 2 api,TYPO,0,122,38,KEEP_P0,ZERO_VOLUME_RELEVANT,API / Developer,普通子页面：用于稳定、长期、功能型或明确独立意图；围绕主题完整回答并链接核心页。,BUILD_P0
/seedance-api,SUBPAGE,P0,NEW,API,/seedance-2-0;/seedance-2-5/api,"Seedance API: Access, Pricing, Providers & Examples",Seedance API,64,ZERO_VOLUME_SUPPORT,byteplus seedance api,byteplus seedance api,CANONICAL,0,115,--,KEEP_P0,ZERO_VOLUME_RELEVANT,API / Developer,普通子页面：用于稳定、长期、功能型或明确独立意图；围绕主题完整回答并链接核心页。,BUILD_P0
/seedance-api,SUBPAGE,P0,NEW,API,/seedance-2-0;/seedance-2-5/api,"Seedance API: Access, Pricing, Providers & Examples",Seedance API,65,ZERO_VOLUME_SUPPORT,api key seedance 2.0,api key seedance 2.0,CANONICAL,0,107,11,KEEP_P1,ZERO_VOLUME_RELEVANT,API / Developer,普通子页面：用于稳定、长期、功能型或明确独立意图；围绕主题完整回答并链接核心页。,BUILD_P0
/seedance-api,SUBPAGE,P0,NEW,API,/seedance-2-0;/seedance-2-5/api,"Seedance API: Access, Pricing, Providers & Examples",Seedance API,66,ZERO_VOLUME_SUPPORT,byteplus seedance 2 api,byteplus seedance 2 api,CANONICAL,0,105,28,KEEP_P0,ZERO_VOLUME_RELEVANT,API / Developer,普通子页面：用于稳定、长期、功能型或明确独立意图；围绕主题完整回答并链接核心页。,BUILD_P0
/seedance-api,SUBPAGE,P0,NEW,API,/seedance-2-0;/seedance-2-5/api,"Seedance API: Access, Pricing, Providers & Examples",Seedance API,67,ZERO_VOLUME_SUPPORT,seedance 2.0 cheap api,seedance 2.0 cheap api,CANONICAL,0,102,--,KEEP_P1,ZERO_VOLUME_RELEVANT,API / Developer,普通子页面：用于稳定、长期、功能型或明确独立意图；围绕主题完整回答并链接核心页。,BUILD_P0
/seedance-api,SUBPAGE,P0,NEW,API,/seedance-2-0;/seedance-2-5/api,"Seedance API: Access, Pricing, Providers & Examples",Seedance API,68,ZERO_VOLUME_SUPPORT,free seedance 2.0 api,free seedance 2.0 api,CANONICAL,0,98,--,KEEP_P2,ZERO_VOLUME_RELEVANT,API / Developer,普通子页面：用于稳定、长期、功能型或明确独立意图；围绕主题完整回答并链接核心页。,BUILD_P0
/seedance-api,SUBPAGE,P0,NEW,API,/seedance-2-0;/seedance-2-5/api,"Seedance API: Access, Pricing, Providers & Examples",Seedance API,69,ZERO_VOLUME_SUPPORT,seedance 2.0 api文档,seedance 2.0 api文档,CANONICAL,0,90,--,KEEP_P0,ZERO_VOLUME_RELEVANT,API / Developer,普通子页面：用于稳定、长期、功能型或明确独立意图；围绕主题完整回答并链接核心页。,BUILD_P0
/seedance-api,SUBPAGE,P0,NEW,API,/seedance-2-0;/seedance-2-5/api,"Seedance API: Access, Pricing, Providers & Examples",Seedance API,70,ZERO_VOLUME_SUPPORT,dola seedance 2.0 api code,dola seedance 2.0 api code,CANONICAL,0,84,3,KEEP_P2,ZERO_VOLUME_RELEVANT,API / Developer,普通子页面：用于稳定、长期、功能型或明确独立意图；围绕主题完整回答并链接核心页。,BUILD_P0
/seedance-api,SUBPAGE,P0,NEW,API,/seedance-2-0;/seedance-2-5/api,"Seedance API: Access, Pricing, Providers & Examples",Seedance API,71,ZERO_VOLUME_SUPPORT,comfyui seedance 2.0 api,comfyui seedance 2.0 api,CANONICAL,0,82,2,KEEP_P2,ZERO_VOLUME_RELEVANT,API / Developer,普通子页面：用于稳定、长期、功能型或明确独立意图；围绕主题完整回答并链接核心页。,BUILD_P0
/seedance-api,SUBPAGE,P0,NEW,API,/seedance-2-0;/seedance-2-5/api,"Seedance API: Access, Pricing, Providers & Examples",Seedance API,72,ZERO_VOLUME_SUPPORT,seedance 2.0 api pricing cheapest,seedance 2.0 api pricing cheapest,CANONICAL,0,81,4,KEEP_P2,ZERO_VOLUME_RELEVANT,API / Developer,普通子页面：用于稳定、长期、功能型或明确独立意图；围绕主题完整回答并链接核心页。,BUILD_P0
/seedance-api,SUBPAGE,P0,NEW,API,/seedance-2-0;/seedance-2-5/api,"Seedance API: Access, Pricing, Providers & Examples",Seedance API,73,ZERO_VOLUME_SUPPORT,seedance 2.0 接口,seedance 2.0 接口,CANONICAL,0,80,--,KEEP_P0,ZERO_VOLUME_RELEVANT,2.0 Core / Generator,普通子页面：用于稳定、长期、功能型或明确独立意图；围绕主题完整回答并链接核心页。,BUILD_P0
/seedance-api,SUBPAGE,P0,NEW,API,/seedance-2-0;/seedance-2-5/api,"Seedance API: Access, Pricing, Providers & Examples",Seedance API,74,ZERO_VOLUME_SUPPORT,seedance2.0 api 价格,seedance2.0 api 价格,CANONICAL,0,79,--,KEEP_P2,ZERO_VOLUME_RELEVANT,API / Developer,普通子页面：用于稳定、长期、功能型或明确独立意图；围绕主题完整回答并链接核心页。,BUILD_P0
/seedance-api,SUBPAGE,P0,NEW,API,/seedance-2-0;/seedance-2-5/api,"Seedance API: Access, Pricing, Providers & Examples",Seedance API,75,ZERO_VOLUME_SUPPORT,how much is seedance api,how much is seedance api,CANONICAL,0,76,17,KEEP_P0,ZERO_VOLUME_RELEVANT,API / Developer,普通子页面：用于稳定、长期、功能型或明确独立意图；围绕主题完整回答并链接核心页。,BUILD_P0
/seedance-api,SUBPAGE,P0,NEW,API,/seedance-2-0;/seedance-2-5/api,"Seedance API: Access, Pricing, Providers & Examples",Seedance API,76,ZERO_VOLUME_SUPPORT,custo do seedance via api,custo do seedance via api,CANONICAL,0,72,--,KEEP_P0,ZERO_VOLUME_RELEVANT,API / Developer,普通子页面：用于稳定、长期、功能型或明确独立意图；围绕主题完整回答并链接核心页。,BUILD_P0
/seedance-api,SUBPAGE,P0,NEW,API,/seedance-2-0;/seedance-2-5/api,"Seedance API: Access, Pricing, Providers & Examples",Seedance API,77,ZERO_VOLUME_SUPPORT,bytedance seedance 2 api,bytedance seedance 2 api,CANONICAL,0,68,--,KEEP_P0,ZERO_VOLUME_RELEVANT,API / Developer,普通子页面：用于稳定、长期、功能型或明确独立意图；围绕主题完整回答并链接核心页。,BUILD_P0
/seedance-api,SUBPAGE,P0,NEW,API,/seedance-2-0;/seedance-2-5/api,"Seedance API: Access, Pricing, Providers & Examples",Seedance API,78,ZERO_VOLUME_SUPPORT,seedance 2.0 api fal ai,seedance 2.0 api fal ai,CANONICAL,0,66,--,KEEP_P2,ZERO_VOLUME_RELEVANT,API / Developer,普通子页面：用于稳定、长期、功能型或明确独立意图；围绕主题完整回答并链接核心页。,BUILD_P0
/seedance-api,SUBPAGE,P0,NEW,API,/seedance-2-0;/seedance-2-5/api,"Seedance API: Access, Pricing, Providers & Examples",Seedance API,79,ZERO_VOLUME_SUPPORT,higgsfield api to seedance,higgsfield api to seedance,CANONICAL,0,63,--,KEEP_P0,ZERO_VOLUME_RELEVANT,API / Developer,普通子页面：用于稳定、长期、功能型或明确独立意图；围绕主题完整回答并链接核心页。,BUILD_P0
/seedance-api,SUBPAGE,P0,NEW,API,/seedance-2-0;/seedance-2-5/api,"Seedance API: Access, Pricing, Providers & Examples",Seedance API,80,ZERO_VOLUME_SUPPORT,higgsfild api to seedance,higgsfild api to seedance,CANONICAL,0,62,--,KEEP_P0,ZERO_VOLUME_RELEVANT,API / Developer,普通子页面：用于稳定、长期、功能型或明确独立意图；围绕主题完整回答并链接核心页。,BUILD_P0
/seedance-api,SUBPAGE,P0,NEW,API,/seedance-2-0;/seedance-2-5/api,"Seedance API: Access, Pricing, Providers & Examples",Seedance API,81,ZERO_VOLUME_SUPPORT,seedance-2.0 api,seedance-2.0 api,CANONICAL,0,61,--,KEEP_P0,ZERO_VOLUME_RELEVANT,API / Developer,普通子页面：用于稳定、长期、功能型或明确独立意图；围绕主题完整回答并链接核心页。,BUILD_P0
/seedance-api,SUBPAGE,P0,NEW,API,/seedance-2-0;/seedance-2-5/api,"Seedance API: Access, Pricing, Providers & Examples",Seedance API,82,ZERO_VOLUME_SUPPORT,seedance 2.0 free unlimited api,seedance 2.0 free unlimited api,CANONICAL,0,57,--,KEEP_P2,ZERO_VOLUME_RELEVANT,API / Developer,普通子页面：用于稳定、长期、功能型或明确独立意图；围绕主题完整回答并链接核心页。,BUILD_P0
/seedance-api,SUBPAGE,P0,NEW,API,/seedance-2-0;/seedance-2-5/api,"Seedance API: Access, Pricing, Providers & Examples",Seedance API,83,ZERO_VOLUME_SUPPORT,seedance 2.0 documentation pdf,seedance 2.0 documentation pdf,CANONICAL,0,55,--,KEEP_P2,ZERO_VOLUME_RELEVANT,API / Developer,普通子页面：用于稳定、长期、功能型或明确独立意图；围绕主题完整回答并链接核心页。,BUILD_P0
/seedance-api,SUBPAGE,P0,NEW,API,/seedance-2-0;/seedance-2-5/api,"Seedance API: Access, Pricing, Providers & Examples",Seedance API,84,TYPO_SUPPORT,seeddance 2 no restrictions api,seedance 2 no restrictions api,TYPO,0,55,37,KEEP_P0,ZERO_VOLUME_RELEVANT,API / Developer,普通子页面：用于稳定、长期、功能型或明确独立意图；围绕主题完整回答并链接核心页。,BUILD_P0
/seedance-api,SUBPAGE,P0,NEW,API,/seedance-2-0;/seedance-2-5/api,"Seedance API: Access, Pricing, Providers & Examples",Seedance API,85,ZERO_VOLUME_SUPPORT,sub2api seedance,sub2api seedance,CANONICAL,0,54,--,KEEP_P2,ZERO_VOLUME_RELEVANT,API / Developer,普通子页面：用于稳定、长期、功能型或明确独立意图；围绕主题完整回答并链接核心页。,BUILD_P0
/seedance-api,SUBPAGE,P0,NEW,API,/seedance-2-0;/seedance-2-5/api,"Seedance API: Access, Pricing, Providers & Examples",Seedance API,86,TYPO_SUPPORT,seadance 2.0 api,seedance 2.0 api,TYPO_BRAND_OVERLAP,270,107,--,KEEP_P1,HAS_VOLUME,API / Developer,普通子页面：用于稳定、长期、功能型或明确独立意图；围绕主题完整回答并链接核心页。,BUILD_P0
/seedance-api,SUBPAGE,P0,NEW,API,/seedance-2-0;/seedance-2-5/api,"Seedance API: Access, Pricing, Providers & Examples",Seedance API,87,TYPO_SUPPORT,seeddance 2.0 api access,seedance 2.0 api access,TYPO,230,46,--,KEEP_P1,HAS_VOLUME,API / Developer,普通子页面：用于稳定、长期、功能型或明确独立意图；围绕主题完整回答并链接核心页。,BUILD_P0
/seedance-api,SUBPAGE,P0,NEW,API,/seedance-2-0;/seedance-2-5/api,"Seedance API: Access, Pricing, Providers & Examples",Seedance API,88,TYPO_SUPPORT,free ai video create seedence api,free ai video create seedance api,TYPO,210,8,--,KEEP_P0,HAS_VOLUME,API / Developer,普通子页面：用于稳定、长期、功能型或明确独立意图；围绕主题完整回答并链接核心页。,BUILD_P0
/seedance-api,SUBPAGE,P0,NEW,API,/seedance-2-0;/seedance-2-5/api,"Seedance API: Access, Pricing, Providers & Examples",Seedance API,89,TYPO_SUPPORT,seed dance api,seedance api,TYPO,150,197,23,KEEP_P0,HAS_VOLUME,API / Developer,普通子页面：用于稳定、长期、功能型或明确独立意图；围绕主题完整回答并链接核心页。,BUILD_P0
/seedance-api,SUBPAGE,P0,NEW,API,/seedance-2-0;/seedance-2-5/api,"Seedance API: Access, Pricing, Providers & Examples",Seedance API,90,TYPO_SUPPORT,seed dance 2.0 api,seedance 2.0 api,TYPO,80,161,--,KEEP_P1,HAS_VOLUME,API / Developer,普通子页面：用于稳定、长期、功能型或明确独立意图；围绕主题完整回答并链接核心页。,BUILD_P0
/seedance-api,SUBPAGE,P0,NEW,API,/seedance-2-0;/seedance-2-5/api,"Seedance API: Access, Pricing, Providers & Examples",Seedance API,91,TYPO_SUPPORT,seedence api,seedance api,TYPO,50,52,--,KEEP_P0,HAS_VOLUME,API / Developer,普通子页面：用于稳定、长期、功能型或明确独立意图；围绕主题完整回答并链接核心页。,BUILD_P0
/seedance-api,SUBPAGE,P0,NEW,API,/seedance-2-0;/seedance-2-5/api,"Seedance API: Access, Pricing, Providers & Examples",Seedance API,92,TYPO_SUPPORT,seednace api,seedance api,TYPO,40,54,--,KEEP_P0,HAS_VOLUME,API / Developer,普通子页面：用于稳定、长期、功能型或明确独立意图；围绕主题完整回答并链接核心页。,BUILD_P0
/seedance-api,SUBPAGE,P0,NEW,API,/seedance-2-0;/seedance-2-5/api,"Seedance API: Access, Pricing, Providers & Examples",Seedance API,93,TYPO_SUPPORT,seeddance 2 api may contain real person,seedance 2 api may contain real person,TYPO,0,42,--,KEEP_P0,ZERO_VOLUME_RELEVANT,API / Developer,普通子页面：用于稳定、长期、功能型或明确独立意图；围绕主题完整回答并链接核心页。,BUILD_P0
/seedance-api,SUBPAGE,P0,NEW,API,/seedance-2-0;/seedance-2-5/api,"Seedance API: Access, Pricing, Providers & Examples",Seedance API,94,TYPO_SUPPORT,seeddance 2.0 creditos api,seedance 2.0 creditos api,TYPO,0,38,12,KEEP_P2,ZERO_VOLUME_RELEVANT,API / Developer,普通子页面：用于稳定、长期、功能型或明确独立意图；围绕主题完整回答并链接核心页。,BUILD_P0
/seedance-api,SUBPAGE,P0,NEW,API,/seedance-2-0;/seedance-2-5/api,"Seedance API: Access, Pricing, Providers & Examples",Seedance API,95,TYPO_SUPPORT,seadance 2 api,seedance 2 api,TYPO_BRAND_OVERLAP,0,30,--,KEEP_P0,ZERO_VOLUME_RELEVANT,API / Developer,普通子页面：用于稳定、长期、功能型或明确独立意图；围绕主题完整回答并链接核心页。,BUILD_P0
/seedance-pricing,SUBPAGE,P0,NEW,PRICING,/pricing;/seedance-2-5/pricing,"Seedance Pricing: Price, Free Access & Plans Explained",Seedance Pricing,1,PRIMARY,seedance free,seedance free,CANONICAL,19340,6289,41,KEEP_P0,HAS_VOLUME,Generic Pricing / Free / Unlimited,普通子页面：用于稳定、长期、功能型或明确独立意图；围绕主题完整回答并链接核心页。,BUILD_P0
/seedance-pricing,SUBPAGE,P0,NEW,PRICING,/pricing;/seedance-2-5/pricing,"Seedance Pricing: Price, Free Access & Plans Explained",Seedance Pricing,2,PRIMARY,seedance pricing,seedance pricing,CANONICAL,15990,5088,9,KEEP_P0,HAS_VOLUME,Generic Pricing / Free / Unlimited,普通子页面：用于稳定、长期、功能型或明确独立意图；围绕主题完整回答并链接核心页。,BUILD_P0
/seedance-pricing,SUBPAGE,P0,NEW,PRICING,/pricing;/seedance-2-5/pricing,"Seedance Pricing: Price, Free Access & Plans Explained",Seedance Pricing,3,PRIMARY,seedance unlimited,seedance unlimited,CANONICAL,10720,1400,39,KEEP_P0,HAS_VOLUME,Generic Pricing / Free / Unlimited,普通子页面：用于稳定、长期、功能型或明确独立意图；围绕主题完整回答并链接核心页。,BUILD_P0
/seedance-pricing,SUBPAGE,P0,NEW,PRICING,/pricing;/seedance-2-5/pricing,"Seedance Pricing: Price, Free Access & Plans Explained",Seedance Pricing,4,PRIMARY,is seedance free,is seedance free,CANONICAL,8630,3763,37,KEEP_P0,HAS_VOLUME,Generic Pricing / Free / Unlimited,普通子页面：用于稳定、长期、功能型或明确独立意图；围绕主题完整回答并链接核心页。,BUILD_P0
/seedance-pricing,SUBPAGE,P0,NEW,PRICING,/pricing;/seedance-2-5/pricing,"Seedance Pricing: Price, Free Access & Plans Explained",Seedance Pricing,5,PRIMARY,free seedance,free seedance,CANONICAL,7350,1670,60,KEEP_P0,HAS_VOLUME,Generic Pricing / Free / Unlimited,普通子页面：用于稳定、长期、功能型或明确独立意图；围绕主题完整回答并链接核心页。,BUILD_P0
/seedance-pricing,SUBPAGE,P0,NEW,PRICING,/pricing;/seedance-2-5/pricing,"Seedance Pricing: Price, Free Access & Plans Explained",Seedance Pricing,6,PRIMARY,seedance 2 free,seedance 2 free,CANONICAL,6530,3529,47,KEEP_P0,HAS_VOLUME,Generic Pricing / Free / Unlimited,普通子页面：用于稳定、长期、功能型或明确独立意图；围绕主题完整回答并链接核心页。,BUILD_P0
/seedance-pricing,SUBPAGE,P0,NEW,PRICING,/pricing;/seedance-2-5/pricing,"Seedance Pricing: Price, Free Access & Plans Explained",Seedance Pricing,7,PRIMARY,seedance free trial,seedance free trial,CANONICAL,6050,2202,52,KEEP_P0,HAS_VOLUME,Generic Pricing / Free / Unlimited,普通子页面：用于稳定、长期、功能型或明确独立意图；围绕主题完整回答并链接核心页。,BUILD_P0
/seedance-pricing,SUBPAGE,P0,NEW,PRICING,/pricing;/seedance-2-5/pricing,"Seedance Pricing: Price, Free Access & Plans Explained",Seedance Pricing,8,PRIMARY,unlimited seedance,unlimited seedance,CANONICAL,5470,940,14,KEEP_P0,HAS_VOLUME,Generic Pricing / Free / Unlimited,普通子页面：用于稳定、长期、功能型或明确独立意图；围绕主题完整回答并链接核心页。,BUILD_P0
/seedance-pricing,SUBPAGE,P0,NEW,PRICING,/pricing;/seedance-2-5/pricing,"Seedance Pricing: Price, Free Access & Plans Explained",Seedance Pricing,9,SECONDARY,seedance 料金,seedance 料金,CANONICAL,4850,785,4,KEEP_P0,HAS_VOLUME,Generic Pricing / Free / Unlimited,普通子页面：用于稳定、长期、功能型或明确独立意图；围绕主题完整回答并链接核心页。,BUILD_P0
/seedance-pricing,SUBPAGE,P0,NEW,PRICING,/pricing;/seedance-2-5/pricing,"Seedance Pricing: Price, Free Access & Plans Explained",Seedance Pricing,10,SECONDARY,seedance price,seedance price,CANONICAL,4170,1919,7,KEEP_P0,HAS_VOLUME,Generic Pricing / Free / Unlimited,普通子页面：用于稳定、长期、功能型或明确独立意图；围绕主题完整回答并链接核心页。,BUILD_P0
/seedance-pricing,SUBPAGE,P0,NEW,PRICING,/pricing;/seedance-2-5/pricing,"Seedance Pricing: Price, Free Access & Plans Explained",Seedance Pricing,11,SECONDARY,seedance subscription,seedance subscription,CANONICAL,3670,581,26,KEEP_P0,HAS_VOLUME,Generic Pricing / Free / Unlimited,普通子页面：用于稳定、长期、功能型或明确独立意图；围绕主题完整回答并链接核心页。,BUILD_P0
/seedance-pricing,SUBPAGE,P0,NEW,PRICING,/pricing;/seedance-2-5/pricing,"Seedance Pricing: Price, Free Access & Plans Explained",Seedance Pricing,12,SECONDARY,free seedance ai,free seedance ai,CANONICAL,2940,862,58,KEEP_P0,HAS_VOLUME,Generic Pricing / Free / Unlimited,普通子页面：用于稳定、长期、功能型或明确独立意图；围绕主题完整回答并链接核心页。,BUILD_P0
/seedance-pricing,SUBPAGE,P0,NEW,PRICING,/pricing;/seedance-2-5/pricing,"Seedance Pricing: Price, Free Access & Plans Explained",Seedance Pricing,13,SECONDARY,seedance free use,seedance free use,CANONICAL,2710,593,47,KEEP_P0,HAS_VOLUME,Generic Pricing / Free / Unlimited,普通子页面：用于稳定、长期、功能型或明确独立意图；围绕主题完整回答并链接核心页。,BUILD_P0
/seedance-pricing,SUBPAGE,P0,NEW,PRICING,/pricing;/seedance-2-5/pricing,"Seedance Pricing: Price, Free Access & Plans Explained",Seedance Pricing,14,SECONDARY,seedance for free,seedance for free,CANONICAL,2680,1054,65,KEEP_P0,HAS_VOLUME,Generic Pricing / Free / Unlimited,普通子页面：用于稳定、长期、功能型或明确独立意图；围绕主题完整回答并链接核心页。,BUILD_P0
/seedance-pricing,SUBPAGE,P0,NEW,PRICING,/pricing;/seedance-2-5/pricing,"Seedance Pricing: Price, Free Access & Plans Explained",Seedance Pricing,15,SECONDARY,seedance unlimited free,seedance unlimited free,CANONICAL,2410,43,--,KEEP_P0,HAS_VOLUME,Generic Pricing / Free / Unlimited,普通子页面：用于稳定、长期、功能型或明确独立意图；围绕主题完整回答并链接核心页。,BUILD_P0
/seedance-pricing,SUBPAGE,P0,NEW,PRICING,/pricing;/seedance-2-5/pricing,"Seedance Pricing: Price, Free Access & Plans Explained",Seedance Pricing,16,SECONDARY,free seedance 2,free seedance 2,CANONICAL,2380,641,66,KEEP_P0,HAS_VOLUME,Generic Pricing / Free / Unlimited,普通子页面：用于稳定、长期、功能型或明确独立意图；围绕主题完整回答并链接核心页。,BUILD_P0
/seedance-pricing,SUBPAGE,P0,NEW,PRICING,/pricing;/seedance-2-5/pricing,"Seedance Pricing: Price, Free Access & Plans Explained",Seedance Pricing,17,SECONDARY,seedance free unlimited,seedance free unlimited,CANONICAL,2380,486,42,KEEP_P0,HAS_VOLUME,Generic Pricing / Free / Unlimited,普通子页面：用于稳定、长期、功能型或明确独立意图；围绕主题完整回答并链接核心页。,BUILD_P0
/seedance-pricing,SUBPAGE,P0,NEW,PRICING,/pricing;/seedance-2-5/pricing,"Seedance Pricing: Price, Free Access & Plans Explained",Seedance Pricing,18,SECONDARY,"why do my seedance on capcut keeps telling me couldn't generate, credits returned?","why do my seedance on capcut keeps telling me couldn't generate, credits returned?",CANONICAL,2270,0,--,KEEP_P0,HAS_VOLUME,Generic Pricing / Free / Unlimited,普通子页面：用于稳定、长期、功能型或明确独立意图；围绕主题完整回答并链接核心页。,BUILD_P0
/seedance-pricing,SUBPAGE,P0,NEW,PRICING,/pricing;/seedance-2-5/pricing,"Seedance Pricing: Price, Free Access & Plans Explained",Seedance Pricing,19,SECONDARY,free seedance video generator,free seedance video generator,CANONICAL,2090,394,55,KEEP_P0,HAS_VOLUME,Generic Pricing / Free / Unlimited,普通子页面：用于稳定、长期、功能型或明确独立意图；围绕主题完整回答并链接核心页。,BUILD_P0
/seedance-pricing,SUBPAGE,P0,NEW,PRICING,/pricing;/seedance-2-5/pricing,"Seedance Pricing: Price, Free Access & Plans Explained",Seedance Pricing,20,SECONDARY,higgsfield seedance unlimited,higgsfield seedance unlimited,CANONICAL,2030,577,--,KEEP_P0,HAS_VOLUME,Generic Pricing / Free / Unlimited,普通子页面：用于稳定、长期、功能型或明确独立意图；围绕主题完整回答并链接核心页。,BUILD_P0
/seedance-pricing,SUBPAGE,P0,NEW,PRICING,/pricing;/seedance-2-5/pricing,"Seedance Pricing: Price, Free Access & Plans Explained",Seedance Pricing,21,SECONDARY,seedance trial,seedance trial,CANONICAL,2010,490,68,KEEP_P0,HAS_VOLUME,Generic Pricing / Free / Unlimited,普通子页面：用于稳定、长期、功能型或明确独立意图；围绕主题完整回答并链接核心页。,BUILD_P0
/seedance-pricing,SUBPAGE,P0,NEW,PRICING,/pricing;/seedance-2-5/pricing,"Seedance Pricing: Price, Free Access & Plans Explained",Seedance Pricing,22,SECONDARY,seedance 無料,seedance 無料,CANONICAL,1990,1378,--,KEEP_P0,HAS_VOLUME,Generic Pricing / Free / Unlimited,普通子页面：用于稳定、长期、功能型或明确独立意图；围绕主题完整回答并链接核心页。,BUILD_P0
/seedance-pricing,SUBPAGE,P0,NEW,PRICING,/pricing;/seedance-2-5/pricing,"Seedance Pricing: Price, Free Access & Plans Explained",Seedance Pricing,23,TYPO_SUPPORT,free sedance,free seedance,TYPO,1870,148,--,KEEP_P0,HAS_VOLUME,Generic Pricing / Free / Unlimited,普通子页面：用于稳定、长期、功能型或明确独立意图；围绕主题完整回答并链接核心页。,BUILD_P0
/seedance-pricing,SUBPAGE,P0,NEW,PRICING,/pricing;/seedance-2-5/pricing,"Seedance Pricing: Price, Free Access & Plans Explained",Seedance Pricing,24,SECONDARY,seedance gratis,seedance gratis,CANONICAL,1850,1491,55,KEEP_P0,HAS_VOLUME,Generic Pricing / Free / Unlimited,普通子页面：用于稳定、长期、功能型或明确独立意图；围绕主题完整回答并链接核心页。,BUILD_P0
/seedance-pricing,SUBPAGE,P0,NEW,PRICING,/pricing;/seedance-2-5/pricing,"Seedance Pricing: Price, Free Access & Plans Explained",Seedance Pricing,25,SECONDARY,which ai is free for video generation ? is seedance free?,which ai is free for video generation ? is seedance free?,CANONICAL,1840,0,--,KEEP_P0,HAS_VOLUME,Generic Pricing / Free / Unlimited,普通子页面：用于稳定、长期、功能型或明确独立意图；围绕主题完整回答并链接核心页。,BUILD_P0
/seedance-pricing,SUBPAGE,P0,NEW,PRICING,/pricing;/seedance-2-5/pricing,"Seedance Pricing: Price, Free Access & Plans Explained",Seedance Pricing,26,SECONDARY,seedance unlimited plan,seedance unlimited plan,CANONICAL,1710,460,21,KEEP_P0,HAS_VOLUME,Generic Pricing / Free / Unlimited,普通子页面：用于稳定、长期、功能型或明确独立意图；围绕主题完整回答并链接核心页。,BUILD_P0
/seedance-pricing,SUBPAGE,P0,NEW,PRICING,/pricing;/seedance-2-5/pricing,"Seedance Pricing: Price, Free Access & Plans Explained",Seedance Pricing,27,SECONDARY,artlist unlimited seedance,artlist unlimited seedance,CANONICAL,1640,0,--,KEEP_P0,HAS_VOLUME,Generic Pricing / Free / Unlimited,普通子页面：用于稳定、长期、功能型或明确独立意图；围绕主题完整回答并链接核心页。,BUILD_P0
/seedance-pricing,SUBPAGE,P0,NEW,PRICING,/pricing;/seedance-2-5/pricing,"Seedance Pricing: Price, Free Access & Plans Explained",Seedance Pricing,28,SECONDARY,try seedance for free,try seedance for free,CANONICAL,1630,300,40,KEEP_P0,HAS_VOLUME,Generic Pricing / Free / Unlimited,普通子页面：用于稳定、长期、功能型或明确独立意图；围绕主题完整回答并链接核心页。,BUILD_P0
/seedance-pricing,SUBPAGE,P0,NEW,PRICING,/pricing;/seedance-2-5/pricing,"Seedance Pricing: Price, Free Access & Plans Explained",Seedance Pricing,29,TYPO_SUPPORT,seeddance free,seedance free,TYPO,1550,304,49,KEEP_P0,HAS_VOLUME,Generic Pricing / Free / Unlimited,普通子页面：用于稳定、长期、功能型或明确独立意图；围绕主题完整回答并链接核心页。,BUILD_P0
/seedance-pricing,SUBPAGE,P0,NEW,PRICING,/pricing;/seedance-2-5/pricing,"Seedance Pricing: Price, Free Access & Plans Explained",Seedance Pricing,30,SECONDARY,seedance gratis ilimitado,seedance gratis ilimitado,CANONICAL,1500,0,--,KEEP_P0,HAS_VOLUME,Generic Pricing / Free / Unlimited,普通子页面：用于稳定、长期、功能型或明确独立意图；围绕主题完整回答并链接核心页。,BUILD_P0
/seedance-pricing,SUBPAGE,P0,NEW,PRICING,/pricing;/seedance-2-5/pricing,"Seedance Pricing: Price, Free Access & Plans Explained",Seedance Pricing,31,SECONDARY,seedance free try,seedance free try,CANONICAL,1440,101,--,KEEP_P0,HAS_VOLUME,Generic Pricing / Free / Unlimited,普通子页面：用于稳定、长期、功能型或明确独立意图；围绕主题完整回答并链接核心页。,BUILD_P0
/seedance-pricing,SUBPAGE,P0,NEW,PRICING,/pricing;/seedance-2-5/pricing,"Seedance Pricing: Price, Free Access & Plans Explained",Seedance Pricing,32,SECONDARY,how much does it cost to generate a 5s clip from seedance?,how much does it cost to generate a 5s clip from seedance?,CANONICAL,1440,0,--,KEEP_P0,HAS_VOLUME,Generic Pricing / Free / Unlimited,普通子页面：用于稳定、长期、功能型或明确独立意图；围绕主题完整回答并链接核心页。,BUILD_P0
/seedance-pricing,SUBPAGE,P0,NEW,PRICING,/pricing;/seedance-2-5/pricing,"Seedance Pricing: Price, Free Access & Plans Explained",Seedance Pricing,33,SECONDARY,seedance cost,seedance cost,CANONICAL,1430,592,12,KEEP_P0,HAS_VOLUME,Generic Pricing / Free / Unlimited,普通子页面：用于稳定、长期、功能型或明确独立意图；围绕主题完整回答并链接核心页。,BUILD_P0
/seedance-pricing,SUBPAGE,P0,NEW,PRICING,/pricing;/seedance-2-5/pricing,"Seedance Pricing: Price, Free Access & Plans Explained",Seedance Pricing,34,SECONDARY,higgsfield unlimited seedance,higgsfield unlimited seedance,CANONICAL,1410,283,--,KEEP_P0,HAS_VOLUME,Generic Pricing / Free / Unlimited,普通子页面：用于稳定、长期、功能型或明确独立意图；围绕主题完整回答并链接核心页。,BUILD_P0
/seedance-pricing,SUBPAGE,P0,NEW,PRICING,/pricing;/seedance-2-5/pricing,"Seedance Pricing: Price, Free Access & Plans Explained",Seedance Pricing,35,SECONDARY,cheapest seedance,cheapest seedance,CANONICAL,1330,202,7,KEEP_P0,HAS_VOLUME,Generic Pricing / Free / Unlimited,普通子页面：用于稳定、长期、功能型或明确独立意图；围绕主题完整回答并链接核心页。,BUILD_P0
/seedance-pricing,SUBPAGE,P0,NEW,PRICING,/pricing;/seedance-2-5/pricing,"Seedance Pricing: Price, Free Access & Plans Explained",Seedance Pricing,36,SECONDARY,seedance pricing india,seedance pricing india,CANONICAL,1250,20,--,KEEP_P0,HAS_VOLUME,Generic Pricing / Free / Unlimited,普通子页面：用于稳定、长期、功能型或明确独立意图；围绕主题完整回答并链接核心页。,BUILD_P0
/seedance-pricing,SUBPAGE,P0,NEW,PRICING,/pricing;/seedance-2-5/pricing,"Seedance Pricing: Price, Free Access & Plans Explained",Seedance Pricing,37,SECONDARY,free seedance prompt for cinamatic traler,free seedance prompt for cinamatic traler,CANONICAL,1210,0,--,KEEP_P0,HAS_VOLUME,Generic Pricing / Free / Unlimited,普通子页面：用于稳定、长期、功能型或明确独立意图；围绕主题完整回答并链接核心页。,BUILD_P0
/seedance-pricing,SUBPAGE,P0,NEW,PRICING,/pricing;/seedance-2-5/pricing,"Seedance Pricing: Price, Free Access & Plans Explained",Seedance Pricing,38,TYPO_SUPPORT,seadance image editor free,seedance image editor free,TYPO_BRAND_OVERLAP,1190,0,--,KEEP_P0,HAS_VOLUME,Generic Pricing / Free / Unlimited,普通子页面：用于稳定、长期、功能型或明确独立意图；围绕主题完整回答并链接核心页。,BUILD_P0
/seedance-pricing,SUBPAGE,P0,NEW,PRICING,/pricing;/seedance-2-5/pricing,"Seedance Pricing: Price, Free Access & Plans Explained",Seedance Pricing,39,SECONDARY,como usar o seedance gratis,como usar o seedance gratis,CANONICAL,1170,199,--,KEEP_P0,HAS_VOLUME,Generic Pricing / Free / Unlimited,普通子页面：用于稳定、长期、功能型或明确独立意图；围绕主题完整回答并链接核心页。,BUILD_P0
/seedance-pricing,SUBPAGE,P0,NEW,PRICING,/pricing;/seedance-2-5/pricing,"Seedance Pricing: Price, Free Access & Plans Explained",Seedance Pricing,40,SECONDARY,seedance 2 price,seedance 2 price,CANONICAL,1150,462,29,KEEP_P0,HAS_VOLUME,Generic Pricing / Free / Unlimited,普通子页面：用于稳定、长期、功能型或明确独立意图；围绕主题完整回答并链接核心页。,BUILD_P0
/seedance-pricing,SUBPAGE,P0,NEW,PRICING,/pricing;/seedance-2-5/pricing,"Seedance Pricing: Price, Free Access & Plans Explained",Seedance Pricing,41,SECONDARY,seedance 2 pricing,seedance 2 pricing,CANONICAL,1130,1061,14,KEEP_P0,HAS_VOLUME,Generic Pricing / Free / Unlimited,普通子页面：用于稳定、长期、功能型或明确独立意图；围绕主题完整回答并链接核心页。,BUILD_P0
/seedance-pricing,SUBPAGE,P0,NEW,PRICING,/pricing;/seedance-2-5/pricing,"Seedance Pricing: Price, Free Access & Plans Explained",Seedance Pricing,42,SECONDARY,seedance free daily credits,seedance free daily credits,CANONICAL,1060,0,--,KEEP_P0,HAS_VOLUME,Generic Pricing / Free / Unlimited,普通子页面：用于稳定、长期、功能型或明确独立意图；围绕主题完整回答并链接核心页。,BUILD_P0
/seedance-pricing,SUBPAGE,P0,NEW,PRICING,/pricing;/seedance-2-5/pricing,"Seedance Pricing: Price, Free Access & Plans Explained",Seedance Pricing,43,SECONDARY,does seedance have free trial,does seedance have free trial,CANONICAL,1030,41,--,KEEP_P0,HAS_VOLUME,Generic Pricing / Free / Unlimited,普通子页面：用于稳定、长期、功能型或明确独立意图；围绕主题完整回答并链接核心页。,BUILD_P0
/seedance-pricing,SUBPAGE,P0,NEW,PRICING,/pricing;/seedance-2-5/pricing,"Seedance Pricing: Price, Free Access & Plans Explained",Seedance Pricing,44,SECONDARY,pro subscription capcut seedance how many credits,pro subscription capcut seedance how many credits,CANONICAL,1020,0,--,KEEP_P0,HAS_VOLUME,Generic Pricing / Free / Unlimited,普通子页面：用于稳定、长期、功能型或明确独立意图；围绕主题完整回答并链接核心页。,BUILD_P0
/seedance-pricing,SUBPAGE,P0,NEW,PRICING,/pricing;/seedance-2-5/pricing,"Seedance Pricing: Price, Free Access & Plans Explained",Seedance Pricing,45,SECONDARY,free seedance higgsfield,free seedance higgsfield,CANONICAL,1000,0,--,KEEP_P0,HAS_VOLUME,Generic Pricing / Free / Unlimited,普通子页面：用于稳定、长期、功能型或明确独立意图；围绕主题完整回答并链接核心页。,BUILD_P0
/seedance-pricing,SUBPAGE,P0,NEW,PRICING,/pricing;/seedance-2-5/pricing,"Seedance Pricing: Price, Free Access & Plans Explained",Seedance Pricing,46,SECONDARY,free trial seedance,free trial seedance,CANONICAL,990,83,50,KEEP_P1,HAS_VOLUME,Generic Pricing / Free / Unlimited,普通子页面：用于稳定、长期、功能型或明确独立意图；围绕主题完整回答并链接核心页。,BUILD_P0
/seedance-pricing,SUBPAGE,P0,NEW,PRICING,/pricing;/seedance-2-5/pricing,"Seedance Pricing: Price, Free Access & Plans Explained",Seedance Pricing,47,SECONDARY,how much seedance spending in operation cost,how much seedance spending in operation cost,CANONICAL,980,0,--,KEEP_P1,HAS_VOLUME,Generic Pricing / Free / Unlimited,普通子页面：用于稳定、长期、功能型或明确独立意图；围绕主题完整回答并链接核心页。,BUILD_P0
/seedance-pricing,SUBPAGE,P0,NEW,PRICING,/pricing;/seedance-2-5/pricing,"Seedance Pricing: Price, Free Access & Plans Explained",Seedance Pricing,48,SECONDARY,seedance pricing plan,seedance pricing plan,CANONICAL,960,151,7,KEEP_P1,HAS_VOLUME,Generic Pricing / Free / Unlimited,普通子页面：用于稳定、长期、功能型或明确独立意图；围绕主题完整回答并链接核心页。,BUILD_P0
/seedance-pricing,SUBPAGE,P0,NEW,PRICING,/pricing;/seedance-2-5/pricing,"Seedance Pricing: Price, Free Access & Plans Explained",Seedance Pricing,49,TYPO_SUPPORT,seadance puede ser gratis,seedance puede ser gratis,TYPO_BRAND_OVERLAP,950,0,--,KEEP_P2,HAS_VOLUME,Generic Pricing / Free / Unlimited,普通子页面：用于稳定、长期、功能型或明确独立意图；围绕主题完整回答并链接核心页。,BUILD_P0
/seedance-pricing,SUBPAGE,P0,NEW,PRICING,/pricing;/seedance-2-5/pricing,"Seedance Pricing: Price, Free Access & Plans Explained",Seedance Pricing,50,TYPO_SUPPORT,cual es la ultima version mas potente de seadance gratis,cual es la ultima version mas potente de seedance gratis,TYPO_BRAND_OVERLAP,940,0,--,KEEP_P2,HAS_VOLUME,Generic Pricing / Free / Unlimited,普通子页面：用于稳定、长期、功能型或明确独立意图；围绕主题完整回答并链接核心页。,BUILD_P0
/seedance-pricing,SUBPAGE,P0,NEW,PRICING,/pricing;/seedance-2-5/pricing,"Seedance Pricing: Price, Free Access & Plans Explained",Seedance Pricing,51,SECONDARY,seedance 价格,seedance 价格,CANONICAL,930,220,5,KEEP_P2,HAS_VOLUME,Homepage / Generic Seedance,普通子页面：用于稳定、长期、功能型或明确独立意图；围绕主题完整回答并链接核心页。,BUILD_P0
/seedance-pricing,SUBPAGE,P0,NEW,PRICING,/pricing;/seedance-2-5/pricing,"Seedance Pricing: Price, Free Access & Plans Explained",Seedance Pricing,52,SECONDARY,can i use comfyui to generate videos using seedance 2 for free?,can i use comfyui to generate videos using seedance 2 for free?,CANONICAL,920,134,--,KEEP_P1,HAS_VOLUME,Generic Pricing / Free / Unlimited,普通子页面：用于稳定、长期、功能型或明确独立意图；围绕主题完整回答并链接核心页。,BUILD_P0
/seedance-pricing,SUBPAGE,P0,NEW,PRICING,/pricing;/seedance-2-5/pricing,"Seedance Pricing: Price, Free Access & Plans Explained",Seedance Pricing,53,SECONDARY,seedance bytedance price,seedance bytedance price,CANONICAL,920,19,--,KEEP_P1,HAS_VOLUME,Generic Pricing / Free / Unlimited,普通子页面：用于稳定、长期、功能型或明确独立意图；围绕主题完整回答并链接核心页。,BUILD_P0
/seedance-pricing,SUBPAGE,P0,NEW,PRICING,/pricing;/seedance-2-5/pricing,"Seedance Pricing: Price, Free Access & Plans Explained",Seedance Pricing,54,SECONDARY,qual ia que tem varias ias tem o preço melhor para ter o seedance,qual ia que tem varias ias tem o preço melhor para ter o seedance,CANONICAL,920,0,--,KEEP_P2,HAS_VOLUME,Homepage / Generic Seedance,普通子页面：用于稳定、长期、功能型或明确独立意图；围绕主题完整回答并链接核心页。,BUILD_P0
/seedance-pricing,SUBPAGE,P0,NEW,PRICING,/pricing;/seedance-2-5/pricing,"Seedance Pricing: Price, Free Access & Plans Explained",Seedance Pricing,55,SECONDARY,seedance free redit,seedance free redit,CANONICAL,910,57,--,KEEP_P1,HAS_VOLUME,Generic Pricing / Free / Unlimited,普通子页面：用于稳定、长期、功能型或明确独立意图；围绕主题完整回答并链接核心页。,BUILD_P0
/seedance-pricing,SUBPAGE,P0,NEW,PRICING,/pricing;/seedance-2-5/pricing,"Seedance Pricing: Price, Free Access & Plans Explained",Seedance Pricing,56,SECONDARY,seedance video ai free,seedance video ai free,CANONICAL,900,139,74,KEEP_P1,HAS_VOLUME,Generic Pricing / Free / Unlimited,普通子页面：用于稳定、长期、功能型或明确独立意图；围绕主题完整回答并链接核心页。,BUILD_P0
/seedance-pricing,SUBPAGE,P0,NEW,PRICING,/pricing;/seedance-2-5/pricing,"Seedance Pricing: Price, Free Access & Plans Explained",Seedance Pricing,57,SECONDARY,higgsfield 5 free seedance videos where to apply,higgsfield 5 free seedance videos where to apply,CANONICAL,900,23,--,KEEP_P1,HAS_VOLUME,Generic Pricing / Free / Unlimited,普通子页面：用于稳定、长期、功能型或明确独立意图；围绕主题完整回答并链接核心页。,BUILD_P0
/seedance-pricing,SUBPAGE,P0,NEW,PRICING,/pricing;/seedance-2-5/pricing,"Seedance Pricing: Price, Free Access & Plans Explained",Seedance Pricing,58,SECONDARY,artlist unlimited seedance how long will this deal last,artlist unlimited seedance how long will this deal last,CANONICAL,900,0,--,KEEP_P1,HAS_VOLUME,Generic Pricing / Free / Unlimited,普通子页面：用于稳定、长期、功能型或明确独立意图；围绕主题完整回答并链接核心页。,BUILD_P0
/seedance-pricing,SUBPAGE,P0,NEW,PRICING,/pricing;/seedance-2-5/pricing,"Seedance Pricing: Price, Free Access & Plans Explained",Seedance Pricing,59,SECONDARY,cheapest seedance 2?5,cheapest seedance 2?5,CANONICAL,890,0,--,KEEP_P2,HAS_VOLUME,Generic Pricing / Free / Unlimited,普通子页面：用于稳定、长期、功能型或明确独立意图；围绕主题完整回答并链接核心页。,BUILD_P0
/seedance-pricing,SUBPAGE,P0,NEW,PRICING,/pricing;/seedance-2-5/pricing,"Seedance Pricing: Price, Free Access & Plans Explained",Seedance Pricing,60,SECONDARY,runway unlimited seedance,runway unlimited seedance,CANONICAL,880,171,--,KEEP_P1,HAS_VOLUME,Generic Pricing / Free / Unlimited,普通子页面：用于稳定、长期、功能型或明确独立意图；围绕主题完整回答并链接核心页。,BUILD_P0
/seedance-pricing,SUBPAGE,P0,NEW,PRICING,/pricing;/seedance-2-5/pricing,"Seedance Pricing: Price, Free Access & Plans Explained",Seedance Pricing,61,ZERO_VOLUME_SUPPORT,seedance free?,seedance free?,CANONICAL,0,243,36,KEEP_P1,ZERO_VOLUME_RELEVANT,Generic Pricing / Free / Unlimited,普通子页面：用于稳定、长期、功能型或明确独立意图；围绕主题完整回答并链接核心页。,BUILD_P0
/seedance-pricing,SUBPAGE,P0,NEW,PRICING,/pricing;/seedance-2-5/pricing,"Seedance Pricing: Price, Free Access & Plans Explained",Seedance Pricing,62,ZERO_VOLUME_SUPPORT,seedance es gratis?,seedance es gratis?,CANONICAL,0,205,--,KEEP_P2,ZERO_VOLUME_RELEVANT,Generic Pricing / Free / Unlimited,普通子页面：用于稳定、长期、功能型或明确独立意图；围绕主题完整回答并链接核心页。,BUILD_P0
/seedance-pricing,SUBPAGE,P0,NEW,PRICING,/pricing;/seedance-2-5/pricing,"Seedance Pricing: Price, Free Access & Plans Explained",Seedance Pricing,63,ZERO_VOLUME_SUPPORT,how to use seedance 2 for free,how to use seedance 2 for free,CANONICAL,0,181,--,KEEP_P1,ZERO_VOLUME_RELEVANT,Generic Pricing / Free / Unlimited,普通子页面：用于稳定、长期、功能型或明确独立意图；围绕主题完整回答并链接核心页。,BUILD_P0
/seedance-pricing,SUBPAGE,P0,NEW,PRICING,/pricing;/seedance-2-5/pricing,"Seedance Pricing: Price, Free Access & Plans Explained",Seedance Pricing,64,ZERO_VOLUME_SUPPORT,seedance free alternative,seedance free alternative,CANONICAL,0,180,--,KEEP_P1,ZERO_VOLUME_RELEVANT,Generic Pricing / Free / Unlimited,普通子页面：用于稳定、长期、功能型或明确独立意图；围绕主题完整回答并链接核心页。,BUILD_P0
/seedance-pricing,SUBPAGE,P0,NEW,PRICING,/pricing;/seedance-2-5/pricing,"Seedance Pricing: Price, Free Access & Plans Explained",Seedance Pricing,65,ZERO_VOLUME_SUPPORT,seedance image to image free,seedance image to image free,CANONICAL,0,151,72,KEEP_P1,ZERO_VOLUME_RELEVANT,Generic Pricing / Free / Unlimited,普通子页面：用于稳定、长期、功能型或明确独立意图；围绕主题完整回答并链接核心页。,BUILD_P0
/seedance-pricing,SUBPAGE,P0,NEW,PRICING,/pricing;/seedance-2-5/pricing,"Seedance Pricing: Price, Free Access & Plans Explained",Seedance Pricing,66,ZERO_VOLUME_SUPPORT,seedance free video generations,seedance free video generations,CANONICAL,0,136,48,KEEP_P1,ZERO_VOLUME_RELEVANT,Generic Pricing / Free / Unlimited,普通子页面：用于稳定、长期、功能型或明确独立意图；围绕主题完整回答并链接核心页。,BUILD_P0
/seedance-pricing,SUBPAGE,P0,NEW,PRICING,/pricing;/seedance-2-5/pricing,"Seedance Pricing: Price, Free Access & Plans Explained",Seedance Pricing,67,ZERO_VOLUME_SUPPORT,seedance2.ai free,seedance2.ai free,CANONICAL,0,133,--,KEEP_P1,ZERO_VOLUME_RELEVANT,Generic Pricing / Free / Unlimited,普通子页面：用于稳定、长期、功能型或明确独立意图；围绕主题完整回答并链接核心页。,BUILD_P0
/seedance-pricing,SUBPAGE,P0,NEW,PRICING,/pricing;/seedance-2-5/pricing,"Seedance Pricing: Price, Free Access & Plans Explained",Seedance Pricing,68,ZERO_VOLUME_SUPPORT,seedance ai free trial,seedance ai free trial,CANONICAL,0,131,40,KEEP_P1,ZERO_VOLUME_RELEVANT,Generic Pricing / Free / Unlimited,普通子页面：用于稳定、长期、功能型或明确独立意图；围绕主题完整回答并链接核心页。,BUILD_P0
/seedance-pricing,SUBPAGE,P0,NEW,PRICING,/pricing;/seedance-2-5/pricing,"Seedance Pricing: Price, Free Access & Plans Explained",Seedance Pricing,69,ZERO_VOLUME_SUPPORT,where i can test seedance free,where i can test seedance free,CANONICAL,0,129,14,KEEP_P1,ZERO_VOLUME_RELEVANT,Generic Pricing / Free / Unlimited,普通子页面：用于稳定、长期、功能型或明确独立意图；围绕主题完整回答并链接核心页。,BUILD_P0
/seedance-pricing,SUBPAGE,P0,NEW,PRICING,/pricing;/seedance-2-5/pricing,"Seedance Pricing: Price, Free Access & Plans Explained",Seedance Pricing,70,ZERO_VOLUME_SUPPORT,seedance image pricing,seedance image pricing,CANONICAL,0,128,8,KEEP_P1,ZERO_VOLUME_RELEVANT,Generic Pricing / Free / Unlimited,普通子页面：用于稳定、长期、功能型或明确独立意图；围绕主题完整回答并链接核心页。,BUILD_P0
/seedance-pricing,SUBPAGE,P0,NEW,PRICING,/pricing;/seedance-2-5/pricing,"Seedance Pricing: Price, Free Access & Plans Explained",Seedance Pricing,71,ZERO_VOLUME_SUPPORT,seedance price plan,seedance price plan,CANONICAL,0,120,8,KEEP_P1,ZERO_VOLUME_RELEVANT,Generic Pricing / Free / Unlimited,普通子页面：用于稳定、长期、功能型或明确独立意图；围绕主题完整回答并链接核心页。,BUILD_P0
/seedance-pricing,SUBPAGE,P0,NEW,PRICING,/pricing;/seedance-2-5/pricing,"Seedance Pricing: Price, Free Access & Plans Explained",Seedance Pricing,72,ZERO_VOLUME_SUPPORT,seedance unlimited higgsfield,seedance unlimited higgsfield,CANONICAL,0,118,--,KEEP_P1,ZERO_VOLUME_RELEVANT,Generic Pricing / Free / Unlimited,普通子页面：用于稳定、长期、功能型或明确独立意图；围绕主题完整回答并链接核心页。,BUILD_P0
/seedance-pricing,SUBPAGE,P0,NEW,PRICING,/pricing;/seedance-2-5/pricing,"Seedance Pricing: Price, Free Access & Plans Explained",Seedance Pricing,73,ZERO_VOLUME_SUPPORT,how to get seedance for free,how to get seedance for free,CANONICAL,0,115,39,KEEP_P1,ZERO_VOLUME_RELEVANT,Generic Pricing / Free / Unlimited,普通子页面：用于稳定、长期、功能型或明确独立意图；围绕主题完整回答并链接核心页。,BUILD_P0
/seedance-pricing,SUBPAGE,P0,NEW,PRICING,/pricing;/seedance-2-5/pricing,"Seedance Pricing: Price, Free Access & Plans Explained",Seedance Pricing,74,ZERO_VOLUME_SUPPORT,seedance ai price,seedance ai price,CANONICAL,0,103,--,KEEP_P1,ZERO_VOLUME_RELEVANT,Generic Pricing / Free / Unlimited,普通子页面：用于稳定、长期、功能型或明确独立意图；围绕主题完整回答并链接核心页。,BUILD_P0
/seedance-pricing,SUBPAGE,P0,NEW,PRICING,/pricing;/seedance-2-5/pricing,"Seedance Pricing: Price, Free Access & Plans Explained",Seedance Pricing,75,ZERO_VOLUME_SUPPORT,seedance 2 cheapest,seedance 2 cheapest,CANONICAL,0,89,--,KEEP_P2,ZERO_VOLUME_RELEVANT,Generic Pricing / Free / Unlimited,普通子页面：用于稳定、长期、功能型或明确独立意图；围绕主题完整回答并链接核心页。,BUILD_P0
/seedance-pricing,SUBPAGE,P0,NEW,PRICING,/pricing;/seedance-2-5/pricing,"Seedance Pricing: Price, Free Access & Plans Explained",Seedance Pricing,76,ZERO_VOLUME_SUPPORT,seedance bytedance pricing,seedance bytedance pricing,CANONICAL,0,89,16,KEEP_P2,ZERO_VOLUME_RELEVANT,Generic Pricing / Free / Unlimited,普通子页面：用于稳定、长期、功能型或明确独立意图；围绕主题完整回答并链接核心页。,BUILD_P0
/seedance-pricing,SUBPAGE,P0,NEW,PRICING,/pricing;/seedance-2-5/pricing,"Seedance Pricing: Price, Free Access & Plans Explained",Seedance Pricing,77,ZERO_VOLUME_SUPPORT,how to use higgfield seedance generation for free,how to use higgfield seedance generation for free,CANONICAL,0,88,--,KEEP_P2,ZERO_VOLUME_RELEVANT,Generic Pricing / Free / Unlimited,普通子页面：用于稳定、长期、功能型或明确独立意图；围绕主题完整回答并链接核心页。,BUILD_P0
/seedance-pricing,SUBPAGE,P0,NEW,PRICING,/pricing;/seedance-2-5/pricing,"Seedance Pricing: Price, Free Access & Plans Explained",Seedance Pricing,78,ZERO_VOLUME_SUPPORT,kling seedance veo sora cheapest plataform multimodel,kling seedance veo sora cheapest plataform multimodel,CANONICAL,0,88,16,KEEP_P2,ZERO_VOLUME_RELEVANT,Generic Pricing / Free / Unlimited,普通子页面：用于稳定、长期、功能型或明确独立意图；围绕主题完整回答并链接核心页。,BUILD_P0
/seedance-pricing,SUBPAGE,P0,NEW,PRICING,/pricing;/seedance-2-5/pricing,"Seedance Pricing: Price, Free Access & Plans Explained",Seedance Pricing,79,ZERO_VOLUME_SUPPORT,tutorial free seedance 4k di capcut,tutorial free seedance 4k di capcut,CANONICAL,0,86,--,KEEP_P2,ZERO_VOLUME_RELEVANT,Generic Pricing / Free / Unlimited,普通子页面：用于稳定、长期、功能型或明确独立意图；围绕主题完整回答并链接核心页。,BUILD_P0
/seedance-pricing,SUBPAGE,P0,NEW,PRICING,/pricing;/seedance-2-5/pricing,"Seedance Pricing: Price, Free Access & Plans Explained",Seedance Pricing,80,TYPO_SUPPORT,seed dance price,seedance price,TYPO,0,85,20,KEEP_P2,ZERO_VOLUME_RELEVANT,Generic Pricing / Free / Unlimited,普通子页面：用于稳定、长期、功能型或明确独立意图；围绕主题完整回答并链接核心页。,BUILD_P0
/seedance-pricing,SUBPAGE,P0,NEW,PRICING,/pricing;/seedance-2-5/pricing,"Seedance Pricing: Price, Free Access & Plans Explained",Seedance Pricing,81,ZERO_VOLUME_SUPPORT,seedance test free,seedance test free,CANONICAL,0,83,22,KEEP_P2,ZERO_VOLUME_RELEVANT,Generic Pricing / Free / Unlimited,普通子页面：用于稳定、长期、功能型或明确独立意图；围绕主题完整回答并链接核心页。,BUILD_P0
/seedance-pricing,SUBPAGE,P0,NEW,PRICING,/pricing;/seedance-2-5/pricing,"Seedance Pricing: Price, Free Access & Plans Explained",Seedance Pricing,82,ZERO_VOLUME_SUPPORT,higgsfield unlimited seedance 2,higgsfield unlimited seedance 2,CANONICAL,0,81,--,KEEP_P2,ZERO_VOLUME_RELEVANT,Generic Pricing / Free / Unlimited,普通子页面：用于稳定、长期、功能型或明确独立意图；围绕主题完整回答并链接核心页。,BUILD_P0
/seedance-pricing,SUBPAGE,P0,NEW,PRICING,/pricing;/seedance-2-5/pricing,"Seedance Pricing: Price, Free Access & Plans Explained",Seedance Pricing,83,ZERO_VOLUME_SUPPORT,seedance experience in comfyui free models,seedance experience in comfyui free models,CANONICAL,0,81,--,KEEP_P2,ZERO_VOLUME_RELEVANT,Generic Pricing / Free / Unlimited,普通子页面：用于稳定、长期、功能型或明确独立意图；围绕主题完整回答并链接核心页。,BUILD_P0
/seedance-pricing,SUBPAGE,P0,NEW,PRICING,/pricing;/seedance-2-5/pricing,"Seedance Pricing: Price, Free Access & Plans Explained",Seedance Pricing,84,ZERO_VOLUME_SUPPORT,"seedance en github, video gratis","seedance en github, video gratis",CANONICAL,0,79,5,KEEP_P2,ZERO_VOLUME_RELEVANT,Generic Pricing / Free / Unlimited,普通子页面：用于稳定、长期、功能型或明确独立意图；围绕主题完整回答并链接核心页。,BUILD_P0
/seedance-pricing,SUBPAGE,P0,NEW,PRICING,/pricing;/seedance-2-5/pricing,"Seedance Pricing: Price, Free Access & Plans Explained",Seedance Pricing,85,ZERO_VOLUME_SUPPORT,any chinese seedance ai generator for cheap,any chinese seedance ai generator for cheap,CANONICAL,0,78,40,KEEP_P0,ZERO_VOLUME_RELEVANT,Generic Pricing / Free / Unlimited,普通子页面：用于稳定、长期、功能型或明确独立意图；围绕主题完整回答并链接核心页。,BUILD_P0
/seedance-pricing,SUBPAGE,P0,NEW,PRICING,/pricing;/seedance-2-5/pricing,"Seedance Pricing: Price, Free Access & Plans Explained",Seedance Pricing,86,TYPO_SUPPORT,sedance free,seedance free,TYPO,790,168,--,KEEP_P1,HAS_VOLUME,Generic Pricing / Free / Unlimited,普通子页面：用于稳定、长期、功能型或明确独立意图；围绕主题完整回答并链接核心页。,BUILD_P0
/seedance-pricing,SUBPAGE,P0,NEW,PRICING,/pricing;/seedance-2-5/pricing,"Seedance Pricing: Price, Free Access & Plans Explained",Seedance Pricing,87,TYPO_SUPPORT,14 day unlimited sedance,14 day unlimited seedance,TYPO,730,0,--,KEEP_P1,HAS_VOLUME,Generic Pricing / Free / Unlimited,普通子页面：用于稳定、长期、功能型或明确独立意图；围绕主题完整回答并链接核心页。,BUILD_P0
/seedance-pricing,SUBPAGE,P0,NEW,PRICING,/pricing;/seedance-2-5/pricing,"Seedance Pricing: Price, Free Access & Plans Explained",Seedance Pricing,88,TYPO_SUPPORT,free seadance,free seedance,TYPO_BRAND_OVERLAP,710,39,--,KEEP_P1,HAS_VOLUME,Generic Pricing / Free / Unlimited,普通子页面：用于稳定、长期、功能型或明确独立意图；围绕主题完整回答并链接核心页。,BUILD_P0
/seedance-pricing,SUBPAGE,P0,NEW,PRICING,/pricing;/seedance-2-5/pricing,"Seedance Pricing: Price, Free Access & Plans Explained",Seedance Pricing,89,TYPO_SUPPORT,capcut sedance pricing,capcut seedance pricing,TYPO,710,0,--,KEEP_P1,HAS_VOLUME,Generic Pricing / Free / Unlimited,普通子页面：用于稳定、长期、功能型或明确独立意图；围绕主题完整回答并链接核心页。,BUILD_P0
/seedance-pricing,SUBPAGE,P0,NEW,PRICING,/pricing;/seedance-2-5/pricing,"Seedance Pricing: Price, Free Access & Plans Explained",Seedance Pricing,90,TYPO_SUPPORT,sedance ai gratis,seedance ai gratis,TYPO,650,0,--,KEEP_P2,HAS_VOLUME,Generic Pricing / Free / Unlimited,普通子页面：用于稳定、长期、功能型或明确独立意图；围绕主题完整回答并链接核心页。,BUILD_P0
/seedance-pricing,SUBPAGE,P0,NEW,PRICING,/pricing;/seedance-2-5/pricing,"Seedance Pricing: Price, Free Access & Plans Explained",Seedance Pricing,91,TYPO_SUPPORT,seadance free,seedance free,TYPO_BRAND_OVERLAP,590,312,59,KEEP_P1,HAS_VOLUME,Generic Pricing / Free / Unlimited,普通子页面：用于稳定、长期、功能型或明确独立意图；围绕主题完整回答并链接核心页。,BUILD_P0
/seedance-pricing,SUBPAGE,P0,NEW,PRICING,/pricing;/seedance-2-5/pricing,"Seedance Pricing: Price, Free Access & Plans Explained",Seedance Pricing,92,TYPO_SUPPORT,seed dance free,seedance free,TYPO,450,191,--,KEEP_P1,HAS_VOLUME,Generic Pricing / Free / Unlimited,普通子页面：用于稳定、长期、功能型或明确独立意图；围绕主题完整回答并链接核心页。,BUILD_P0
/seedance-pricing,SUBPAGE,P0,NEW,PRICING,/pricing;/seedance-2-5/pricing,"Seedance Pricing: Price, Free Access & Plans Explained",Seedance Pricing,93,TYPO_SUPPORT,how to generate seeddance videos for free,how to generate seedance videos for free,TYPO,400,0,--,KEEP_P1,HAS_VOLUME,Generic Pricing / Free / Unlimited,普通子页面：用于稳定、长期、功能型或明确独立意图；围绕主题完整回答并链接核心页。,BUILD_P0
/seedance-pricing,SUBPAGE,P0,NEW,PRICING,/pricing;/seedance-2-5/pricing,"Seedance Pricing: Price, Free Access & Plans Explained",Seedance Pricing,94,TYPO_SUPPORT,firefly seadance 無料,firefly seedance 無料,TYPO_BRAND_OVERLAP,240,0,--,KEEP_P2,HAS_VOLUME,Generic Pricing / Free / Unlimited,普通子页面：用于稳定、长期、功能型或明确独立意图；围绕主题完整回答并链接核心页。,BUILD_P0
/seedance-pricing,SUBPAGE,P0,NEW,PRICING,/pricing;/seedance-2-5/pricing,"Seedance Pricing: Price, Free Access & Plans Explained",Seedance Pricing,95,TYPO_SUPPORT,seadance 2 free,seedance 2 free,TYPO_BRAND_OVERLAP,210,214,31,KEEP_P1,HAS_VOLUME,Generic Pricing / Free / Unlimited,普通子页面：用于稳定、长期、功能型或明确独立意图；围绕主题完整回答并链接核心页。,BUILD_P0
/what-is-seedance,SUBPAGE,P0,NEW,SEO_SUBPAGE,/;/seedance/versions,What Is Seedance? ByteDance AI Video Model Explained,What Is Seedance?,1,PRIMARY,what is seedance,what is seedance,CANONICAL,6860,2148,71,KEEP_P0,HAS_VOLUME,What Is / Ownership / Company,普通子页面：用于稳定、长期、功能型或明确独立意图；围绕主题完整回答并链接核心页。,BUILD_P0
/what-is-seedance,SUBPAGE,P0,NEW,SEO_SUBPAGE,/;/seedance/versions,What Is Seedance? ByteDance AI Video Model Explained,What Is Seedance?,2,PRIMARY,seedance company,seedance company,CANONICAL,4930,379,72,KEEP_P0,HAS_VOLUME,What Is / Ownership / Company,普通子页面：用于稳定、长期、功能型或明确独立意图；围绕主题完整回答并链接核心页。,BUILD_P0
/what-is-seedance,SUBPAGE,P0,NEW,SEO_SUBPAGE,/;/seedance/versions,What Is Seedance? ByteDance AI Video Model Explained,What Is Seedance?,3,PRIMARY,what is seedance 2.5,what is seedance 2.5,CANONICAL,3180,26,--,KEEP_P0,HAS_VOLUME,What Is / Ownership / Company,普通子页面：用于稳定、长期、功能型或明确独立意图；围绕主题完整回答并链接核心页。,BUILD_P0
/what-is-seedance,SUBPAGE,P0,NEW,SEO_SUBPAGE,/;/seedance/versions,What Is Seedance? ByteDance AI Video Model Explained,What Is Seedance?,4,PRIMARY,what is seedance 2.0,what is seedance 2.0,CANONICAL,3120,2376,60,KEEP_P0,HAS_VOLUME,What Is / Ownership / Company,普通子页面：用于稳定、长期、功能型或明确独立意图；围绕主题完整回答并链接核心页。,BUILD_P0
/what-is-seedance,SUBPAGE,P0,NEW,SEO_SUBPAGE,/;/seedance/versions,What Is Seedance? ByteDance AI Video Model Explained,What Is Seedance?,5,PRIMARY,who created seedance,who created seedance,CANONICAL,2730,263,--,KEEP_P0,HAS_VOLUME,What Is / Ownership / Company,普通子页面：用于稳定、长期、功能型或明确独立意图；围绕主题完整回答并链接核心页。,BUILD_P0
/what-is-seedance,SUBPAGE,P0,NEW,SEO_SUBPAGE,/;/seedance/versions,What Is Seedance? ByteDance AI Video Model Explained,What Is Seedance?,6,PRIMARY,who owns seedance,who owns seedance,CANONICAL,2400,1139,71,KEEP_P0,HAS_VOLUME,What Is / Ownership / Company,普通子页面：用于稳定、长期、功能型或明确独立意图；围绕主题完整回答并链接核心页。,BUILD_P0
/what-is-seedance,SUBPAGE,P0,NEW,SEO_SUBPAGE,/;/seedance/versions,What Is Seedance? ByteDance AI Video Model Explained,What Is Seedance?,7,PRIMARY,seedance owner,seedance owner,CANONICAL,2170,652,54,KEEP_P0,HAS_VOLUME,What Is / Ownership / Company,普通子页面：用于稳定、长期、功能型或明确独立意图；围绕主题完整回答并链接核心页。,BUILD_P0
/what-is-seedance,SUBPAGE,P0,NEW,SEO_SUBPAGE,/;/seedance/versions,What Is Seedance? ByteDance AI Video Model Explained,What Is Seedance?,8,PRIMARY,who makes seedance,who makes seedance,CANONICAL,2150,110,--,KEEP_P0,HAS_VOLUME,What Is / Ownership / Company,普通子页面：用于稳定、长期、功能型或明确独立意图；围绕主题完整回答并链接核心页。,BUILD_P0
/what-is-seedance,SUBPAGE,P0,NEW,SEO_SUBPAGE,/;/seedance/versions,What Is Seedance? ByteDance AI Video Model Explained,What Is Seedance?,9,SECONDARY,who made seedance,who made seedance,CANONICAL,1900,483,44,KEEP_P0,HAS_VOLUME,What Is / Ownership / Company,普通子页面：用于稳定、长期、功能型或明确独立意图；围绕主题完整回答并链接核心页。,BUILD_P0
/what-is-seedance,SUBPAGE,P0,NEW,SEO_SUBPAGE,/;/seedance/versions,What Is Seedance? ByteDance AI Video Model Explained,What Is Seedance?,10,SECONDARY,who owns seedance 2.5,who owns seedance 2.5,CANONICAL,1610,0,--,KEEP_P0,HAS_VOLUME,What Is / Ownership / Company,普通子页面：用于稳定、长期、功能型或明确独立意图；围绕主题完整回答并链接核心页。,BUILD_P0
/what-is-seedance,SUBPAGE,P0,NEW,SEO_SUBPAGE,/;/seedance/versions,What Is Seedance? ByteDance AI Video Model Explained,What Is Seedance?,11,SECONDARY,from what company is seedance,from what company is seedance,CANONICAL,1320,0,--,KEEP_P0,HAS_VOLUME,What Is / Ownership / Company,普通子页面：用于稳定、长期、功能型或明确独立意图；围绕主题完整回答并链接核心页。,BUILD_P0
/what-is-seedance,SUBPAGE,P0,NEW,SEO_SUBPAGE,/;/seedance/versions,What Is Seedance? ByteDance AI Video Model Explained,What Is Seedance?,12,TYPO_SUPPORT,seed dance model is from which country,seedance model is from which country,TYPO,1320,0,--,KEEP_P0,HAS_VOLUME,What Is / Ownership / Company,普通子页面：用于稳定、长期、功能型或明确独立意图；围绕主题完整回答并链接核心页。,BUILD_P0
/what-is-seedance,SUBPAGE,P0,NEW,SEO_SUBPAGE,/;/seedance/versions,What Is Seedance? ByteDance AI Video Model Explained,What Is Seedance?,13,SECONDARY,original owner of seedance,original owner of seedance,CANONICAL,1260,31,--,KEEP_P0,HAS_VOLUME,What Is / Ownership / Company,普通子页面：用于稳定、长期、功能型或明确独立意图；围绕主题完整回答并链接核心页。,BUILD_P0
/what-is-seedance,SUBPAGE,P0,NEW,SEO_SUBPAGE,/;/seedance/versions,What Is Seedance? ByteDance AI Video Model Explained,What Is Seedance?,14,SECONDARY,who is owner of seedance 2.0,who is owner of seedance 2.0,CANONICAL,1060,0,--,KEEP_P0,HAS_VOLUME,What Is / Ownership / Company,普通子页面：用于稳定、长期、功能型或明确独立意图；围绕主题完整回答并链接核心页。,BUILD_P0
/what-is-seedance,SUBPAGE,P0,NEW,SEO_SUBPAGE,/;/seedance/versions,What Is Seedance? ByteDance AI Video Model Explained,What Is Seedance?,15,TYPO_SUPPORT,which company created the sea dance model?,which company created the seedance model?,TYPO,1030,0,--,KEEP_P0,HAS_VOLUME,What Is / Ownership / Company,普通子页面：用于稳定、长期、功能型或明确独立意图；围绕主题完整回答并链接核心页。,BUILD_P0
/what-is-seedance,SUBPAGE,P0,NEW,SEO_SUBPAGE,/;/seedance/versions,What Is Seedance? ByteDance AI Video Model Explained,What Is Seedance?,16,SECONDARY,what is seedance who created it,what is seedance who created it,CANONICAL,910,0,--,KEEP_P0,HAS_VOLUME,What Is / Ownership / Company,普通子页面：用于稳定、长期、功能型或明确独立意图；围绕主题完整回答并链接核心页。,BUILD_P0
/what-is-seedance,SUBPAGE,P0,NEW,SEO_SUBPAGE,/;/seedance/versions,What Is Seedance? ByteDance AI Video Model Explained,What Is Seedance?,17,SECONDARY,what is seedance official website,what is seedance official website,CANONICAL,900,83,--,KEEP_P0,HAS_VOLUME,What Is / Ownership / Company,普通子页面：用于稳定、长期、功能型或明确独立意图；围绕主题完整回答并链接核心页。,BUILD_P0
/what-is-seedance,SUBPAGE,P0,NEW,SEO_SUBPAGE,/;/seedance/versions,What Is Seedance? ByteDance AI Video Model Explained,What Is Seedance?,18,SECONDARY,who owns seedance ai?,who owns seedance ai?,CANONICAL,840,19,--,KEEP_P2,HAS_VOLUME,What Is / Ownership / Company,普通子页面：用于稳定、长期、功能型或明确独立意图；围绕主题完整回答并链接核心页。,BUILD_P0
/what-is-seedance,SUBPAGE,P0,NEW,SEO_SUBPAGE,/;/seedance/versions,What Is Seedance? ByteDance AI Video Model Explained,What Is Seedance?,19,SECONDARY,seedance is from which country,seedance is from which country,CANONICAL,840,9,--,KEEP_P2,HAS_VOLUME,What Is / Ownership / Company,普通子页面：用于稳定、长期、功能型或明确独立意图；围绕主题完整回答并链接核心页。,BUILD_P0
/what-is-seedance,SUBPAGE,P0,NEW,SEO_SUBPAGE,/;/seedance/versions,What Is Seedance? ByteDance AI Video Model Explained,What Is Seedance?,20,TYPO_SUPPORT,who is owner of sedance 2.0,who is owner of seedance 2.0,TYPO,670,0,--,KEEP_P0,HAS_VOLUME,What Is / Ownership / Company,普通子页面：用于稳定、长期、功能型或明确独立意图；围绕主题完整回答并链接核心页。,BUILD_P0
/what-is-seedance,SUBPAGE,P0,NEW,SEO_SUBPAGE,/;/seedance/versions,What Is Seedance? ByteDance AI Video Model Explained,What Is Seedance?,21,SECONDARY,what is seedance at capcut,what is seedance at capcut,CANONICAL,650,0,--,KEEP_P1,HAS_VOLUME,Platforms / Providers,普通子页面：用于稳定、长期、功能型或明确独立意图；围绕主题完整回答并链接核心页。,BUILD_P0
/what-is-seedance,SUBPAGE,P0,NEW,SEO_SUBPAGE,/;/seedance/versions,What Is Seedance? ByteDance AI Video Model Explained,What Is Seedance?,22,SECONDARY,seedance 2.0 what is,seedance 2.0 what is,CANONICAL,580,70,--,KEEP_P0,HAS_VOLUME,2.0 Core / Generator,普通子页面：用于稳定、长期、功能型或明确独立意图；围绕主题完整回答并链接核心页。,BUILD_P0
/what-is-seedance,SUBPAGE,P0,NEW,SEO_SUBPAGE,/;/seedance/versions,What Is Seedance? ByteDance AI Video Model Explained,What Is Seedance?,23,SECONDARY,seedance parent company,seedance parent company,CANONICAL,560,200,63,KEEP_P2,HAS_VOLUME,What Is / Ownership / Company,普通子页面：用于稳定、长期、功能型或明确独立意图；围绕主题完整回答并链接核心页。,BUILD_P0
/what-is-seedance,SUBPAGE,P0,NEW,SEO_SUBPAGE,/;/seedance/versions,What Is Seedance? ByteDance AI Video Model Explained,What Is Seedance?,24,SECONDARY,seedance company owner,seedance company owner,CANONICAL,560,26,--,KEEP_P2,HAS_VOLUME,What Is / Ownership / Company,普通子页面：用于稳定、长期、功能型或明确独立意图；围绕主题完整回答并链接核心页。,BUILD_P0
/what-is-seedance,SUBPAGE,P0,NEW,SEO_SUBPAGE,/;/seedance/versions,What Is Seedance? ByteDance AI Video Model Explained,What Is Seedance?,25,SECONDARY,who owns seedance model,who owns seedance model,CANONICAL,470,0,--,KEEP_P0,HAS_VOLUME,What Is / Ownership / Company,普通子页面：用于稳定、长期、功能型或明确独立意图；围绕主题完整回答并链接核心页。,BUILD_P0
/what-is-seedance,SUBPAGE,P0,NEW,SEO_SUBPAGE,/;/seedance/versions,What Is Seedance? ByteDance AI Video Model Explained,What Is Seedance?,26,TYPO_SUPPORT,higsfield what is seed dance,higsfield what is seedance,TYPO,370,0,--,KEEP_P0,HAS_VOLUME,What Is / Ownership / Company,普通子页面：用于稳定、长期、功能型或明确独立意图；围绕主题完整回答并链接核心页。,BUILD_P0
/what-is-seedance,SUBPAGE,P0,NEW,SEO_SUBPAGE,/;/seedance/versions,What Is Seedance? ByteDance AI Video Model Explained,What Is Seedance?,27,SECONDARY,who made seedance 2.0,who made seedance 2.0,CANONICAL,310,204,--,KEEP_P0,HAS_VOLUME,What Is / Ownership / Company,普通子页面：用于稳定、长期、功能型或明确独立意图；围绕主题完整回答并链接核心页。,BUILD_P0
/what-is-seedance,SUBPAGE,P0,NEW,SEO_SUBPAGE,/;/seedance/versions,What Is Seedance? ByteDance AI Video Model Explained,What Is Seedance?,28,SECONDARY,who makes seedance 2.0,who makes seedance 2.0,CANONICAL,310,114,48,KEEP_P0,HAS_VOLUME,What Is / Ownership / Company,普通子页面：用于稳定、长期、功能型或明确独立意图；围绕主题完整回答并链接核心页。,BUILD_P0
/what-is-seedance,SUBPAGE,P0,NEW,SEO_SUBPAGE,/;/seedance/versions,What Is Seedance? ByteDance AI Video Model Explained,What Is Seedance?,29,SECONDARY,seedance is from which company,seedance is from which company,CANONICAL,310,40,67,KEEP_P2,HAS_VOLUME,What Is / Ownership / Company,普通子页面：用于稳定、长期、功能型或明确独立意图；围绕主题完整回答并链接核心页。,BUILD_P0
/what-is-seedance,SUBPAGE,P0,NEW,SEO_SUBPAGE,/;/seedance/versions,What Is Seedance? ByteDance AI Video Model Explained,What Is Seedance?,30,SECONDARY,what is seedance ai,what is seedance ai,CANONICAL,250,199,70,KEEP_P0,HAS_VOLUME,What Is / Ownership / Company,普通子页面：用于稳定、长期、功能型或明确独立意图；围绕主题完整回答并链接核心页。,BUILD_P0
/what-is-seedance,SUBPAGE,P0,NEW,SEO_SUBPAGE,/;/seedance/versions,What Is Seedance? ByteDance AI Video Model Explained,What Is Seedance?,31,SECONDARY,seedance which company model,seedance which company model,CANONICAL,250,0,--,KEEP_P0,HAS_VOLUME,What Is / Ownership / Company,普通子页面：用于稳定、长期、功能型或明确独立意图；围绕主题完整回答并链接核心页。,BUILD_P0
/what-is-seedance,SUBPAGE,P0,NEW,SEO_SUBPAGE,/;/seedance/versions,What Is Seedance? ByteDance AI Video Model Explained,What Is Seedance?,32,SECONDARY,what is seedance multiframes,what is seedance multiframes,CANONICAL,240,293,--,KEEP_P0,HAS_VOLUME,What Is / Ownership / Company,普通子页面：用于稳定、长期、功能型或明确独立意图；围绕主题完整回答并链接核心页。,BUILD_P0
/what-is-seedance,SUBPAGE,P0,NEW,SEO_SUBPAGE,/;/seedance/versions,What Is Seedance? ByteDance AI Video Model Explained,What Is Seedance?,33,SECONDARY,what is seedance 2.5 audi reference and how does it work,what is seedance 2.5 audi reference and how does it work,CANONICAL,240,0,--,KEEP_P0,HAS_VOLUME,What Is / Ownership / Company,普通子页面：用于稳定、长期、功能型或明确独立意图；围绕主题完整回答并链接核心页。,BUILD_P0
/what-is-seedance,SUBPAGE,P0,NEW,SEO_SUBPAGE,/;/seedance/versions,What Is Seedance? ByteDance AI Video Model Explained,What Is Seedance?,34,SECONDARY,who owns seedance?,who owns seedance?,CANONICAL,200,121,43,KEEP_P2,HAS_VOLUME,What Is / Ownership / Company,普通子页面：用于稳定、长期、功能型或明确独立意图；围绕主题完整回答并链接核心页。,BUILD_P0
/what-is-seedance,SUBPAGE,P0,NEW,SEO_SUBPAGE,/;/seedance/versions,What Is Seedance? ByteDance AI Video Model Explained,What Is Seedance?,35,SECONDARY,who created seedance 2.5,who created seedance 2.5,CANONICAL,160,0,--,KEEP_P0,HAS_VOLUME,What Is / Ownership / Company,普通子页面：用于稳定、长期、功能型或明确独立意图；围绕主题完整回答并链接核心页。,BUILD_P0
/what-is-seedance,SUBPAGE,P0,NEW,SEO_SUBPAGE,/;/seedance/versions,What Is Seedance? ByteDance AI Video Model Explained,What Is Seedance?,36,SECONDARY,who created seedance 2.5\,who created seedance 2.5\,CANONICAL,160,0,--,KEEP_P0,HAS_VOLUME,What Is / Ownership / Company,普通子页面：用于稳定、长期、功能型或明确独立意图；围绕主题完整回答并链接核心页。,BUILD_P0
/what-is-seedance,SUBPAGE,P0,NEW,SEO_SUBPAGE,/;/seedance/versions,What Is Seedance? ByteDance AI Video Model Explained,What Is Seedance?,37,SECONDARY,which company is own seedance,which company is own seedance,CANONICAL,150,0,--,KEEP_P2,HAS_VOLUME,What Is / Ownership / Company,普通子页面：用于稳定、长期、功能型或明确独立意图；围绕主题完整回答并链接核心页。,BUILD_P0
/what-is-seedance,SUBPAGE,P0,NEW,SEO_SUBPAGE,/;/seedance/versions,What Is Seedance? ByteDance AI Video Model Explained,What Is Seedance?,38,SECONDARY,which company owns seedance 2.5,which company owns seedance 2.5,CANONICAL,130,0,--,KEEP_P0,HAS_VOLUME,What Is / Ownership / Company,普通子页面：用于稳定、长期、功能型或明确独立意图；围绕主题完整回答并链接核心页。,BUILD_P0
/what-is-seedance,SUBPAGE,P0,NEW,SEO_SUBPAGE,/;/seedance/versions,What Is Seedance? ByteDance AI Video Model Explained,What Is Seedance?,39,SECONDARY,who made seedance 2.5,who made seedance 2.5,CANONICAL,110,0,--,KEEP_P0,HAS_VOLUME,What Is / Ownership / Company,普通子页面：用于稳定、长期、功能型或明确独立意图；围绕主题完整回答并链接核心页。,BUILD_P0
/what-is-seedance,SUBPAGE,P0,NEW,SEO_SUBPAGE,/;/seedance/versions,What Is Seedance? ByteDance AI Video Model Explained,What Is Seedance?,40,SECONDARY,小云雀 libtv seedance 和豆包是什么关系，都是字节跳动的产品吗,小云雀 libtv seedance 和豆包是什么关系，都是字节跳动的产品吗,CANONICAL,90,0,--,KEEP_P2,HAS_VOLUME,Homepage / Generic Seedance,普通子页面：用于稳定、长期、功能型或明确独立意图；围绕主题完整回答并链接核心页。,BUILD_P0
/what-is-seedance,SUBPAGE,P0,NEW,SEO_SUBPAGE,/;/seedance/versions,What Is Seedance? ByteDance AI Video Model Explained,What Is Seedance?,41,TYPO_SUPPORT,who made sedance,who made seedance,TYPO,80,0,--,KEEP_P2,HAS_VOLUME,What Is / Ownership / Company,普通子页面：用于稳定、长期、功能型或明确独立意图；围绕主题完整回答并链接核心页。,BUILD_P0
/what-is-seedance,SUBPAGE,P0,NEW,SEO_SUBPAGE,/;/seedance/versions,What Is Seedance? ByteDance AI Video Model Explained,What Is Seedance?,42,SECONDARY,seedance 2.0是哪个公司的,seedance 2.0是哪个公司的,CANONICAL,70,135,--,KEEP_P0,HAS_VOLUME,Homepage / Generic Seedance,普通子页面：用于稳定、长期、功能型或明确独立意图；围绕主题完整回答并链接核心页。,BUILD_P0
/what-is-seedance,SUBPAGE,P0,NEW,SEO_SUBPAGE,/;/seedance/versions,What Is Seedance? ByteDance AI Video Model Explained,What Is Seedance?,43,SECONDARY,what is seedance 2.0 and fast,what is seedance 2.0 and fast,CANONICAL,70,6,--,KEEP_P0,HAS_VOLUME,What Is / Ownership / Company,普通子页面：用于稳定、长期、功能型或明确独立意图；围绕主题完整回答并链接核心页。,BUILD_P0
/what-is-seedance,SUBPAGE,P0,NEW,SEO_SUBPAGE,/;/seedance/versions,What Is Seedance? ByteDance AI Video Model Explained,What Is Seedance?,44,SECONDARY,"seedance 图片生成。 我看有的提示词，全是2,3个字的短语，大概4,50个。有的又是全是短句，也是3,40句。哪种更好。这种文字生图的提示词的要点是什么","seedance 图片生成。 我看有的提示词，全是2,3个字的短语，大概4,50个。有的又是全是短句，也是3,40句。哪种更好。这种文字生图的提示词的要点是什么",CANONICAL,60,0,--,KEEP_P2,HAS_VOLUME,Homepage / Generic Seedance,普通子页面：用于稳定、长期、功能型或明确独立意图；围绕主题完整回答并链接核心页。,BUILD_P0
/what-is-seedance,SUBPAGE,P0,NEW,SEO_SUBPAGE,/;/seedance/versions,What Is Seedance? ByteDance AI Video Model Explained,What Is Seedance?,45,SECONDARY,what is seedance mini,what is seedance mini,CANONICAL,50,52,--,KEEP_P0,HAS_VOLUME,What Is / Ownership / Company,普通子页面：用于稳定、长期、功能型或明确独立意图；围绕主题完整回答并链接核心页。,BUILD_P0
/what-is-seedance,SUBPAGE,P0,NEW,SEO_SUBPAGE,/;/seedance/versions,What Is Seedance? ByteDance AI Video Model Explained,What Is Seedance?,46,TYPO_SUPPORT,who owns seeddance,who owns seedance,TYPO,40,27,--,KEEP_P2,HAS_VOLUME,What Is / Ownership / Company,普通子页面：用于稳定、长期、功能型或明确独立意图；围绕主题完整回答并链接核心页。,BUILD_P0
/what-is-seedance,SUBPAGE,P0,NEW,SEO_SUBPAGE,/;/seedance/versions,What Is Seedance? ByteDance AI Video Model Explained,What Is Seedance?,47,SECONDARY,which company made seedance 2.0,which company made seedance 2.0,CANONICAL,30,35,--,KEEP_P0,HAS_VOLUME,What Is / Ownership / Company,普通子页面：用于稳定、长期、功能型或明确独立意图；围绕主题完整回答并链接核心页。,BUILD_P0
/what-is-seedance,SUBPAGE,P0,NEW,SEO_SUBPAGE,/;/seedance/versions,What Is Seedance? ByteDance AI Video Model Explained,What Is Seedance?,48,SECONDARY,seedance 现在什么版本了 官网是什么,seedance 现在什么版本了 官网是什么,CANONICAL,20,8,--,KEEP_P2,HAS_VOLUME,Homepage / Generic Seedance,普通子页面：用于稳定、长期、功能型或明确独立意图；围绕主题完整回答并链接核心页。,BUILD_P0
/what-is-seedance,SUBPAGE,P0,NEW,SEO_SUBPAGE,/;/seedance/versions,What Is Seedance? ByteDance AI Video Model Explained,What Is Seedance?,49,ZERO_VOLUME_SUPPORT,seedance 是什么,seedance 是什么,CANONICAL,0,137,--,KEEP_P2,ZERO_VOLUME_RELEVANT,Homepage / Generic Seedance,普通子页面：用于稳定、长期、功能型或明确独立意图；围绕主题完整回答并链接核心页。,BUILD_P0
/what-is-seedance,SUBPAGE,P0,NEW,SEO_SUBPAGE,/;/seedance/versions,What Is Seedance? ByteDance AI Video Model Explained,What Is Seedance?,50,ZERO_VOLUME_SUPPORT,seedance 2.0 which company,seedance 2.0 which company,CANONICAL,0,103,--,KEEP_P0,ZERO_VOLUME_RELEVANT,What Is / Ownership / Company,普通子页面：用于稳定、长期、功能型或明确独立意图；围绕主题完整回答并链接核心页。,BUILD_P0
/what-is-seedance,SUBPAGE,P0,NEW,SEO_SUBPAGE,/;/seedance/versions,What Is Seedance? ByteDance AI Video Model Explained,What Is Seedance?,51,ZERO_VOLUME_SUPPORT,what is seedance 2 lipsync promt,what is seedance 2 lipsync promt,CANONICAL,0,97,2,KEEP_P0,ZERO_VOLUME_RELEVANT,What Is / Ownership / Company,普通子页面：用于稳定、长期、功能型或明确独立意图；围绕主题完整回答并链接核心页。,BUILD_P0
/what-is-seedance,SUBPAGE,P0,NEW,SEO_SUBPAGE,/;/seedance/versions,What Is Seedance? ByteDance AI Video Model Explained,What Is Seedance?,52,ZERO_VOLUME_SUPPORT,seedance who owns,seedance who owns,CANONICAL,0,71,51,KEEP_P2,ZERO_VOLUME_RELEVANT,Homepage / Generic Seedance,普通子页面：用于稳定、长期、功能型或明确独立意图；围绕主题完整回答并链接核心页。,BUILD_P0
/what-is-seedance,SUBPAGE,P0,NEW,SEO_SUBPAGE,/;/seedance/versions,What Is Seedance? ByteDance AI Video Model Explained,What Is Seedance?,53,ZERO_VOLUME_SUPPORT,seedance2.0是什麼,seedance2.0是什麼,CANONICAL,0,63,5,KEEP_P0,ZERO_VOLUME_RELEVANT,Other / Contextual,普通子页面：用于稳定、长期、功能型或明确独立意图；围绕主题完整回答并链接核心页。,BUILD_P0
/what-is-seedance,SUBPAGE,P0,NEW,SEO_SUBPAGE,/;/seedance/versions,What Is Seedance? ByteDance AI Video Model Explained,What Is Seedance?,54,ZERO_VOLUME_SUPPORT,what is seedance used for,what is seedance used for,CANONICAL,0,49,70,KEEP_P0,ZERO_VOLUME_RELEVANT,What Is / Ownership / Company,普通子页面：用于稳定、长期、功能型或明确独立意图；围绕主题完整回答并链接核心页。,BUILD_P0
/what-is-seedance,SUBPAGE,P0,NEW,SEO_SUBPAGE,/;/seedance/versions,What Is Seedance? ByteDance AI Video Model Explained,What Is Seedance?,55,ZERO_VOLUME_SUPPORT,what is seedance in higgiefield ai,what is seedance in higgiefield ai,CANONICAL,0,41,31,KEEP_P0,ZERO_VOLUME_RELEVANT,What Is / Ownership / Company,普通子页面：用于稳定、长期、功能型或明确独立意图；围绕主题完整回答并链接核心页。,BUILD_P0
/what-is-seedance,SUBPAGE,P0,NEW,SEO_SUBPAGE,/;/seedance/versions,What Is Seedance? ByteDance AI Video Model Explained,What Is Seedance?,56,ZERO_VOLUME_SUPPORT,seedance is from which company higgsfield,seedance is from which company higgsfield,CANONICAL,0,40,--,KEEP_P2,ZERO_VOLUME_RELEVANT,Platforms / Providers,普通子页面：用于稳定、长期、功能型或明确独立意图；围绕主题完整回答并链接核心页。,BUILD_P0
/what-is-seedance,SUBPAGE,P0,NEW,SEO_SUBPAGE,/;/seedance/versions,What Is Seedance? ByteDance AI Video Model Explained,What Is Seedance?,57,ZERO_VOLUME_SUPPORT,what is seedance 2 mini,what is seedance 2 mini,CANONICAL,0,38,--,KEEP_P0,ZERO_VOLUME_RELEVANT,What Is / Ownership / Company,普通子页面：用于稳定、长期、功能型或明确独立意图；围绕主题完整回答并链接核心页。,BUILD_P0
/what-is-seedance,SUBPAGE,P0,NEW,SEO_SUBPAGE,/;/seedance/versions,What Is Seedance? ByteDance AI Video Model Explained,What Is Seedance?,58,TYPO_SUPPORT,who makes seed dance ai,who makes seedance ai,TYPO,0,38,47,KEEP_P2,ZERO_VOLUME_RELEVANT,What Is / Ownership / Company,普通子页面：用于稳定、长期、功能型或明确独立意图；围绕主题完整回答并链接核心页。,BUILD_P0
/what-is-seedance,SUBPAGE,P0,NEW,SEO_SUBPAGE,/;/seedance/versions,What Is Seedance? ByteDance AI Video Model Explained,What Is Seedance?,59,ZERO_VOLUME_SUPPORT,seedance is by which company,seedance is by which company,CANONICAL,0,33,--,KEEP_P2,ZERO_VOLUME_RELEVANT,What Is / Ownership / Company,普通子页面：用于稳定、长期、功能型或明确独立意图；围绕主题完整回答并链接核心页。,BUILD_P0
/what-is-seedance,SUBPAGE,P0,NEW,SEO_SUBPAGE,/;/seedance/versions,What Is Seedance? ByteDance AI Video Model Explained,What Is Seedance?,60,ZERO_VOLUME_SUPPORT,what is seedance 2.0 in simple term,what is seedance 2.0 in simple term,CANONICAL,0,32,--,KEEP_P0,ZERO_VOLUME_RELEVANT,What Is / Ownership / Company,普通子页面：用于稳定、长期、功能型或明确独立意图；围绕主题完整回答并链接核心页。,BUILD_P0
/what-is-seedance,SUBPAGE,P0,NEW,SEO_SUBPAGE,/;/seedance/versions,What Is Seedance? ByteDance AI Video Model Explained,What Is Seedance?,61,ZERO_VOLUME_SUPPORT,is seedance 2.0 and kling from the same company?,is seedance 2.0 and kling from the same company?,CANONICAL,0,31,--,KEEP_P2,ZERO_VOLUME_RELEVANT,What Is / Ownership / Company,普通子页面：用于稳定、长期、功能型或明确独立意图；围绕主题完整回答并链接核心页。,BUILD_P0
/what-is-seedance,SUBPAGE,P0,NEW,SEO_SUBPAGE,/;/seedance/versions,What Is Seedance? ByteDance AI Video Model Explained,What Is Seedance?,62,TYPO_SUPPORT,seeddance 2 what is,seedance 2 what is,TYPO,0,21,--,KEEP_P2,ZERO_VOLUME_RELEVANT,Homepage / Generic Seedance,普通子页面：用于稳定、长期、功能型或明确独立意图；围绕主题完整回答并链接核心页。,BUILD_P0
/what-is-seedance,SUBPAGE,P0,NEW,SEO_SUBPAGE,/;/seedance/versions,What Is Seedance? ByteDance AI Video Model Explained,What Is Seedance?,63,ZERO_VOLUME_SUPPORT,what is seedance 2.0 unlimitted by higgsfield ai? no token?,what is seedance 2.0 unlimitted by higgsfield ai? no token?,CANONICAL,0,13,--,KEEP_P0,ZERO_VOLUME_RELEVANT,Platforms / Providers,普通子页面：用于稳定、长期、功能型或明确独立意图；围绕主题完整回答并链接核心页。,BUILD_P0
/what-is-seedance,SUBPAGE,P0,NEW,SEO_SUBPAGE,/;/seedance/versions,What Is Seedance? ByteDance AI Video Model Explained,What Is Seedance?,64,ZERO_VOLUME_SUPPORT,seedance 2.0 filter-off 是什么模型,seedance 2.0 filter-off 是什么模型,CANONICAL,0,9,--,KEEP_P0,ZERO_VOLUME_RELEVANT,2.0 Core / Generator,普通子页面：用于稳定、长期、功能型或明确独立意图；围绕主题完整回答并链接核心页。,BUILD_P0
/what-is-seedance,SUBPAGE,P0,NEW,SEO_SUBPAGE,/;/seedance/versions,What Is Seedance? ByteDance AI Video Model Explained,What Is Seedance?,65,ZERO_VOLUME_SUPPORT,seedance 2.0 fast 和 seedance 2.0 的区别是什么,seedance 2.0 fast 和 seedance 2.0 的区别是什么,CANONICAL,0,4,--,KEEP_P0,ZERO_VOLUME_RELEVANT,2.0 Core / Generator,普通子页面：用于稳定、长期、功能型或明确独立意图；围绕主题完整回答并链接核心页。,BUILD_P0
/what-is-seedance,SUBPAGE,P0,NEW,SEO_SUBPAGE,/;/seedance/versions,What Is Seedance? ByteDance AI Video Model Explained,What Is Seedance?,66,ZERO_VOLUME_SUPPORT,what the company of seedance,what the company of seedance,CANONICAL,0,4,--,KEEP_P2,ZERO_VOLUME_RELEVANT,What Is / Ownership / Company,普通子页面：用于稳定、长期、功能型或明确独立意图；围绕主题完整回答并链接核心页。,BUILD_P0
/what-is-seedance,SUBPAGE,P0,NEW,SEO_SUBPAGE,/;/seedance/versions,What Is Seedance? ByteDance AI Video Model Explained,What Is Seedance?,67,ZERO_VOLUME_SUPPORT,seedance 是哪个公司的产品,seedance 是哪个公司的产品,CANONICAL,0,0,--,KEEP_P2,ZERO_VOLUME_RELEVANT,Homepage / Generic Seedance,普通子页面：用于稳定、长期、功能型或明确独立意图；围绕主题完整回答并链接核心页。,BUILD_P0
/blog/seedance-2-0-mini-vs-fast,BLOG,P1,NEW,COMPARISON,/seedance-2-0,"Seedance 2.0 Mini vs Fast: Differences, Availability & Use Cases",Seedance 2.0 Mini vs Fast,1,PRIMARY,seedance 2.0 mini,seedance 2.0 mini,CANONICAL,9050,3679,35,KEEP_P0,HAS_VOLUME,2.0 Core / Generator,Blog：用于时效性、观点/Review、实验性新主题或适合文章表达的教程；不要写成低质批量水文。,BUILD_P1
/blog/seedance-2-0-mini-vs-fast,BLOG,P1,NEW,COMPARISON,/seedance-2-0,"Seedance 2.0 Mini vs Fast: Differences, Availability & Use Cases",Seedance 2.0 Mini vs Fast,2,PRIMARY,seedance 2.0 mini vs seedance 2.0,seedance 2.0 mini vs seedance 2.0,CANONICAL,1990,61,--,KEEP_P2,HAS_VOLUME,Comparison / Other,Blog：用于时效性、观点/Review、实验性新主题或适合文章表达的教程；不要写成低质批量水文。,BUILD_P1
/blog/seedance-2-0-mini-vs-fast,BLOG,P1,NEW,COMPARISON,/seedance-2-0,"Seedance 2.0 Mini vs Fast: Differences, Availability & Use Cases",Seedance 2.0 Mini vs Fast,3,PRIMARY,seedance 2.0 mini vs fast,seedance 2.0 mini vs fast,CANONICAL,1900,263,--,KEEP_P1,HAS_VOLUME,2.0 Mini / Fast Comparison,Blog：用于时效性、观点/Review、实验性新主题或适合文章表达的教程；不要写成低质批量水文。,BUILD_P1
/blog/seedance-2-0-mini-vs-fast,BLOG,P1,NEW,COMPARISON,/seedance-2-0,"Seedance 2.0 Mini vs Fast: Differences, Availability & Use Cases",Seedance 2.0 Mini vs Fast,4,PRIMARY,seedance 2.0 mini free,seedance 2.0 mini free,CANONICAL,1130,63,--,KEEP_P0,HAS_VOLUME,2.0 Commercial / Generator,Blog：用于时效性、观点/Review、实验性新主题或适合文章表达的教程；不要写成低质批量水文。,BUILD_P1
/blog/seedance-2-0-mini-vs-fast,BLOG,P1,NEW,COMPARISON,/seedance-2-0,"Seedance 2.0 Mini vs Fast: Differences, Availability & Use Cases",Seedance 2.0 Mini vs Fast,5,PRIMARY,seedance 2.0 fast vs normal,seedance 2.0 fast vs normal,CANONICAL,1000,763,21,KEEP_P2,HAS_VOLUME,Comparison / Other,Blog：用于时效性、观点/Review、实验性新主题或适合文章表达的教程；不要写成低质批量水文。,BUILD_P1
/blog/seedance-2-0-mini-vs-fast,BLOG,P1,NEW,COMPARISON,/seedance-2-0,"Seedance 2.0 Mini vs Fast: Differences, Availability & Use Cases",Seedance 2.0 Mini vs Fast,6,PRIMARY,whats the difference between seedance 2.0 and seedance 2.0 fast,whats the difference between seedance 2.0 and seedance 2.0 fast,CANONICAL,950,66,--,KEEP_P2,HAS_VOLUME,Comparison / Other,Blog：用于时效性、观点/Review、实验性新主题或适合文章表达的教程；不要写成低质批量水文。,BUILD_P1
/blog/seedance-2-0-mini-vs-fast,BLOG,P1,NEW,COMPARISON,/seedance-2-0,"Seedance 2.0 Mini vs Fast: Differences, Availability & Use Cases",Seedance 2.0 Mini vs Fast,7,PRIMARY,is seedance 2.0 mini worse than seedance 1.5 pro,is seedance 2.0 mini worse than seedance 1.5 pro,CANONICAL,650,0,--,KEEP_P2,HAS_VOLUME,Versions / Legacy Models,Blog：用于时效性、观点/Review、实验性新主题或适合文章表达的教程；不要写成低质批量水文。,BUILD_P1
/blog/seedance-2-0-mini-vs-fast,BLOG,P1,NEW,COMPARISON,/seedance-2-0,"Seedance 2.0 Mini vs Fast: Differences, Availability & Use Cases",Seedance 2.0 Mini vs Fast,8,PRIMARY,seedance 2.0 mini mode higsfiled mcp,seedance 2.0 mini mode higsfiled mcp,CANONICAL,580,14,--,KEEP_P2,HAS_VOLUME,MCP / Agent Workflow,Blog：用于时效性、观点/Review、实验性新主题或适合文章表达的教程；不要写成低质批量水文。,BUILD_P1
/blog/seedance-2-0-mini-vs-fast,BLOG,P1,NEW,COMPARISON,/seedance-2-0,"Seedance 2.0 Mini vs Fast: Differences, Availability & Use Cases",Seedance 2.0 Mini vs Fast,9,SECONDARY,where ca n i buy credits for seedance 2.0 mini which is the cheapest,where ca n i buy credits for seedance 2.0 mini which is the cheapest,CANONICAL,560,12,--,KEEP_P0,HAS_VOLUME,2.0 Commercial / Generator,Blog：用于时效性、观点/Review、实验性新主题或适合文章表达的教程；不要写成低质批量水文。,BUILD_P1
/blog/seedance-2-0-mini-vs-fast,BLOG,P1,NEW,COMPARISON,/seedance-2-0,"Seedance 2.0 Mini vs Fast: Differences, Availability & Use Cases",Seedance 2.0 Mini vs Fast,10,SECONDARY,seedance 2.0 fast vs seedance 2.0 mini,seedance 2.0 fast vs seedance 2.0 mini,CANONICAL,520,8,--,KEEP_P2,HAS_VOLUME,2.0 Mini / Fast Comparison,Blog：用于时效性、观点/Review、实验性新主题或适合文章表达的教程；不要写成低质批量水文。,BUILD_P1
/blog/seedance-2-0-mini-vs-fast,BLOG,P1,NEW,COMPARISON,/seedance-2-0,"Seedance 2.0 Mini vs Fast: Differences, Availability & Use Cases",Seedance 2.0 Mini vs Fast,11,SECONDARY,seedance 2.0 mini api,seedance 2.0 mini api,CANONICAL,470,383,3,KEEP_P1,HAS_VOLUME,API / Developer,Blog：用于时效性、观点/Review、实验性新主题或适合文章表达的教程；不要写成低质批量水文。,BUILD_P1
/blog/seedance-2-0-mini-vs-fast,BLOG,P1,NEW,COMPARISON,/seedance-2-0,"Seedance 2.0 Mini vs Fast: Differences, Availability & Use Cases",Seedance 2.0 Mini vs Fast,12,SECONDARY,seedance 2.0 mini realistic,seedance 2.0 mini realistic,CANONICAL,460,11,--,KEEP_P0,HAS_VOLUME,2.0 Core / Generator,Blog：用于时效性、观点/Review、实验性新主题或适合文章表达的教程；不要写成低质批量水文。,BUILD_P1
/blog/seedance-2-0-mini-vs-fast,BLOG,P1,NEW,COMPARISON,/seedance-2-0,"Seedance 2.0 Mini vs Fast: Differences, Availability & Use Cases",Seedance 2.0 Mini vs Fast,13,SECONDARY,seedance 2.0 mini github,seedance 2.0 mini github,CANONICAL,460,0,--,KEEP_P2,HAS_VOLUME,Open Source / Local / Ecosystem,Blog：用于时效性、观点/Review、实验性新主题或适合文章表达的教程；不要写成低质批量水文。,BUILD_P1
/blog/seedance-2-0-mini-vs-fast,BLOG,P1,NEW,COMPARISON,/seedance-2-0,"Seedance 2.0 Mini vs Fast: Differences, Availability & Use Cases",Seedance 2.0 Mini vs Fast,14,SECONDARY,seedance 2.0 vs seedance 2.0 mini,seedance 2.0 vs seedance 2.0 mini,CANONICAL,450,106,--,KEEP_P2,HAS_VOLUME,Comparison / Other,Blog：用于时效性、观点/Review、实验性新主题或适合文章表达的教程；不要写成低质批量水文。,BUILD_P1
/blog/seedance-2-0-mini-vs-fast,BLOG,P1,NEW,COMPARISON,/seedance-2-0,"Seedance 2.0 Mini vs Fast: Differences, Availability & Use Cases",Seedance 2.0 Mini vs Fast,15,SECONDARY,seedance2.0 mini,seedance2.0 mini,CANONICAL,410,257,--,KEEP_P0,HAS_VOLUME,2.0 Core / Generator,Blog：用于时效性、观点/Review、实验性新主题或适合文章表达的教程；不要写成低质批量水文。,BUILD_P1
/blog/seedance-2-0-mini-vs-fast,BLOG,P1,NEW,COMPARISON,/seedance-2-0,"Seedance 2.0 Mini vs Fast: Differences, Availability & Use Cases",Seedance 2.0 Mini vs Fast,16,SECONDARY,seedance 2.0 mini 480p,seedance 2.0 mini 480p,CANONICAL,410,18,--,KEEP_P2,HAS_VOLUME,2.0 Resolution / Specs,Blog：用于时效性、观点/Review、实验性新主题或适合文章表达的教程；不要写成低质批量水文。,BUILD_P1
/blog/seedance-2-0-mini-vs-fast,BLOG,P1,NEW,COMPARISON,/seedance-2-0,"Seedance 2.0 Mini vs Fast: Differences, Availability & Use Cases",Seedance 2.0 Mini vs Fast,17,TYPO_SUPPORT,sedance 2.0 vs seedance 2.0 fast quality redit,seedance 2.0 vs seedance 2.0 fast quality redit,TYPO,410,0,--,KEEP_P2,HAS_VOLUME,Comparison / Other,Blog：用于时效性、观点/Review、实验性新主题或适合文章表达的教程；不要写成低质批量水文。,BUILD_P1
/blog/seedance-2-0-mini-vs-fast,BLOG,P1,NEW,COMPARISON,/seedance-2-0,"Seedance 2.0 Mini vs Fast: Differences, Availability & Use Cases",Seedance 2.0 Mini vs Fast,18,TYPO_SUPPORT,sedance 2.0 vs seedance 2.0 fast redit,seedance 2.0 vs seedance 2.0 fast redit,TYPO,410,0,--,KEEP_P2,HAS_VOLUME,Comparison / Other,Blog：用于时效性、观点/Review、实验性新主题或适合文章表达的教程；不要写成低质批量水文。,BUILD_P1
/blog/seedance-2-0-mini-vs-fast,BLOG,P1,NEW,COMPARISON,/seedance-2-0,"Seedance 2.0 Mini vs Fast: Differences, Availability & Use Cases",Seedance 2.0 Mini vs Fast,19,SECONDARY,seedance 2.0 vs seedance 2.0 fast quality reddit,seedance 2.0 vs seedance 2.0 fast quality reddit,CANONICAL,410,0,--,KEEP_P2,HAS_VOLUME,Comparison / Other,Blog：用于时效性、观点/Review、实验性新主题或适合文章表达的教程；不要写成低质批量水文。,BUILD_P1
/blog/seedance-2-0-mini-vs-fast,BLOG,P1,NEW,COMPARISON,/seedance-2-0,"Seedance 2.0 Mini vs Fast: Differences, Availability & Use Cases",Seedance 2.0 Mini vs Fast,20,SECONDARY,what's cheaper seedance 2.0 mini or gemini omni flash,what's cheaper seedance 2.0 mini or gemini omni flash,CANONICAL,400,0,--,KEEP_P0,HAS_VOLUME,2.0 Commercial / Generator,Blog：用于时效性、观点/Review、实验性新主题或适合文章表达的教程；不要写成低质批量水文。,BUILD_P1
/blog/seedance-2-0-mini-vs-fast,BLOG,P1,NEW,COMPARISON,/seedance-2-0,"Seedance 2.0 Mini vs Fast: Differences, Availability & Use Cases",Seedance 2.0 Mini vs Fast,21,SECONDARY,veo 3.1 fast vs seedance 2.0,veo 3.1 fast vs seedance 2.0,CANONICAL,390,9,--,KEEP_P2,HAS_VOLUME,Competitor Comparison / Veo,Blog：用于时效性、观点/Review、实验性新主题或适合文章表达的教程；不要写成低质批量水文。,BUILD_P1
/blog/seedance-2-0-mini-vs-fast,BLOG,P1,NEW,COMPARISON,/seedance-2-0,"Seedance 2.0 Mini vs Fast: Differences, Availability & Use Cases",Seedance 2.0 Mini vs Fast,22,SECONDARY,seedance 2.0 vs 2.0 mini,seedance 2.0 vs 2.0 mini,CANONICAL,370,30,--,KEEP_P2,HAS_VOLUME,Comparison / Other,Blog：用于时效性、观点/Review、实验性新主题或适合文章表达的教程；不要写成低质批量水文。,BUILD_P1
/blog/seedance-2-0-mini-vs-fast,BLOG,P1,NEW,COMPARISON,/seedance-2-0,"Seedance 2.0 Mini vs Fast: Differences, Availability & Use Cases",Seedance 2.0 Mini vs Fast,23,SECONDARY,seedance 2.0 mini documentation,seedance 2.0 mini documentation,CANONICAL,340,14,--,KEEP_P1,HAS_VOLUME,API / Developer,Blog：用于时效性、观点/Review、实验性新主题或适合文章表达的教程；不要写成低质批量水文。,BUILD_P1
/blog/seedance-2-0-mini-vs-fast,BLOG,P1,NEW,COMPARISON,/seedance-2-0,"Seedance 2.0 Mini vs Fast: Differences, Availability & Use Cases",Seedance 2.0 Mini vs Fast,24,SECONDARY,seedance 2.0 mini 料金比較,seedance 2.0 mini 料金比較,CANONICAL,330,0,--,KEEP_P0,HAS_VOLUME,2.0 Commercial / Generator,Blog：用于时效性、观点/Review、实验性新主题或适合文章表达的教程；不要写成低质批量水文。,BUILD_P1
/blog/seedance-2-0-mini-vs-fast,BLOG,P1,NEW,COMPARISON,/seedance-2-0,"Seedance 2.0 Mini vs Fast: Differences, Availability & Use Cases",Seedance 2.0 Mini vs Fast,25,SECONDARY,seedance2.0 mini 料金比較,seedance2.0 mini 料金比較,CANONICAL,330,0,--,KEEP_P0,HAS_VOLUME,2.0 Commercial / Generator,Blog：用于时效性、观点/Review、实验性新主题或适合文章表达的教程；不要写成低质批量水文。,BUILD_P1
/blog/seedance-2-0-mini-vs-fast,BLOG,P1,NEW,COMPARISON,/seedance-2-0,"Seedance 2.0 Mini vs Fast: Differences, Availability & Use Cases",Seedance 2.0 Mini vs Fast,26,SECONDARY,seedance 2.0 mini pollo ai,seedance 2.0 mini pollo ai,CANONICAL,310,0,--,KEEP_P0,HAS_VOLUME,2.0 Core / Generator,Blog：用于时效性、观点/Review、实验性新主题或适合文章表达的教程；不要写成低质批量水文。,BUILD_P1
/blog/seedance-2-0-mini-vs-fast,BLOG,P1,NEW,COMPARISON,/seedance-2-0,"Seedance 2.0 Mini vs Fast: Differences, Availability & Use Cases",Seedance 2.0 Mini vs Fast,27,SECONDARY,artlist unlimited seedance 2.0 mini reddit,artlist unlimited seedance 2.0 mini reddit,CANONICAL,290,0,--,KEEP_P0,HAS_VOLUME,2.0 Commercial / Generator,Blog：用于时效性、观点/Review、实验性新主题或适合文章表达的教程；不要写成低质批量水文。,BUILD_P1
/blog/seedance-2-0-mini-vs-fast,BLOG,P1,NEW,COMPARISON,/seedance-2-0,"Seedance 2.0 Mini vs Fast: Differences, Availability & Use Cases",Seedance 2.0 Mini vs Fast,28,SECONDARY,seedance 2.0 vs seedance 2.0 fast,seedance 2.0 vs seedance 2.0 fast,CANONICAL,270,608,35,KEEP_P2,HAS_VOLUME,Comparison / Other,Blog：用于时效性、观点/Review、实验性新主题或适合文章表达的教程；不要写成低质批量水文。,BUILD_P1
/blog/seedance-2-0-mini-vs-fast,BLOG,P1,NEW,COMPARISON,/seedance-2-0,"Seedance 2.0 Mini vs Fast: Differences, Availability & Use Cases",Seedance 2.0 Mini vs Fast,29,SECONDARY,seedance2.0 mini reference videos,seedance2.0 mini reference videos,CANONICAL,270,0,--,KEEP_P0,HAS_VOLUME,2.0 Core / Generator,Blog：用于时效性、观点/Review、实验性新主题或适合文章表达的教程；不要写成低质批量水文。,BUILD_P1
/blog/seedance-2-0-mini-vs-fast,BLOG,P1,NEW,COMPARISON,/seedance-2-0,"Seedance 2.0 Mini vs Fast: Differences, Availability & Use Cases",Seedance 2.0 Mini vs Fast,30,SECONDARY,free seedance 2.0 mini model,free seedance 2.0 mini model,CANONICAL,240,0,--,KEEP_P0,HAS_VOLUME,2.0 Commercial / Generator,Blog：用于时效性、观点/Review、实验性新主题或适合文章表达的教程；不要写成低质批量水文。,BUILD_P1
/blog/seedance-2-0-mini-vs-fast,BLOG,P1,NEW,COMPARISON,/seedance-2-0,"Seedance 2.0 Mini vs Fast: Differences, Availability & Use Cases",Seedance 2.0 Mini vs Fast,31,SECONDARY,free seedance 2.0 mini model credits,free seedance 2.0 mini model credits,CANONICAL,240,0,--,KEEP_P0,HAS_VOLUME,2.0 Commercial / Generator,Blog：用于时效性、观点/Review、实验性新主题或适合文章表达的教程；不要写成低质批量水文。,BUILD_P1
/blog/seedance-2-0-mini-vs-fast,BLOG,P1,NEW,COMPARISON,/seedance-2-0,"Seedance 2.0 Mini vs Fast: Differences, Availability & Use Cases",Seedance 2.0 Mini vs Fast,32,SECONDARY,free seedance 2.0 mini model free,free seedance 2.0 mini model free,CANONICAL,240,0,--,KEEP_P0,HAS_VOLUME,2.0 Commercial / Generator,Blog：用于时效性、观点/Review、实验性新主题或适合文章表达的教程；不要写成低质批量水文。,BUILD_P1
/blog/seedance-2-0-mini-vs-fast,BLOG,P1,NEW,COMPARISON,/seedance-2-0,"Seedance 2.0 Mini vs Fast: Differences, Availability & Use Cases",Seedance 2.0 Mini vs Fast,33,SECONDARY,new free seedance 2.0 mini model credits,new free seedance 2.0 mini model credits,CANONICAL,240,0,--,KEEP_P0,HAS_VOLUME,2.0 Commercial / Generator,Blog：用于时效性、观点/Review、实验性新主题或适合文章表达的教程；不要写成低质批量水文。,BUILD_P1
/blog/seedance-2-0-mini-vs-fast,BLOG,P1,NEW,COMPARISON,/seedance-2-0,"Seedance 2.0 Mini vs Fast: Differences, Availability & Use Cases",Seedance 2.0 Mini vs Fast,34,SECONDARY,openrouter seedance 2.0 mini,openrouter seedance 2.0 mini,CANONICAL,240,0,--,KEEP_P0,HAS_VOLUME,Platforms / Providers,Blog：用于时效性、观点/Review、实验性新主题或适合文章表达的教程；不要写成低质批量水文。,BUILD_P1
/blog/seedance-2-0-mini-vs-fast,BLOG,P1,NEW,COMPARISON,/seedance-2-0,"Seedance 2.0 Mini vs Fast: Differences, Availability & Use Cases",Seedance 2.0 Mini vs Fast,35,SECONDARY,seedance 2.0 mini ai online video generator workflow,seedance 2.0 mini ai online video generator workflow,CANONICAL,240,0,--,KEEP_P0,HAS_VOLUME,2.0 Core / Generator,Blog：用于时效性、观点/Review、实验性新主题或适合文章表达的教程；不要写成低质批量水文。,BUILD_P1
/blog/seedance-2-0-mini-vs-fast,BLOG,P1,NEW,COMPARISON,/seedance-2-0,"Seedance 2.0 Mini vs Fast: Differences, Availability & Use Cases",Seedance 2.0 Mini vs Fast,36,SECONDARY,seedance 2.0 mini ai online video generator workflow unlimited,seedance 2.0 mini ai online video generator workflow unlimited,CANONICAL,240,0,--,KEEP_P0,HAS_VOLUME,2.0 Commercial / Generator,Blog：用于时效性、观点/Review、实验性新主题或适合文章表达的教程；不要写成低质批量水文。,BUILD_P1
/blog/seedance-2-0-mini-vs-fast,BLOG,P1,NEW,COMPARISON,/seedance-2-0,"Seedance 2.0 Mini vs Fast: Differences, Availability & Use Cases",Seedance 2.0 Mini vs Fast,37,SECONDARY,seedance 2.0 mini unlimited,seedance 2.0 mini unlimited,CANONICAL,230,85,40,KEEP_P0,HAS_VOLUME,2.0 Commercial / Generator,Blog：用于时效性、观点/Review、实验性新主题或适合文章表达的教程；不要写成低质批量水文。,BUILD_P1
/blog/seedance-2-0-mini-vs-fast,BLOG,P1,NEW,COMPARISON,/seedance-2-0,"Seedance 2.0 Mini vs Fast: Differences, Availability & Use Cases",Seedance 2.0 Mini vs Fast,38,SECONDARY,o seedance 2.0 mini pega áudio como referência?,o seedance 2.0 mini pega áudio como referência?,CANONICAL,230,7,--,KEEP_P0,HAS_VOLUME,2.0 Core / Generator,Blog：用于时效性、观点/Review、实验性新主题或适合文章表达的教程；不要写成低质批量水文。,BUILD_P1
/blog/seedance-2-0-mini-vs-fast,BLOG,P1,NEW,COMPARISON,/seedance-2-0,"Seedance 2.0 Mini vs Fast: Differences, Availability & Use Cases",Seedance 2.0 Mini vs Fast,39,SECONDARY,seedance 2.0 fast and seedance mini which is better for voice,seedance 2.0 fast and seedance mini which is better for voice,CANONICAL,230,0,--,KEEP_P2,HAS_VOLUME,2.0 Mini / Fast Comparison,Blog：用于时效性、观点/Review、实验性新主题或适合文章表达的教程；不要写成低质批量水文。,BUILD_P1
/blog/seedance-2-0-mini-vs-fast,BLOG,P1,NEW,COMPARISON,/seedance-2-0,"Seedance 2.0 Mini vs Fast: Differences, Availability & Use Cases",Seedance 2.0 Mini vs Fast,40,SECONDARY,seedance 2.0 mini 480 cost,seedance 2.0 mini 480 cost,CANONICAL,230,0,--,KEEP_P0,HAS_VOLUME,2.0 Commercial / Generator,Blog：用于时效性、观点/Review、实验性新主题或适合文章表达的教程；不要写成低质批量水文。,BUILD_P1
/blog/seedance-2-0-mini-vs-fast,BLOG,P1,NEW,COMPARISON,/seedance-2-0,"Seedance 2.0 Mini vs Fast: Differences, Availability & Use Cases",Seedance 2.0 Mini vs Fast,41,SECONDARY,seedance 2.0 mini resolution,seedance 2.0 mini resolution,CANONICAL,230,0,--,KEEP_P2,HAS_VOLUME,2.0 Resolution / Specs,Blog：用于时效性、观点/Review、实验性新主题或适合文章表达的教程；不要写成低质批量水文。,BUILD_P1
/blog/seedance-2-0-mini-vs-fast,BLOG,P1,NEW,COMPARISON,/seedance-2-0,"Seedance 2.0 Mini vs Fast: Differences, Availability & Use Cases",Seedance 2.0 Mini vs Fast,42,SECONDARY,seedance 2.0 vs seedance 2.0 mini vs seedance 2.0 fast,seedance 2.0 vs seedance 2.0 mini vs seedance 2.0 fast,CANONICAL,220,15,--,KEEP_P2,HAS_VOLUME,2.0 Mini / Fast Comparison,Blog：用于时效性、观点/Review、实验性新主题或适合文章表达的教程；不要写成低质批量水文。,BUILD_P1
/blog/seedance-2-0-mini-vs-fast,BLOG,P1,NEW,COMPARISON,/seedance-2-0,"Seedance 2.0 Mini vs Fast: Differences, Availability & Use Cases",Seedance 2.0 Mini vs Fast,43,SECONDARY,seedance 2.0 vs mini,seedance 2.0 vs mini,CANONICAL,210,103,--,KEEP_P2,HAS_VOLUME,Comparison / Other,Blog：用于时效性、观点/Review、实验性新主题或适合文章表达的教程；不要写成低质批量水文。,BUILD_P1
/blog/seedance-2-0-mini-vs-fast,BLOG,P1,NEW,COMPARISON,/seedance-2-0,"Seedance 2.0 Mini vs Fast: Differences, Availability & Use Cases",Seedance 2.0 Mini vs Fast,44,SECONDARY,free seedance 2.0 mini online video generator,free seedance 2.0 mini online video generator,CANONICAL,210,0,--,KEEP_P0,HAS_VOLUME,2.0 Commercial / Generator,Blog：用于时效性、观点/Review、实验性新主题或适合文章表达的教程；不要写成低质批量水文。,BUILD_P1
/blog/seedance-2-0-mini-vs-fast,BLOG,P1,NEW,COMPARISON,/seedance-2-0,"Seedance 2.0 Mini vs Fast: Differences, Availability & Use Cases",Seedance 2.0 Mini vs Fast,45,SECONDARY,seedance 2.0 mini ai online video generator,seedance 2.0 mini ai online video generator,CANONICAL,210,0,--,KEEP_P0,HAS_VOLUME,2.0 Core / Generator,Blog：用于时效性、观点/Review、实验性新主题或适合文章表达的教程；不要写成低质批量水文。,BUILD_P1
/blog/seedance-2-0-mini-vs-fast,BLOG,P1,NEW,COMPARISON,/seedance-2-0,"Seedance 2.0 Mini vs Fast: Differences, Availability & Use Cases",Seedance 2.0 Mini vs Fast,46,SECONDARY,dreamina seedance 2.0 mini,dreamina seedance 2.0 mini,CANONICAL,200,292,2,KEEP_P0,HAS_VOLUME,Platforms / Providers,Blog：用于时效性、观点/Review、实验性新主题或适合文章表达的教程；不要写成低质批量水文。,BUILD_P1
/blog/seedance-2-0-mini-vs-fast,BLOG,P1,NEW,COMPARISON,/seedance-2-0,"Seedance 2.0 Mini vs Fast: Differences, Availability & Use Cases",Seedance 2.0 Mini vs Fast,47,SECONDARY,bytedance: seedance 2.0 mini,bytedance: seedance 2.0 mini,CANONICAL,200,0,--,KEEP_P0,HAS_VOLUME,2.0 Core / Generator,Blog：用于时效性、观点/Review、实验性新主题或适合文章表达的教程；不要写成低质批量水文。,BUILD_P1
/blog/seedance-2-0-mini-vs-fast,BLOG,P1,NEW,COMPARISON,/seedance-2-0,"Seedance 2.0 Mini vs Fast: Differences, Availability & Use Cases",Seedance 2.0 Mini vs Fast,48,SECONDARY,kie seedance 2.0 mini price cut,kie seedance 2.0 mini price cut,CANONICAL,190,0,--,KEEP_P0,HAS_VOLUME,2.0 Commercial / Generator,Blog：用于时效性、观点/Review、实验性新主题或适合文章表达的教程；不要写成低质批量水文。,BUILD_P1
/blog/seedance-2-0-mini-vs-fast,BLOG,P1,NEW,COMPARISON,/seedance-2-0,"Seedance 2.0 Mini vs Fast: Differences, Availability & Use Cases",Seedance 2.0 Mini vs Fast,49,SECONDARY,seedance 2.0 mini resource packs / 新客优惠 / 节省计划 / 企业包,seedance 2.0 mini resource packs / 新客优惠 / 节省计划 / 企业包,CANONICAL,190,0,--,KEEP_P0,HAS_VOLUME,2.0 Core / Generator,Blog：用于时效性、观点/Review、实验性新主题或适合文章表达的教程；不要写成低质批量水文。,BUILD_P1
/blog/seedance-2-0-mini-vs-fast,BLOG,P1,NEW,COMPARISON,/seedance-2-0,"Seedance 2.0 Mini vs Fast: Differences, Availability & Use Cases",Seedance 2.0 Mini vs Fast,50,SECONDARY,seedance 2.0 vs 2.0 fast vs mini,seedance 2.0 vs 2.0 fast vs mini,CANONICAL,190,0,--,KEEP_P2,HAS_VOLUME,2.0 Mini / Fast Comparison,Blog：用于时效性、观点/Review、实验性新主题或适合文章表达的教程；不要写成低质批量水文。,BUILD_P1
/blog/seedance-2-0-mini-vs-fast,BLOG,P1,NEW,COMPARISON,/seedance-2-0,"Seedance 2.0 Mini vs Fast: Differences, Availability & Use Cases",Seedance 2.0 Mini vs Fast,51,SECONDARY,seedance 2.0 vs seedance 2.0 fast i'm only generating 720p,seedance 2.0 vs seedance 2.0 fast i'm only generating 720p,CANONICAL,180,89,--,KEEP_P2,HAS_VOLUME,Comparison / Other,Blog：用于时效性、观点/Review、实验性新主题或适合文章表达的教程；不要写成低质批量水文。,BUILD_P1
/blog/seedance-2-0-mini-vs-fast,BLOG,P1,NEW,COMPARISON,/seedance-2-0,"Seedance 2.0 Mini vs Fast: Differences, Availability & Use Cases",Seedance 2.0 Mini vs Fast,52,SECONDARY,"difference between seedance 2.5, seedance 2.0, fast and mini","difference between seedance 2.5, seedance 2.0, fast and mini",CANONICAL,180,0,--,KEEP_P0,HAS_VOLUME,2.5 vs 2.0,Blog：用于时效性、观点/Review、实验性新主题或适合文章表达的教程；不要写成低质批量水文。,BUILD_P1
/blog/seedance-2-0-mini-vs-fast,BLOG,P1,NEW,COMPARISON,/seedance-2-0,"Seedance 2.0 Mini vs Fast: Differences, Availability & Use Cases",Seedance 2.0 Mini vs Fast,53,SECONDARY,seedance 2.0 mini cost,seedance 2.0 mini cost,CANONICAL,170,44,--,KEEP_P0,HAS_VOLUME,2.0 Commercial / Generator,Blog：用于时效性、观点/Review、实验性新主题或适合文章表达的教程；不要写成低质批量水文。,BUILD_P1
/blog/seedance-2-0-mini-vs-fast,BLOG,P1,NEW,COMPARISON,/seedance-2-0,"Seedance 2.0 Mini vs Fast: Differences, Availability & Use Cases",Seedance 2.0 Mini vs Fast,54,SECONDARY,tài khoản dreamina seedance 2.0 mini,tài khoản dreamina seedance 2.0 mini,CANONICAL,170,21,--,KEEP_P0,HAS_VOLUME,Platforms / Providers,Blog：用于时效性、观点/Review、实验性新主题或适合文章表达的教程；不要写成低质批量水文。,BUILD_P1
/blog/seedance-2-0-mini-vs-fast,BLOG,P1,NEW,COMPARISON,/seedance-2-0,"Seedance 2.0 Mini vs Fast: Differences, Availability & Use Cases",Seedance 2.0 Mini vs Fast,55,SECONDARY,kie seedance 2.0 mini,kie seedance 2.0 mini,CANONICAL,170,0,--,KEEP_P0,HAS_VOLUME,2.0 Core / Generator,Blog：用于时效性、观点/Review、实验性新主题或适合文章表达的教程；不要写成低质批量水文。,BUILD_P1
/blog/seedance-2-0-mini-vs-fast,BLOG,P1,NEW,COMPARISON,/seedance-2-0,"Seedance 2.0 Mini vs Fast: Differences, Availability & Use Cases",Seedance 2.0 Mini vs Fast,56,SECONDARY,seedance 2.0 mini api docs,seedance 2.0 mini api docs,CANONICAL,170,0,--,KEEP_P1,HAS_VOLUME,API / Developer,Blog：用于时效性、观点/Review、实验性新主题或适合文章表达的教程；不要写成低质批量水文。,BUILD_P1
/blog/seedance-2-0-mini-vs-fast,BLOG,P1,NEW,COMPARISON,/seedance-2-0,"Seedance 2.0 Mini vs Fast: Differences, Availability & Use Cases",Seedance 2.0 Mini vs Fast,57,SECONDARY,seedance 2.0 mini reference-to-video  如何使用,seedance 2.0 mini reference-to-video 如何使用,CANONICAL,140,17,--,KEEP_P0,HAS_VOLUME,2.0 Core / Generator,Blog：用于时效性、观点/Review、实验性新主题或适合文章表达的教程；不要写成低质批量水文。,BUILD_P1
/blog/seedance-2-0-mini-vs-fast,BLOG,P1,NEW,COMPARISON,/seedance-2-0,"Seedance 2.0 Mini vs Fast: Differences, Availability & Use Cases",Seedance 2.0 Mini vs Fast,58,SECONDARY,seedance 2.0 fast vs normal reddit,seedance 2.0 fast vs normal reddit,CANONICAL,140,0,--,KEEP_P2,HAS_VOLUME,Comparison / Other,Blog：用于时效性、观点/Review、实验性新主题或适合文章表达的教程；不要写成低质批量水文。,BUILD_P1
/blog/seedance-2-0-mini-vs-fast,BLOG,P1,NEW,COMPARISON,/seedance-2-0,"Seedance 2.0 Mini vs Fast: Differences, Availability & Use Cases",Seedance 2.0 Mini vs Fast,59,SECONDARY,higgsfield seedance 2.0 vs seedance 2.0 fast,higgsfield seedance 2.0 vs seedance 2.0 fast,CANONICAL,130,12,--,KEEP_P2,HAS_VOLUME,Comparison / Other,Blog：用于时效性、观点/Review、实验性新主题或适合文章表达的教程；不要写成低质批量水文。,BUILD_P1
/blog/seedance-2-0-mini-vs-fast,BLOG,P1,NEW,COMPARISON,/seedance-2-0,"Seedance 2.0 Mini vs Fast: Differences, Availability & Use Cases",Seedance 2.0 Mini vs Fast,60,SECONDARY,seedance 2.0 vs mini vs fast,seedance 2.0 vs mini vs fast,CANONICAL,130,12,--,KEEP_P2,HAS_VOLUME,2.0 Mini / Fast Comparison,Blog：用于时效性、观点/Review、实验性新主题或适合文章表达的教程；不要写成低质批量水文。,BUILD_P1
/blog/seedance-2-0-mini-vs-fast,BLOG,P1,NEW,COMPARISON,/seedance-2-0,"Seedance 2.0 Mini vs Fast: Differences, Availability & Use Cases",Seedance 2.0 Mini vs Fast,61,ZERO_VOLUME_SUPPORT,seedance 2.0 vs fast,seedance 2.0 vs fast,CANONICAL,0,187,--,KEEP_P2,ZERO_VOLUME_RELEVANT,Comparison / Other,Blog：用于时效性、观点/Review、实验性新主题或适合文章表达的教程；不要写成低质批量水文。,BUILD_P1
/blog/seedance-2-0-mini-vs-fast,BLOG,P1,NEW,COMPARISON,/seedance-2-0,"Seedance 2.0 Mini vs Fast: Differences, Availability & Use Cases",Seedance 2.0 Mini vs Fast,62,ZERO_VOLUME_SUPPORT,difference between seedance 2.0 and seedance 2.0 fast,difference between seedance 2.0 and seedance 2.0 fast,CANONICAL,0,123,48,KEEP_P2,ZERO_VOLUME_RELEVANT,Comparison / Other,Blog：用于时效性、观点/Review、实验性新主题或适合文章表达的教程；不要写成低质批量水文。,BUILD_P1
/blog/seedance-2-0-mini-vs-fast,BLOG,P1,NEW,COMPARISON,/seedance-2-0,"Seedance 2.0 Mini vs Fast: Differences, Availability & Use Cases",Seedance 2.0 Mini vs Fast,63,ZERO_VOLUME_SUPPORT,create with dreamina seedance 2.0 mini 🔥,create with dreamina seedance 2.0 mini 🔥,CANONICAL,0,121,51,KEEP_P0,ZERO_VOLUME_RELEVANT,Platforms / Providers,Blog：用于时效性、观点/Review、实验性新主题或适合文章表达的教程；不要写成低质批量水文。,BUILD_P1
/blog/seedance-2-0-mini-vs-fast,BLOG,P1,NEW,COMPARISON,/seedance-2-0,"Seedance 2.0 Mini vs Fast: Differences, Availability & Use Cases",Seedance 2.0 Mini vs Fast,64,ZERO_VOLUME_SUPPORT,seedance 2.0 enhanced fast ile mini arasında ne fark var,seedance 2.0 enhanced fast ile mini arasında ne fark var,CANONICAL,0,94,--,KEEP_P0,ZERO_VOLUME_RELEVANT,2.0 Core / Generator,Blog：用于时效性、观点/Review、实验性新主题或适合文章表达的教程；不要写成低质批量水文。,BUILD_P1
/blog/seedance-2-0-mini-vs-fast,BLOG,P1,NEW,COMPARISON,/seedance-2-0,"Seedance 2.0 Mini vs Fast: Differences, Availability & Use Cases",Seedance 2.0 Mini vs Fast,65,ZERO_VOLUME_SUPPORT,byteplus seedance 2.0 mini,byteplus seedance 2.0 mini,CANONICAL,0,81,30,KEEP_P0,ZERO_VOLUME_RELEVANT,Platforms / Providers,Blog：用于时效性、观点/Review、实验性新主题或适合文章表达的教程；不要写成低质批量水文。,BUILD_P1
/blog/seedance-2-0-mini-vs-fast,BLOG,P1,NEW,COMPARISON,/seedance-2-0,"Seedance 2.0 Mini vs Fast: Differences, Availability & Use Cases",Seedance 2.0 Mini vs Fast,66,ZERO_VOLUME_SUPPORT,what is seedance 2.0 mini,what is seedance 2.0 mini,CANONICAL,0,75,--,KEEP_P0,ZERO_VOLUME_RELEVANT,What Is / Ownership / Company,Blog：用于时效性、观点/Review、实验性新主题或适合文章表达的教程；不要写成低质批量水文。,BUILD_P1
/blog/seedance-2-0-mini-vs-fast,BLOG,P1,NEW,COMPARISON,/seedance-2-0,"Seedance 2.0 Mini vs Fast: Differences, Availability & Use Cases",Seedance 2.0 Mini vs Fast,67,ZERO_VOLUME_SUPPORT,seedance 2.0 mini pinokio,seedance 2.0 mini pinokio,CANONICAL,0,74,--,KEEP_P0,ZERO_VOLUME_RELEVANT,2.0 Core / Generator,Blog：用于时效性、观点/Review、实验性新主题或适合文章表达的教程；不要写成低质批量水文。,BUILD_P1
/blog/seedance-2-0-mini-vs-fast,BLOG,P1,NEW,COMPARISON,/seedance-2-0,"Seedance 2.0 Mini vs Fast: Differences, Availability & Use Cases",Seedance 2.0 Mini vs Fast,68,ZERO_VOLUME_SUPPORT,seedance 2.0 mini modelark,seedance 2.0 mini modelark,CANONICAL,0,66,48,KEEP_P0,ZERO_VOLUME_RELEVANT,2.0 Core / Generator,Blog：用于时效性、观点/Review、实验性新主题或适合文章表达的教程；不要写成低质批量水文。,BUILD_P1
/blog/seedance-2-0-mini-vs-fast,BLOG,P1,NEW,COMPARISON,/seedance-2-0,"Seedance 2.0 Mini vs Fast: Differences, Availability & Use Cases",Seedance 2.0 Mini vs Fast,69,ZERO_VOLUME_SUPPORT,difference between seedance 2.0 and 2.0 fast,difference between seedance 2.0 and 2.0 fast,CANONICAL,0,62,--,KEEP_P2,ZERO_VOLUME_RELEVANT,Comparison / Other,Blog：用于时效性、观点/Review、实验性新主题或适合文章表达的教程；不要写成低质批量水文。,BUILD_P1
/blog/seedance-2-0-mini-vs-fast,BLOG,P1,NEW,COMPARISON,/seedance-2-0,"Seedance 2.0 Mini vs Fast: Differences, Availability & Use Cases",Seedance 2.0 Mini vs Fast,70,ZERO_VOLUME_SUPPORT,is seedance 2.0 mini good?,is seedance 2.0 mini good?,CANONICAL,0,55,--,KEEP_P0,ZERO_VOLUME_RELEVANT,2.0 Core / Generator,Blog：用于时效性、观点/Review、实验性新主题或适合文章表达的教程；不要写成低质批量水文。,BUILD_P1
/blog/seedance-2-0-mini-vs-fast,BLOG,P1,NEW,COMPARISON,/seedance-2-0,"Seedance 2.0 Mini vs Fast: Differences, Availability & Use Cases",Seedance 2.0 Mini vs Fast,71,ZERO_VOLUME_SUPPORT,seedance 2.0 mini ai video,seedance 2.0 mini ai video,CANONICAL,0,54,--,KEEP_P0,ZERO_VOLUME_RELEVANT,2.0 Core / Generator,Blog：用于时效性、观点/Review、实验性新主题或适合文章表达的教程；不要写成低质批量水文。,BUILD_P1
/blog/seedance-2-0-mini-vs-fast,BLOG,P1,NEW,COMPARISON,/seedance-2-0,"Seedance 2.0 Mini vs Fast: Differences, Availability & Use Cases",Seedance 2.0 Mini vs Fast,72,ZERO_VOLUME_SUPPORT,seedance 2.0 mini review,seedance 2.0 mini review,CANONICAL,0,54,--,KEEP_P2,ZERO_VOLUME_RELEVANT,Seedance Review / Reddit / Feedback,Blog：用于时效性、观点/Review、实验性新主题或适合文章表达的教程；不要写成低质批量水文。,BUILD_P1
/blog/seedance-2-0-mini-vs-fast,BLOG,P1,NEW,COMPARISON,/seedance-2-0,"Seedance 2.0 Mini vs Fast: Differences, Availability & Use Cases",Seedance 2.0 Mini vs Fast,73,ZERO_VOLUME_SUPPORT,seedance 2.0 mini fast,seedance 2.0 mini fast,CANONICAL,0,53,76,KEEP_P0,ZERO_VOLUME_RELEVANT,2.0 Core / Generator,Blog：用于时效性、观点/Review、实验性新主题或适合文章表达的教程；不要写成低质批量水文。,BUILD_P1
/blog/seedance-2-0-mini-vs-fast,BLOG,P1,NEW,COMPARISON,/seedance-2-0,"Seedance 2.0 Mini vs Fast: Differences, Availability & Use Cases",Seedance 2.0 Mini vs Fast,74,ZERO_VOLUME_SUPPORT,seedance 2.0 full vs seedance 2.0 fast,seedance 2.0 full vs seedance 2.0 fast,CANONICAL,0,52,--,KEEP_P2,ZERO_VOLUME_RELEVANT,Comparison / Other,Blog：用于时效性、观点/Review、实验性新主题或适合文章表达的教程；不要写成低质批量水文。,BUILD_P1
/blog/seedance-2-0-mini-vs-fast,BLOG,P1,NEW,COMPARISON,/seedance-2-0,"Seedance 2.0 Mini vs Fast: Differences, Availability & Use Cases",Seedance 2.0 Mini vs Fast,75,ZERO_VOLUME_SUPPORT,dreamina seedance 2.0 mini promoção,dreamina seedance 2.0 mini promoção,CANONICAL,0,50,1,KEEP_P0,ZERO_VOLUME_RELEVANT,Platforms / Providers,Blog：用于时效性、观点/Review、实验性新主题或适合文章表达的教程；不要写成低质批量水文。,BUILD_P1
/blog/seedance-2-0-mini-vs-fast,BLOG,P1,NEW,COMPARISON,/seedance-2-0,"Seedance 2.0 Mini vs Fast: Differences, Availability & Use Cases",Seedance 2.0 Mini vs Fast,76,ZERO_VOLUME_SUPPORT,seedance 2.0 mini topview,seedance 2.0 mini topview,CANONICAL,0,50,41,KEEP_P0,ZERO_VOLUME_RELEVANT,Platforms / Providers,Blog：用于时效性、观点/Review、实验性新主题或适合文章表达的教程；不要写成低质批量水文。,BUILD_P1
/blog/seedance-2-0-mini-vs-fast,BLOG,P1,NEW,COMPARISON,/seedance-2-0,"Seedance 2.0 Mini vs Fast: Differences, Availability & Use Cases",Seedance 2.0 Mini vs Fast,77,ZERO_VOLUME_SUPPORT,seedance 2.0 mini vs enhanced seedance 2.0 fast,seedance 2.0 mini vs enhanced seedance 2.0 fast,CANONICAL,0,49,--,KEEP_P2,ZERO_VOLUME_RELEVANT,2.0 Mini / Fast Comparison,Blog：用于时效性、观点/Review、实验性新主题或适合文章表达的教程；不要写成低质批量水文。,BUILD_P1
/blog/seedance-2-0-mini-vs-fast,BLOG,P1,NEW,COMPARISON,/seedance-2-0,"Seedance 2.0 Mini vs Fast: Differences, Availability & Use Cases",Seedance 2.0 Mini vs Fast,78,ZERO_VOLUME_SUPPORT,seedance 2.0 fast vs seedance mini,seedance 2.0 fast vs seedance mini,CANONICAL,0,48,--,KEEP_P2,ZERO_VOLUME_RELEVANT,2.0 Mini / Fast Comparison,Blog：用于时效性、观点/Review、实验性新主题或适合文章表达的教程；不要写成低质批量水文。,BUILD_P1
/blog/seedance-2-0-mini-vs-fast,BLOG,P1,NEW,COMPARISON,/seedance-2-0,"Seedance 2.0 Mini vs Fast: Differences, Availability & Use Cases",Seedance 2.0 Mini vs Fast,79,ZERO_VOLUME_SUPPORT,"seedance 2.0 ve seedance 2.0 mini farl-kı, lipsync","seedance 2.0 ve seedance 2.0 mini farl-kı, lipsync",CANONICAL,0,47,--,KEEP_P0,ZERO_VOLUME_RELEVANT,2.0 Core / Generator,Blog：用于时效性、观点/Review、实验性新主题或适合文章表达的教程；不要写成低质批量水文。,BUILD_P1
/blog/seedance-2-0-mini-vs-fast,BLOG,P1,NEW,COMPARISON,/seedance-2-0,"Seedance 2.0 Mini vs Fast: Differences, Availability & Use Cases",Seedance 2.0 Mini vs Fast,80,ZERO_VOLUME_SUPPORT,topview seedance 2.0 mini,topview seedance 2.0 mini,CANONICAL,0,47,6,KEEP_P0,ZERO_VOLUME_RELEVANT,Platforms / Providers,Blog：用于时效性、观点/Review、实验性新主题或适合文章表达的教程；不要写成低质批量水文。,BUILD_P1
/blog/seedance-2-0-mini-vs-fast,BLOG,P1,NEW,COMPARISON,/seedance-2-0,"Seedance 2.0 Mini vs Fast: Differences, Availability & Use Cases",Seedance 2.0 Mini vs Fast,81,ZERO_VOLUME_SUPPORT,unterschied seedance 2.0 und fast und mini,unterschied seedance 2.0 und fast und mini,CANONICAL,0,47,--,KEEP_P0,ZERO_VOLUME_RELEVANT,2.0 Core / Generator,Blog：用于时效性、观点/Review、实验性新主题或适合文章表达的教程；不要写成低质批量水文。,BUILD_P1
/blog/seedance-2-0-mini-vs-fast,BLOG,P1,NEW,COMPARISON,/seedance-2-0,"Seedance 2.0 Mini vs Fast: Differences, Availability & Use Cases",Seedance 2.0 Mini vs Fast,82,ZERO_VOLUME_SUPPORT,how to use seedance 2.0 mini effectively,how to use seedance 2.0 mini effectively,CANONICAL,0,43,1,KEEP_P0,ZERO_VOLUME_RELEVANT,How to Use / Tutorial,Blog：用于时效性、观点/Review、实验性新主题或适合文章表达的教程；不要写成低质批量水文。,BUILD_P1
/blog/seedance-2-0-mini-vs-fast,BLOG,P1,NEW,COMPARISON,/seedance-2-0,"Seedance 2.0 Mini vs Fast: Differences, Availability & Use Cases",Seedance 2.0 Mini vs Fast,83,ZERO_VOLUME_SUPPORT,seedance 2.0 vs seedance 2.0 fast reddit,seedance 2.0 vs seedance 2.0 fast reddit,CANONICAL,0,42,--,KEEP_P2,ZERO_VOLUME_RELEVANT,Comparison / Other,Blog：用于时效性、观点/Review、实验性新主题或适合文章表达的教程；不要写成低质批量水文。,BUILD_P1
/blog/seedance-2-0-mini-vs-fast,BLOG,P1,NEW,COMPARISON,/seedance-2-0,"Seedance 2.0 Mini vs Fast: Differences, Availability & Use Cases",Seedance 2.0 Mini vs Fast,84,ZERO_VOLUME_SUPPORT,how long is seedance 2.0 mini,how long is seedance 2.0 mini,CANONICAL,0,41,--,KEEP_P0,ZERO_VOLUME_RELEVANT,2.0 Core / Generator,Blog：用于时效性、观点/Review、实验性新主题或适合文章表达的教程；不要写成低质批量水文。,BUILD_P1
/blog/seedance-2-0-mini-vs-fast,BLOG,P1,NEW,COMPARISON,/seedance-2-0,"Seedance 2.0 Mini vs Fast: Differences, Availability & Use Cases",Seedance 2.0 Mini vs Fast,85,ZERO_VOLUME_SUPPORT,qual a diferença do seedance 2.0 fast para o mini?,qual a diferença do seedance 2.0 fast para o mini?,CANONICAL,0,41,--,KEEP_P0,ZERO_VOLUME_RELEVANT,2.0 Core / Generator,Blog：用于时效性、观点/Review、实验性新主题或适合文章表达的教程；不要写成低质批量水文。,BUILD_P1
/blog/seedance-2-0-mini-vs-fast,BLOG,P1,NEW,COMPARISON,/seedance-2-0,"Seedance 2.0 Mini vs Fast: Differences, Availability & Use Cases",Seedance 2.0 Mini vs Fast,86,TYPO_SUPPORT,seedance 2.0 mini vs seednace 2.0 fast,seedance 2.0 mini vs seedance 2.0 fast,TYPO,0,19,--,KEEP_P2,ZERO_VOLUME_RELEVANT,2.0 Mini / Fast Comparison,Blog：用于时效性、观点/Review、实验性新主题或适合文章表达的教程；不要写成低质批量水文。,BUILD_P1
/blog/seedance-2-0-resolution-guide,BLOG,P1,NEW,GUIDE,/seedance-2-0,"Seedance 2.0 Resolution Guide: 720p, 1080p, 4K Queries Explained",Seedance 2.0 Resolution Guide,1,PRIMARY,seedance 2.0 4k,seedance 2.0 4k,CANONICAL,2280,1107,50,KEEP_P1,HAS_VOLUME,2.0 Resolution / Specs,Blog：用于时效性、观点/Review、实验性新主题或适合文章表达的教程；不要写成低质批量水文。,BUILD_P1
/blog/seedance-2-0-resolution-guide,BLOG,P1,NEW,GUIDE,/seedance-2-0,"Seedance 2.0 Resolution Guide: 720p, 1080p, 4K Queries Explained",Seedance 2.0 Resolution Guide,2,PRIMARY,seedance 2.0 4k unlimited,seedance 2.0 4k unlimited,CANONICAL,1560,47,--,KEEP_P0,HAS_VOLUME,2.0 Commercial / Generator,Blog：用于时效性、观点/Review、实验性新主题或适合文章表达的教程；不要写成低质批量水文。,BUILD_P1
/blog/seedance-2-0-resolution-guide,BLOG,P1,NEW,GUIDE,/seedance-2-0,"Seedance 2.0 Resolution Guide: 720p, 1080p, 4K Queries Explained",Seedance 2.0 Resolution Guide,3,PRIMARY,dreamina seedance 2.0 720p,dreamina seedance 2.0 720p,CANONICAL,1470,862,56,KEEP_P0,HAS_VOLUME,Platforms / Providers,Blog：用于时效性、观点/Review、实验性新主题或适合文章表达的教程；不要写成低质批量水文。,BUILD_P1
/blog/seedance-2-0-resolution-guide,BLOG,P1,NEW,GUIDE,/seedance-2-0,"Seedance 2.0 Resolution Guide: 720p, 1080p, 4K Queries Explained",Seedance 2.0 Resolution Guide,4,PRIMARY,seedance 2.0 1080p,seedance 2.0 1080p,CANONICAL,900,339,--,KEEP_P2,HAS_VOLUME,2.0 Resolution / Specs,Blog：用于时效性、观点/Review、实验性新主题或适合文章表达的教程；不要写成低质批量水文。,BUILD_P1
/blog/seedance-2-0-resolution-guide,BLOG,P1,NEW,GUIDE,/seedance-2-0,"Seedance 2.0 Resolution Guide: 720p, 1080p, 4K Queries Explained",Seedance 2.0 Resolution Guide,5,PRIMARY,seedance 2.0 4k free,seedance 2.0 4k free,CANONICAL,870,125,--,KEEP_P0,HAS_VOLUME,2.0 Commercial / Generator,Blog：用于时效性、观点/Review、实验性新主题或适合文章表达的教程；不要写成低质批量水文。,BUILD_P1
/blog/seedance-2-0-resolution-guide,BLOG,P1,NEW,GUIDE,/seedance-2-0,"Seedance 2.0 Resolution Guide: 720p, 1080p, 4K Queries Explained",Seedance 2.0 Resolution Guide,6,PRIMARY,traduccion you're all set — unlimited seedance 2.0 720p is already active on your workspace.,traduccion you're all set — unlimited seedance 2.0 720p is already active on your workspace.,CANONICAL,760,26,--,KEEP_P0,HAS_VOLUME,2.0 Commercial / Generator,Blog：用于时效性、观点/Review、实验性新主题或适合文章表达的教程；不要写成低质批量水文。,BUILD_P1
/blog/seedance-2-0-resolution-guide,BLOG,P1,NEW,GUIDE,/seedance-2-0,"Seedance 2.0 Resolution Guide: 720p, 1080p, 4K Queries Explained",Seedance 2.0 Resolution Guide,7,PRIMARY,you're all set — unlimited seedance 2.0 720p is already active on your workspace.,you're all set — unlimited seedance 2.0 720p is already active on your workspace.,CANONICAL,750,26,--,KEEP_P0,HAS_VOLUME,2.0 Commercial / Generator,Blog：用于时效性、观点/Review、实验性新主题或适合文章表达的教程；不要写成低质批量水文。,BUILD_P1
/blog/seedance-2-0-resolution-guide,BLOG,P1,NEW,GUIDE,/seedance-2-0,"Seedance 2.0 Resolution Guide: 720p, 1080p, 4K Queries Explained",Seedance 2.0 Resolution Guide,8,PRIMARY,seedance 2.0 1080p video api cost,seedance 2.0 1080p video api cost,CANONICAL,590,24,--,KEEP_P1,HAS_VOLUME,API / Developer,Blog：用于时效性、观点/Review、实验性新主题或适合文章表达的教程；不要写成低质批量水文。,BUILD_P1
/blog/seedance-2-0-resolution-guide,BLOG,P1,NEW,GUIDE,/seedance-2-0,"Seedance 2.0 Resolution Guide: 720p, 1080p, 4K Queries Explained",Seedance 2.0 Resolution Guide,9,SECONDARY,capcut dreamina seedance 2.0 max video resolution,capcut dreamina seedance 2.0 max video resolution,CANONICAL,550,18,--,KEEP_P0,HAS_VOLUME,Platforms / Providers,Blog：用于时效性、观点/Review、实验性新主题或适合文章表达的教程；不要写成低质批量水文。,BUILD_P1
/blog/seedance-2-0-resolution-guide,BLOG,P1,NEW,GUIDE,/seedance-2-0,"Seedance 2.0 Resolution Guide: 720p, 1080p, 4K Queries Explained",Seedance 2.0 Resolution Guide,10,SECONDARY,15s de seedance 2.0 higgisfield 1080p preco,15s de seedance 2.0 higgisfield 1080p preco,CANONICAL,520,0,--,KEEP_P2,HAS_VOLUME,2.0 Resolution / Specs,Blog：用于时效性、观点/Review、实验性新主题或适合文章表达的教程；不要写成低质批量水文。,BUILD_P1
/blog/seedance-2-0-resolution-guide,BLOG,P1,NEW,GUIDE,/seedance-2-0,"Seedance 2.0 Resolution Guide: 720p, 1080p, 4K Queries Explained",Seedance 2.0 Resolution Guide,11,SECONDARY,15s de seedance 2.0 higgsfield 1080p preco,15s de seedance 2.0 higgsfield 1080p preco,CANONICAL,520,0,--,KEEP_P0,HAS_VOLUME,Platforms / Providers,Blog：用于时效性、观点/Review、实验性新主题或适合文章表达的教程；不要写成低质批量水文。,BUILD_P1
/blog/seedance-2-0-resolution-guide,BLOG,P1,NEW,GUIDE,/seedance-2-0,"Seedance 2.0 Resolution Guide: 720p, 1080p, 4K Queries Explained",Seedance 2.0 Resolution Guide,12,SECONDARY,higgsfield fre seedance 2.0 4k public,higgsfield fre seedance 2.0 4k public,CANONICAL,470,0,--,KEEP_P0,HAS_VOLUME,Platforms / Providers,Blog：用于时效性、观点/Review、实验性新主题或适合文章表达的教程；不要写成低质批量水文。,BUILD_P1
/blog/seedance-2-0-resolution-guide,BLOG,P1,NEW,GUIDE,/seedance-2-0,"Seedance 2.0 Resolution Guide: 720p, 1080p, 4K Queries Explained",Seedance 2.0 Resolution Guide,13,SECONDARY,seedance 2.0 max duration,seedance 2.0 max duration,CANONICAL,450,8,--,KEEP_P2,HAS_VOLUME,2.0 Resolution / Specs,Blog：用于时效性、观点/Review、实验性新主题或适合文章表达的教程；不要写成低质批量水文。,BUILD_P1
/blog/seedance-2-0-resolution-guide,BLOG,P1,NEW,GUIDE,/seedance-2-0,"Seedance 2.0 Resolution Guide: 720p, 1080p, 4K Queries Explained",Seedance 2.0 Resolution Guide,14,SECONDARY,which platform offer seedance 2.0 1080 unlimited use for a day and what's the price,which platform offer seedance 2.0 1080 unlimited use for a day and what's the price,CANONICAL,440,0,--,KEEP_P0,HAS_VOLUME,2.0 Commercial / Generator,Blog：用于时效性、观点/Review、实验性新主题或适合文章表达的教程；不要写成低质批量水文。,BUILD_P1
/blog/seedance-2-0-resolution-guide,BLOG,P1,NEW,GUIDE,/seedance-2-0,"Seedance 2.0 Resolution Guide: 720p, 1080p, 4K Queries Explained",Seedance 2.0 Resolution Guide,15,SECONDARY,cost of seedance 2.0 on higgsfield in 4k,cost of seedance 2.0 on higgsfield in 4k,CANONICAL,380,0,--,KEEP_P0,HAS_VOLUME,2.0 Commercial / Generator,Blog：用于时效性、观点/Review、实验性新主题或适合文章表达的教程；不要写成低质批量水文。,BUILD_P1
/blog/seedance-2-0-resolution-guide,BLOG,P1,NEW,GUIDE,/seedance-2-0,"Seedance 2.0 Resolution Guide: 720p, 1080p, 4K Queries Explained",Seedance 2.0 Resolution Guide,16,SECONDARY,is seedance 2.0 in 4k free and private in higgsfield?,is seedance 2.0 in 4k free and private in higgsfield?,CANONICAL,350,0,--,KEEP_P0,HAS_VOLUME,2.0 Commercial / Generator,Blog：用于时效性、观点/Review、实验性新主题或适合文章表达的教程；不要写成低质批量水文。,BUILD_P1
/blog/seedance-2-0-resolution-guide,BLOG,P1,NEW,GUIDE,/seedance-2-0,"Seedance 2.0 Resolution Guide: 720p, 1080p, 4K Queries Explained",Seedance 2.0 Resolution Guide,17,SECONDARY,higgsfield seedance 2.0 4k prompt guide,higgsfield seedance 2.0 4k prompt guide,CANONICAL,290,7,--,KEEP_P0,HAS_VOLUME,Platforms / Providers,Blog：用于时效性、观点/Review、实验性新主题或适合文章表达的教程；不要写成低质批量水文。,BUILD_P1
/blog/seedance-2-0-resolution-guide,BLOG,P1,NEW,GUIDE,/seedance-2-0,"Seedance 2.0 Resolution Guide: 720p, 1080p, 4K Queries Explained",Seedance 2.0 Resolution Guide,18,SECONDARY,seedance 2.0 4k 動画 料金,seedance 2.0 4k 動画 料金,CANONICAL,270,25,--,KEEP_P0,HAS_VOLUME,2.0 Commercial / Generator,Blog：用于时效性、观点/Review、实验性新主题或适合文章表达的教程；不要写成低质批量水文。,BUILD_P1
/blog/seedance-2-0-resolution-guide,BLOG,P1,NEW,GUIDE,/seedance-2-0,"Seedance 2.0 Resolution Guide: 720p, 1080p, 4K Queries Explained",Seedance 2.0 Resolution Guide,19,SECONDARY,below is the link to try seedance 2.0 in 4k for free 🧩,below is the link to try seedance 2.0 in 4k for free 🧩,CANONICAL,260,0,--,KEEP_P0,HAS_VOLUME,2.0 Commercial / Generator,Blog：用于时效性、观点/Review、实验性新主题或适合文章表达的教程；不要写成低质批量水文。,BUILD_P1
/blog/seedance-2-0-resolution-guide,BLOG,P1,NEW,GUIDE,/seedance-2-0,"Seedance 2.0 Resolution Guide: 720p, 1080p, 4K Queries Explained",Seedance 2.0 Resolution Guide,20,SECONDARY,seedance 2.0 fast 1080p,seedance 2.0 fast 1080p,CANONICAL,230,0,--,KEEP_P2,HAS_VOLUME,2.0 Resolution / Specs,Blog：用于时效性、观点/Review、实验性新主题或适合文章表达的教程；不要写成低质批量水文。,BUILD_P1
/blog/seedance-2-0-resolution-guide,BLOG,P1,NEW,GUIDE,/seedance-2-0,"Seedance 2.0 Resolution Guide: 720p, 1080p, 4K Queries Explained",Seedance 2.0 Resolution Guide,21,SECONDARY,seedance 2.0 price at 1080p,seedance 2.0 price at 1080p,CANONICAL,230,0,--,KEEP_P0,HAS_VOLUME,2.0 Commercial / Generator,Blog：用于时效性、观点/Review、实验性新主题或适合文章表达的教程；不要写成低质批量水文。,BUILD_P1
/blog/seedance-2-0-resolution-guide,BLOG,P1,NEW,GUIDE,/seedance-2-0,"Seedance 2.0 Resolution Guide: 720p, 1080p, 4K Queries Explained",Seedance 2.0 Resolution Guide,22,SECONDARY,is higgsfield the cheapest for seedance 2.0 15secs 720p?,is higgsfield the cheapest for seedance 2.0 15secs 720p?,CANONICAL,210,8,--,KEEP_P0,HAS_VOLUME,2.0 Commercial / Generator,Blog：用于时效性、观点/Review、实验性新主题或适合文章表达的教程；不要写成低质批量水文。,BUILD_P1
/blog/seedance-2-0-resolution-guide,BLOG,P1,NEW,GUIDE,/seedance-2-0,"Seedance 2.0 Resolution Guide: 720p, 1080p, 4K Queries Explained",Seedance 2.0 Resolution Guide,23,SECONDARY,what platform give the cheapest 720p 15 seedance 2.0 generations,what platform give the cheapest 720p 15 seedance 2.0 generations,CANONICAL,210,8,--,KEEP_P0,HAS_VOLUME,2.0 Commercial / Generator,Blog：用于时效性、观点/Review、实验性新主题或适合文章表达的教程；不要写成低质批量水文。,BUILD_P1
/blog/seedance-2-0-resolution-guide,BLOG,P1,NEW,GUIDE,/seedance-2-0,"Seedance 2.0 Resolution Guide: 720p, 1080p, 4K Queries Explained",Seedance 2.0 Resolution Guide,24,SECONDARY,seedance 2.0 4k is out now on higgsfield,seedance 2.0 4k is out now on higgsfield,CANONICAL,190,0,--,KEEP_P0,HAS_VOLUME,Platforms / Providers,Blog：用于时效性、观点/Review、实验性新主题或适合文章表达的教程；不要写成低质批量水文。,BUILD_P1
/blog/seedance-2-0-resolution-guide,BLOG,P1,NEW,GUIDE,/seedance-2-0,"Seedance 2.0 Resolution Guide: 720p, 1080p, 4K Queries Explained",Seedance 2.0 Resolution Guide,25,SECONDARY,seedance 2.0 4k pricing,seedance 2.0 4k pricing,CANONICAL,140,83,33,KEEP_P0,HAS_VOLUME,2.0 Commercial / Generator,Blog：用于时效性、观点/Review、实验性新主题或适合文章表达的教程；不要写成低质批量水文。,BUILD_P1
/blog/seedance-2-0-resolution-guide,BLOG,P1,NEW,GUIDE,/seedance-2-0,"Seedance 2.0 Resolution Guide: 720p, 1080p, 4K Queries Explained",Seedance 2.0 Resolution Guide,26,SECONDARY,seedance 2.0 video length,seedance 2.0 video length,CANONICAL,120,190,46,KEEP_P2,HAS_VOLUME,2.0 Resolution / Specs,Blog：用于时效性、观点/Review、实验性新主题或适合文章表达的教程；不要写成低质批量水文。,BUILD_P1
/blog/seedance-2-0-resolution-guide,BLOG,P1,NEW,GUIDE,/seedance-2-0,"Seedance 2.0 Resolution Guide: 720p, 1080p, 4K Queries Explained",Seedance 2.0 Resolution Guide,27,SECONDARY,seedance2.0 4k价格,seedance2.0 4k价格,CANONICAL,70,20,--,KEEP_P2,HAS_VOLUME,2.0 Resolution / Specs,Blog：用于时效性、观点/Review、实验性新主题或适合文章表达的教程；不要写成低质批量水文。,BUILD_P1
/blog/seedance-2-0-resolution-guide,BLOG,P1,NEW,GUIDE,/seedance-2-0,"Seedance 2.0 Resolution Guide: 720p, 1080p, 4K Queries Explained",Seedance 2.0 Resolution Guide,28,SECONDARY,seedance2.0 4k 分辨率,seedance2.0 4k 分辨率,CANONICAL,70,6,--,KEEP_P2,HAS_VOLUME,2.0 Resolution / Specs,Blog：用于时效性、观点/Review、实验性新主题或适合文章表达的教程；不要写成低质批量水文。,BUILD_P1
/blog/seedance-2-0-resolution-guide,BLOG,P1,NEW,GUIDE,/seedance-2-0,"Seedance 2.0 Resolution Guide: 720p, 1080p, 4K Queries Explained",Seedance 2.0 Resolution Guide,29,SECONDARY,seedance 2.0 春节 720p 视频 多少积分 1 秒,seedance 2.0 春节 720p 视频 多少积分 1 秒,CANONICAL,60,0,--,KEEP_P2,HAS_VOLUME,2.0 Resolution / Specs,Blog：用于时效性、观点/Review、实验性新主题或适合文章表达的教程；不要写成低质批量水文。,BUILD_P1
/blog/seedance-2-0-resolution-guide,BLOG,P1,NEW,GUIDE,/seedance-2-0,"Seedance 2.0 Resolution Guide: 720p, 1080p, 4K Queries Explained",Seedance 2.0 Resolution Guide,30,SECONDARY,seedance 2.0 720p,seedance 2.0 720p,CANONICAL,50,242,63,KEEP_P2,HAS_VOLUME,2.0 Resolution / Specs,Blog：用于时效性、观点/Review、实验性新主题或适合文章表达的教程；不要写成低质批量水文。,BUILD_P1
/blog/seedance-2-0-resolution-guide,BLOG,P1,NEW,GUIDE,/seedance-2-0,"Seedance 2.0 Resolution Guide: 720p, 1080p, 4K Queries Explained",Seedance 2.0 Resolution Guide,31,SECONDARY,seedance 2.0 4k anime,seedance 2.0 4k anime,CANONICAL,50,23,--,KEEP_P2,HAS_VOLUME,2.0 Resolution / Specs,Blog：用于时效性、观点/Review、实验性新主题或适合文章表达的教程；不要写成低质批量水文。,BUILD_P1
/blog/seedance-2-0-resolution-guide,BLOG,P1,NEW,GUIDE,/seedance-2-0,"Seedance 2.0 Resolution Guide: 720p, 1080p, 4K Queries Explained",Seedance 2.0 Resolution Guide,32,SECONDARY,"seedance 2.0 4k , whats the cost per second , official bydance pricing","seedance 2.0 4k , whats the cost per second , official bydance pricing",CANONICAL,50,11,--,KEEP_P0,HAS_VOLUME,2.0 Commercial / Generator,Blog：用于时效性、观点/Review、实验性新主题或适合文章表达的教程；不要写成低质批量水文。,BUILD_P1
/blog/seedance-2-0-resolution-guide,BLOG,P1,NEW,GUIDE,/seedance-2-0,"Seedance 2.0 Resolution Guide: 720p, 1080p, 4K Queries Explained",Seedance 2.0 Resolution Guide,33,SECONDARY,seedance 2.0 4k 1sec price on lumina,seedance 2.0 4k 1sec price on lumina,CANONICAL,50,11,--,KEEP_P0,HAS_VOLUME,2.0 Commercial / Generator,Blog：用于时效性、观点/Review、实验性新主题或适合文章表达的教程；不要写成低质批量水文。,BUILD_P1
/blog/seedance-2-0-resolution-guide,BLOG,P1,NEW,GUIDE,/seedance-2-0,"Seedance 2.0 Resolution Guide: 720p, 1080p, 4K Queries Explained",Seedance 2.0 Resolution Guide,34,SECONDARY,dreamina seedance 2.0 720p api how to use,dreamina seedance 2.0 720p api how to use,CANONICAL,50,5,--,KEEP_P2,HAS_VOLUME,API / Developer,Blog：用于时效性、观点/Review、实验性新主题或适合文章表达的教程；不要写成低质批量水文。,BUILD_P1
/blog/seedance-2-0-resolution-guide,BLOG,P1,NEW,GUIDE,/seedance-2-0,"Seedance 2.0 Resolution Guide: 720p, 1080p, 4K Queries Explained",Seedance 2.0 Resolution Guide,35,SECONDARY,seedance2.0满血1080p,seedance2.0满血1080p,CANONICAL,40,10,--,KEEP_P2,HAS_VOLUME,Other / Contextual,Blog：用于时效性、观点/Review、实验性新主题或适合文章表达的教程；不要写成低质批量水文。,BUILD_P1
/blog/seedance-2-0-resolution-guide,BLOG,P1,NEW,GUIDE,/seedance-2-0,"Seedance 2.0 Resolution Guide: 720p, 1080p, 4K Queries Explained",Seedance 2.0 Resolution Guide,36,SECONDARY,seedance 2.0 4k higgsfield unlimite,seedance 2.0 4k higgsfield unlimite,CANONICAL,10,21,--,KEEP_P0,HAS_VOLUME,Platforms / Providers,Blog：用于时效性、观点/Review、实验性新主题或适合文章表达的教程；不要写成低质批量水文。,BUILD_P1
/blog/seedance-2-0-resolution-guide,BLOG,P1,NEW,GUIDE,/seedance-2-0,"Seedance 2.0 Resolution Guide: 720p, 1080p, 4K Queries Explained",Seedance 2.0 Resolution Guide,37,ZERO_VOLUME_SUPPORT,seedance 2.0 4k arabic creative,seedance 2.0 4k arabic creative,CANONICAL,0,76,--,KEEP_P2,ZERO_VOLUME_RELEVANT,2.0 Resolution / Specs,Blog：用于时效性、观点/Review、实验性新主题或适合文章表达的教程；不要写成低质批量水文。,BUILD_P1
/blog/seedance-2-0-resolution-guide,BLOG,P1,NEW,GUIDE,/seedance-2-0,"Seedance 2.0 Resolution Guide: 720p, 1080p, 4K Queries Explained",Seedance 2.0 Resolution Guide,38,ZERO_VOLUME_SUPPORT,how much does seedance 2.0 4k cost in higgsfield,how much does seedance 2.0 4k cost in higgsfield,CANONICAL,0,67,32,KEEP_P0,ZERO_VOLUME_RELEVANT,2.0 Commercial / Generator,Blog：用于时效性、观点/Review、实验性新主题或适合文章表达的教程；不要写成低质批量水文。,BUILD_P1
/blog/seedance-2-0-resolution-guide,BLOG,P1,NEW,GUIDE,/seedance-2-0,"Seedance 2.0 Resolution Guide: 720p, 1080p, 4K Queries Explained",Seedance 2.0 Resolution Guide,39,ZERO_VOLUME_SUPPORT,seedance 2.0 fast 720p,seedance 2.0 fast 720p,CANONICAL,0,63,--,KEEP_P2,ZERO_VOLUME_RELEVANT,2.0 Resolution / Specs,Blog：用于时效性、观点/Review、实验性新主题或适合文章表达的教程；不要写成低质批量水文。,BUILD_P1
/blog/seedance-2-0-resolution-guide,BLOG,P1,NEW,GUIDE,/seedance-2-0,"Seedance 2.0 Resolution Guide: 720p, 1080p, 4K Queries Explained",Seedance 2.0 Resolution Guide,40,ZERO_VOLUME_SUPPORT,1 video seedance 2.0 720p 15s của artlist ai tốn bao nhiêu credit,1 video seedance 2.0 720p 15s của artlist ai tốn bao nhiêu credit,CANONICAL,0,59,--,KEEP_P0,ZERO_VOLUME_RELEVANT,Platforms / Providers,Blog：用于时效性、观点/Review、实验性新主题或适合文章表达的教程；不要写成低质批量水文。,BUILD_P1
/blog/seedance-2-0-resolution-guide,BLOG,P1,NEW,GUIDE,/seedance-2-0,"Seedance 2.0 Resolution Guide: 720p, 1080p, 4K Queries Explained",Seedance 2.0 Resolution Guide,41,ZERO_VOLUME_SUPPORT,seedance2.0 4k,seedance2.0 4k,CANONICAL,0,53,--,KEEP_P2,ZERO_VOLUME_RELEVANT,2.0 Resolution / Specs,Blog：用于时效性、观点/Review、实验性新主题或适合文章表达的教程；不要写成低质批量水文。,BUILD_P1
/blog/seedance-2-0-resolution-guide,BLOG,P1,NEW,GUIDE,/seedance-2-0,"Seedance 2.0 Resolution Guide: 720p, 1080p, 4K Queries Explained",Seedance 2.0 Resolution Guide,42,ZERO_VOLUME_SUPPORT,seedance 2.0 4k compute krea,seedance 2.0 4k compute krea,CANONICAL,0,50,1,KEEP_P0,ZERO_VOLUME_RELEVANT,Platforms / Providers,Blog：用于时效性、观点/Review、实验性新主题或适合文章表达的教程；不要写成低质批量水文。,BUILD_P1
/blog/seedance-2-0-resolution-guide,BLOG,P1,NEW,GUIDE,/seedance-2-0,"Seedance 2.0 Resolution Guide: 720p, 1080p, 4K Queries Explained",Seedance 2.0 Resolution Guide,43,ZERO_VOLUME_SUPPORT,seedance 2.0 cost per second 1080p,seedance 2.0 cost per second 1080p,CANONICAL,0,50,32,KEEP_P0,ZERO_VOLUME_RELEVANT,2.0 Commercial / Generator,Blog：用于时效性、观点/Review、实验性新主题或适合文章表达的教程；不要写成低质批量水文。,BUILD_P1
/blog/seedance-2-0-resolution-guide,BLOG,P1,NEW,GUIDE,/seedance-2-0,"Seedance 2.0 Resolution Guide: 720p, 1080p, 4K Queries Explained",Seedance 2.0 Resolution Guide,44,ZERO_VOLUME_SUPPORT,credit cost of generating a 4k 7 seconds clip using seedance 2.0 on magnific,credit cost of generating a 4k 7 seconds clip using seedance 2.0 on magnific,CANONICAL,0,46,--,KEEP_P0,ZERO_VOLUME_RELEVANT,2.0 Commercial / Generator,Blog：用于时效性、观点/Review、实验性新主题或适合文章表达的教程；不要写成低质批量水文。,BUILD_P1
/blog/seedance-2-0-resolution-guide,BLOG,P1,NEW,GUIDE,/seedance-2-0,"Seedance 2.0 Resolution Guide: 720p, 1080p, 4K Queries Explained",Seedance 2.0 Resolution Guide,45,ZERO_VOLUME_SUPPORT,seedance 2.0 4k pc download,seedance 2.0 4k pc download,CANONICAL,0,46,51,KEEP_P2,ZERO_VOLUME_RELEVANT,2.0 Resolution / Specs,Blog：用于时效性、观点/Review、实验性新主题或适合文章表达的教程；不要写成低质批量水文。,BUILD_P1
/blog/seedance-2-0-resolution-guide,BLOG,P1,NEW,GUIDE,/seedance-2-0,"Seedance 2.0 Resolution Guide: 720p, 1080p, 4K Queries Explained",Seedance 2.0 Resolution Guide,46,TYPO_SUPPORT,seed dance 2.0 4k gen,seedance 2.0 4k gen,TYPO,0,45,25,KEEP_P2,ZERO_VOLUME_RELEVANT,2.0 Resolution / Specs,Blog：用于时效性、观点/Review、实验性新主题或适合文章表达的教程；不要写成低质批量水文。,BUILD_P1
/blog/seedance-2-0-resolution-guide,BLOG,P1,NEW,GUIDE,/seedance-2-0,"Seedance 2.0 Resolution Guide: 720p, 1080p, 4K Queries Explained",Seedance 2.0 Resolution Guide,47,ZERO_VOLUME_SUPPORT,how much seedance 2.0 4k i can create in capcut ultra plan,how much seedance 2.0 4k i can create in capcut ultra plan,CANONICAL,0,41,--,KEEP_P0,ZERO_VOLUME_RELEVANT,Platforms / Providers,Blog：用于时效性、观点/Review、实验性新主题或适合文章表达的教程；不要写成低质批量水文。,BUILD_P1
/blog/seedance-2-0-resolution-guide,BLOG,P1,NEW,GUIDE,/seedance-2-0,"Seedance 2.0 Resolution Guide: 720p, 1080p, 4K Queries Explained",Seedance 2.0 Resolution Guide,48,ZERO_VOLUME_SUPPORT,cuanto cuesta seedance 2.0 y cuantos videos puedo hacer en (720p)?,cuanto cuesta seedance 2.0 y cuantos videos puedo hacer en (720p)?,CANONICAL,0,40,--,KEEP_P2,ZERO_VOLUME_RELEVANT,2.0 Resolution / Specs,Blog：用于时效性、观点/Review、实验性新主题或适合文章表达的教程；不要写成低质批量水文。,BUILD_P1
/blog/seedance-2-0-resolution-guide,BLOG,P1,NEW,GUIDE,/seedance-2-0,"Seedance 2.0 Resolution Guide: 720p, 1080p, 4K Queries Explained",Seedance 2.0 Resolution Guide,49,ZERO_VOLUME_SUPPORT,"quantos creditos custa fazer um video 1080p, 16:9, 15 segundos, seedance 2.0 no youmind?","quantos creditos custa fazer um video 1080p, 16:9, 15 segundos, seedance 2.0 no youmind?",CANONICAL,0,37,--,KEEP_P2,ZERO_VOLUME_RELEVANT,2.0 Resolution / Specs,Blog：用于时效性、观点/Review、实验性新主题或适合文章表达的教程；不要写成低质批量水文。,BUILD_P1
/blog/seedance-2-0-resolution-guide,BLOG,P1,NEW,GUIDE,/seedance-2-0,"Seedance 2.0 Resolution Guide: 720p, 1080p, 4K Queries Explained",Seedance 2.0 Resolution Guide,50,ZERO_VOLUME_SUPPORT,seedance 2.0 — video generation (4k),seedance 2.0 — video generation (4k),CANONICAL,0,35,--,KEEP_P0,ZERO_VOLUME_RELEVANT,2.0 Core / Generator,Blog：用于时效性、观点/Review、实验性新主题或适合文章表达的教程；不要写成低质批量水文。,BUILD_P1
/blog/seedance-2-0-resolution-guide,BLOG,P1,NEW,GUIDE,/seedance-2-0,"Seedance 2.0 Resolution Guide: 720p, 1080p, 4K Queries Explained",Seedance 2.0 Resolution Guide,51,ZERO_VOLUME_SUPPORT,dreamina seedance 2.0 720p replicate,dreamina seedance 2.0 720p replicate,CANONICAL,0,29,--,KEEP_P0,ZERO_VOLUME_RELEVANT,Platforms / Providers,Blog：用于时效性、观点/Review、实验性新主题或适合文章表达的教程；不要写成低质批量水文。,BUILD_P1
/blog/seedance-2-0-resolution-guide,BLOG,P1,NEW,GUIDE,/seedance-2-0,"Seedance 2.0 Resolution Guide: 720p, 1080p, 4K Queries Explained",Seedance 2.0 Resolution Guide,52,ZERO_VOLUME_SUPPORT,seedance 2.0 4k instagram,seedance 2.0 4k instagram,CANONICAL,0,28,--,KEEP_P2,ZERO_VOLUME_RELEVANT,2.0 Resolution / Specs,Blog：用于时效性、观点/Review、实验性新主题或适合文章表达的教程；不要写成低质批量水文。,BUILD_P1
/blog/seedance-2-0-resolution-guide,BLOG,P1,NEW,GUIDE,/seedance-2-0,"Seedance 2.0 Resolution Guide: 720p, 1080p, 4K Queries Explained",Seedance 2.0 Resolution Guide,53,ZERO_VOLUME_SUPPORT,how much does seedance 2.0 4k generation cost,how much does seedance 2.0 4k generation cost,CANONICAL,0,25,--,KEEP_P0,ZERO_VOLUME_RELEVANT,2.0 Commercial / Generator,Blog：用于时效性、观点/Review、实验性新主题或适合文章表达的教程；不要写成低质批量水文。,BUILD_P1
/blog/seedance-2-0-resolution-guide,BLOG,P1,NEW,GUIDE,/seedance-2-0,"Seedance 2.0 Resolution Guide: 720p, 1080p, 4K Queries Explained",Seedance 2.0 Resolution Guide,54,ZERO_VOLUME_SUPPORT,how much does seedance 2.0 4k generation cost on fal,how much does seedance 2.0 4k generation cost on fal,CANONICAL,0,25,--,KEEP_P0,ZERO_VOLUME_RELEVANT,2.0 Commercial / Generator,Blog：用于时效性、观点/Review、实验性新主题或适合文章表达的教程；不要写成低质批量水文。,BUILD_P1
/blog/seedance-2-0-resolution-guide,BLOG,P1,NEW,GUIDE,/seedance-2-0,"Seedance 2.0 Resolution Guide: 720p, 1080p, 4K Queries Explained",Seedance 2.0 Resolution Guide,55,ZERO_VOLUME_SUPPORT,higgsfield seedance 2.0 480p price,higgsfield seedance 2.0 480p price,CANONICAL,0,23,--,KEEP_P0,ZERO_VOLUME_RELEVANT,2.0 Commercial / Generator,Blog：用于时效性、观点/Review、实验性新主题或适合文章表达的教程；不要写成低质批量水文。,BUILD_P1
/blog/seedance-2-0-resolution-guide,BLOG,P1,NEW,GUIDE,/seedance-2-0,"Seedance 2.0 Resolution Guide: 720p, 1080p, 4K Queries Explained",Seedance 2.0 Resolution Guide,56,ZERO_VOLUME_SUPPORT,lovart seedance 2.0 4k,lovart seedance 2.0 4k,CANONICAL,0,22,--,KEEP_P2,ZERO_VOLUME_RELEVANT,2.0 Resolution / Specs,Blog：用于时效性、观点/Review、实验性新主题或适合文章表达的教程；不要写成低质批量水文。,BUILD_P1
/blog/seedance-2-0-resolution-guide,BLOG,P1,NEW,GUIDE,/seedance-2-0,"Seedance 2.0 Resolution Guide: 720p, 1080p, 4K Queries Explained",Seedance 2.0 Resolution Guide,57,ZERO_VOLUME_SUPPORT,byteplus seedance 2.0 pricing for 1 second video 1080p,byteplus seedance 2.0 pricing for 1 second video 1080p,CANONICAL,0,21,--,KEEP_P0,ZERO_VOLUME_RELEVANT,2.0 Commercial / Generator,Blog：用于时效性、观点/Review、实验性新主题或适合文章表达的教程；不要写成低质批量水文。,BUILD_P1
/blog/seedance-2-0-resolution-guide,BLOG,P1,NEW,GUIDE,/seedance-2-0,"Seedance 2.0 Resolution Guide: 720p, 1080p, 4K Queries Explained",Seedance 2.0 Resolution Guide,58,ZERO_VOLUME_SUPPORT,seedance 2.0 4k download,seedance 2.0 4k download,CANONICAL,0,21,--,KEEP_P2,ZERO_VOLUME_RELEVANT,2.0 Resolution / Specs,Blog：用于时效性、观点/Review、实验性新主题或适合文章表达的教程；不要写成低质批量水文。,BUILD_P1
/blog/seedance-2-0-resolution-guide,BLOG,P1,NEW,GUIDE,/seedance-2-0,"Seedance 2.0 Resolution Guide: 720p, 1080p, 4K Queries Explained",Seedance 2.0 Resolution Guide,59,ZERO_VOLUME_SUPPORT,higgsfield seedance 2.0 4k,higgsfield seedance 2.0 4k,CANONICAL,0,20,--,KEEP_P0,ZERO_VOLUME_RELEVANT,Platforms / Providers,Blog：用于时效性、观点/Review、实验性新主题或适合文章表达的教程；不要写成低质批量水文。,BUILD_P1
/blog/seedance-2-0-resolution-guide,BLOG,P1,NEW,GUIDE,/seedance-2-0,"Seedance 2.0 Resolution Guide: 720p, 1080p, 4K Queries Explained",Seedance 2.0 Resolution Guide,60,ZERO_VOLUME_SUPPORT,can digen.ai generate seedance 2.0 videos in 1080p,can digen.ai generate seedance 2.0 videos in 1080p,CANONICAL,0,18,--,KEEP_P2,ZERO_VOLUME_RELEVANT,2.0 Resolution / Specs,Blog：用于时效性、观点/Review、实验性新主题或适合文章表达的教程；不要写成低质批量水文。,BUILD_P1
/blog/seedance-2-0-resolution-guide,BLOG,P1,NEW,GUIDE,/seedance-2-0,"Seedance 2.0 Resolution Guide: 720p, 1080p, 4K Queries Explained",Seedance 2.0 Resolution Guide,61,ZERO_VOLUME_SUPPORT,seedance 2.0 4k easemate,seedance 2.0 4k easemate,CANONICAL,0,18,--,KEEP_P2,ZERO_VOLUME_RELEVANT,2.0 Resolution / Specs,Blog：用于时效性、观点/Review、实验性新主题或适合文章表达的教程；不要写成低质批量水文。,BUILD_P1
/blog/seedance-2-5-review-reddit,BLOG,P1,NEW,REVIEW,/seedance-2-5;/seedance-2-5/examples,"Seedance 2.5 Review: Reddit Feedback, Examples & Limitations",Seedance 2.5 Review,1,PRIMARY,seedance 2.5 reddit,seedance 2.5 reddit,CANONICAL,11840,707,--,KEEP_P0,HAS_VOLUME,2.5 Review / Reddit / Feedback,Blog：用于时效性、观点/Review、实验性新主题或适合文章表达的教程；不要写成低质批量水文。,BUILD_P1
/blog/seedance-2-5-review-reddit,BLOG,P1,NEW,REVIEW,/seedance-2-5;/seedance-2-5/examples,"Seedance 2.5 Review: Reddit Feedback, Examples & Limitations",Seedance 2.5 Review,2,PRIMARY,seedance 2.5 vs 2.0 reddit,seedance 2.5 vs 2.0 reddit,CANONICAL,2160,0,--,KEEP_P0,HAS_VOLUME,2.5 vs 2.0,Blog：用于时效性、观点/Review、实验性新主题或适合文章表达的教程；不要写成低质批量水文。,BUILD_P1
/blog/seedance-2-5-review-reddit,BLOG,P1,NEW,REVIEW,/seedance-2-5;/seedance-2-5/examples,"Seedance 2.5 Review: Reddit Feedback, Examples & Limitations",Seedance 2.5 Review,3,PRIMARY,seedance 2.5 review,seedance 2.5 review,CANONICAL,1230,16,--,KEEP_P0,HAS_VOLUME,2.5 Review / Reddit / Feedback,Blog：用于时效性、观点/Review、实验性新主题或适合文章表达的教程；不要写成低质批量水文。,BUILD_P1
/blog/seedance-2-5-review-reddit,BLOG,P1,NEW,REVIEW,/seedance-2-5;/seedance-2-5/examples,"Seedance 2.5 Review: Reddit Feedback, Examples & Limitations",Seedance 2.5 Review,4,PRIMARY,seedance 2.5 unlimited higgsfield reddit,seedance 2.5 unlimited higgsfield reddit,CANONICAL,920,0,--,KEEP_P0,HAS_VOLUME,Pricing / Free / Unlimited,Blog：用于时效性、观点/Review、实验性新主题或适合文章表达的教程；不要写成低质批量水文。,BUILD_P1
/blog/seedance-2-5-review-reddit,BLOG,P1,NEW,REVIEW,/seedance-2-5;/seedance-2-5/examples,"Seedance 2.5 Review: Reddit Feedback, Examples & Limitations",Seedance 2.5 Review,5,PRIMARY,seedance 2.5 higgsfield reddit,seedance 2.5 higgsfield reddit,CANONICAL,820,0,--,KEEP_P1,HAS_VOLUME,Platforms / Providers,Blog：用于时效性、观点/Review、实验性新主题或适合文章表达的教程；不要写成低质批量水文。,BUILD_P1
/blog/seedance-2-5-review-reddit,BLOG,P1,NEW,REVIEW,/seedance-2-5;/seedance-2-5/examples,"Seedance 2.5 Review: Reddit Feedback, Examples & Limitations",Seedance 2.5 Review,6,PRIMARY,higgsfield seedance 2.5 cencorship reddit,higgsfield seedance 2.5 cencorship reddit,CANONICAL,770,0,--,KEEP_P1,HAS_VOLUME,Platforms / Providers,Blog：用于时效性、观点/Review、实验性新主题或适合文章表达的教程；不要写成低质批量水文。,BUILD_P1
/blog/seedance-2-5-review-reddit,BLOG,P1,NEW,REVIEW,/seedance-2-5;/seedance-2-5/examples,"Seedance 2.5 Review: Reddit Feedback, Examples & Limitations",Seedance 2.5 Review,7,PRIMARY,seedance 2.5 censorship reddit,seedance 2.5 censorship reddit,CANONICAL,710,0,--,KEEP_P0,HAS_VOLUME,2.5 Review / Reddit / Feedback,Blog：用于时效性、观点/Review、实验性新主题或适合文章表达的教程；不要写成低质批量水文。,BUILD_P1
/blog/seedance-2-5-review-reddit,BLOG,P1,NEW,REVIEW,/seedance-2-5;/seedance-2-5/examples,"Seedance 2.5 Review: Reddit Feedback, Examples & Limitations",Seedance 2.5 Review,8,PRIMARY,seedance 2.5 preview,seedance 2.5 preview,CANONICAL,640,52,--,KEEP_P0,HAS_VOLUME,2.5 Review / Reddit / Feedback,Blog：用于时效性、观点/Review、实验性新主题或适合文章表达的教程；不要写成低质批量水文。,BUILD_P1
/blog/seedance-2-5-review-reddit,BLOG,P1,NEW,REVIEW,/seedance-2-5;/seedance-2-5/examples,"Seedance 2.5 Review: Reddit Feedback, Examples & Limitations",Seedance 2.5 Review,9,SECONDARY,seedance 2.5 runway reddit,seedance 2.5 runway reddit,CANONICAL,620,0,--,KEEP_P1,HAS_VOLUME,Platforms / Providers,Blog：用于时效性、观点/Review、实验性新主题或适合文章表达的教程；不要写成低质批量水文。,BUILD_P1
/blog/seedance-2-5-review-reddit,BLOG,P1,NEW,REVIEW,/seedance-2-5;/seedance-2-5/examples,"Seedance 2.5 Review: Reddit Feedback, Examples & Limitations",Seedance 2.5 Review,10,SECONDARY,seedance 2.5 higgsfield anime reddit,seedance 2.5 higgsfield anime reddit,CANONICAL,610,0,--,KEEP_P1,HAS_VOLUME,Platforms / Providers,Blog：用于时效性、观点/Review、实验性新主题或适合文章表达的教程；不要写成低质批量水文。,BUILD_P1
/blog/seedance-2-5-review-reddit,BLOG,P1,NEW,REVIEW,/seedance-2-5;/seedance-2-5/examples,"Seedance 2.5 Review: Reddit Feedback, Examples & Limitations",Seedance 2.5 Review,11,SECONDARY,seedance 2.5 venice ai reddit,seedance 2.5 venice ai reddit,CANONICAL,550,0,--,KEEP_P0,HAS_VOLUME,2.5 Review / Reddit / Feedback,Blog：用于时效性、观点/Review、实验性新主题或适合文章表达的教程；不要写成低质批量水文。,BUILD_P1
/blog/seedance-2-5-review-reddit,BLOG,P1,NEW,REVIEW,/seedance-2-5;/seedance-2-5/examples,"Seedance 2.5 Review: Reddit Feedback, Examples & Limitations",Seedance 2.5 Review,12,SECONDARY,higgsfield 7 days unlimited seedance 2.5 reddit,higgsfield 7 days unlimited seedance 2.5 reddit,CANONICAL,540,0,--,KEEP_P0,HAS_VOLUME,Pricing / Free / Unlimited,Blog：用于时效性、观点/Review、实验性新主题或适合文章表达的教程；不要写成低质批量水文。,BUILD_P1
/blog/seedance-2-5-review-reddit,BLOG,P1,NEW,REVIEW,/seedance-2-5;/seedance-2-5/examples,"Seedance 2.5 Review: Reddit Feedback, Examples & Limitations",Seedance 2.5 Review,13,SECONDARY,seedance 2.5 is frustrating reddit,seedance 2.5 is frustrating reddit,CANONICAL,530,0,--,KEEP_P0,HAS_VOLUME,2.5 Review / Reddit / Feedback,Blog：用于时效性、观点/Review、实验性新主题或适合文章表达的教程；不要写成低质批量水文。,BUILD_P1
/blog/seedance-2-5-review-reddit,BLOG,P1,NEW,REVIEW,/seedance-2-5;/seedance-2-5/examples,"Seedance 2.5 Review: Reddit Feedback, Examples & Limitations",Seedance 2.5 Review,14,SECONDARY,seedance 2.5 openrouter tutorial reddit,seedance 2.5 openrouter tutorial reddit,CANONICAL,470,0,--,KEEP_P1,HAS_VOLUME,Platforms / Providers,Blog：用于时效性、观点/Review、实验性新主题或适合文章表达的教程；不要写成低质批量水文。,BUILD_P1
/blog/seedance-2-5-review-reddit,BLOG,P1,NEW,REVIEW,/seedance-2-5;/seedance-2-5/examples,"Seedance 2.5 Review: Reddit Feedback, Examples & Limitations",Seedance 2.5 Review,15,SECONDARY,artlist.io redditt seedance 2.5 hey everyone!,artlist.io redditt seedance 2.5 hey everyone!,CANONICAL,460,0,--,KEEP_P1,HAS_VOLUME,Platforms / Providers,Blog：用于时效性、观点/Review、实验性新主题或适合文章表达的教程；不要写成低质批量水文。,BUILD_P1
/blog/seedance-2-5-review-reddit,BLOG,P1,NEW,REVIEW,/seedance-2-5;/seedance-2-5/examples,"Seedance 2.5 Review: Reddit Feedback, Examples & Limitations",Seedance 2.5 Review,16,SECONDARY,seedance 2.5 replicate anime style of sora 2 reddit,seedance 2.5 replicate anime style of sora 2 reddit,CANONICAL,450,0,--,KEEP_P1,HAS_VOLUME,Platforms / Providers,Blog：用于时效性、观点/Review、实验性新主题或适合文章表达的教程；不要写成低质批量水文。,BUILD_P1
/blog/seedance-2-5-review-reddit,BLOG,P1,NEW,REVIEW,/seedance-2-5;/seedance-2-5/examples,"Seedance 2.5 Review: Reddit Feedback, Examples & Limitations",Seedance 2.5 Review,17,SECONDARY,where to use seedance 2.5 reddit,where to use seedance 2.5 reddit,CANONICAL,450,0,--,KEEP_P0,HAS_VOLUME,2.5 Review / Reddit / Feedback,Blog：用于时效性、观点/Review、实验性新主题或适合文章表达的教程；不要写成低质批量水文。,BUILD_P1
/blog/seedance-2-5-review-reddit,BLOG,P1,NEW,REVIEW,/seedance-2-5;/seedance-2-5/examples,"Seedance 2.5 Review: Reddit Feedback, Examples & Limitations",Seedance 2.5 Review,18,SECONDARY,seedance 2.5 ads reddit,seedance 2.5 ads reddit,CANONICAL,440,0,--,KEEP_P0,HAS_VOLUME,2.5 Review / Reddit / Feedback,Blog：用于时效性、观点/Review、实验性新主题或适合文章表达的教程；不要写成低质批量水文。,BUILD_P1
/blog/seedance-2-5-review-reddit,BLOG,P1,NEW,REVIEW,/seedance-2-5;/seedance-2-5/examples,"Seedance 2.5 Review: Reddit Feedback, Examples & Limitations",Seedance 2.5 Review,19,SECONDARY,is artlist really giving unlimited seedance 2.5? reddit,is artlist really giving unlimited seedance 2.5? reddit,CANONICAL,430,0,--,KEEP_P0,HAS_VOLUME,Pricing / Free / Unlimited,Blog：用于时效性、观点/Review、实验性新主题或适合文章表达的教程；不要写成低质批量水文。,BUILD_P1
/blog/seedance-2-5-review-reddit,BLOG,P1,NEW,REVIEW,/seedance-2-5;/seedance-2-5/examples,"Seedance 2.5 Review: Reddit Feedback, Examples & Limitations",Seedance 2.5 Review,20,SECONDARY,redditt seedance 2.5,redditt seedance 2.5,CANONICAL,390,9,--,KEEP_P0,HAS_VOLUME,2.5 Review / Reddit / Feedback,Blog：用于时效性、观点/Review、实验性新主题或适合文章表达的教程；不要写成低质批量水文。,BUILD_P1
/blog/seedance-2-5-review-reddit,BLOG,P1,NEW,REVIEW,/seedance-2-5;/seedance-2-5/examples,"Seedance 2.5 Review: Reddit Feedback, Examples & Limitations",Seedance 2.5 Review,21,SECONDARY,cheapest way to use seedance 2.5 reddit,cheapest way to use seedance 2.5 reddit,CANONICAL,370,0,--,KEEP_P0,HAS_VOLUME,Pricing / Free / Unlimited,Blog：用于时效性、观点/Review、实验性新主题或适合文章表达的教程；不要写成低质批量水文。,BUILD_P1
/blog/seedance-2-5-review-reddit,BLOG,P1,NEW,REVIEW,/seedance-2-5;/seedance-2-5/examples,"Seedance 2.5 Review: Reddit Feedback, Examples & Limitations",Seedance 2.5 Review,22,SECONDARY,seedance 2.5 ugc reddit,seedance 2.5 ugc reddit,CANONICAL,370,0,--,KEEP_P1,HAS_VOLUME,2.5 Review / Reddit / Feedback,Blog：用于时效性、观点/Review、实验性新主题或适合文章表达的教程；不要写成低质批量水文。,BUILD_P1
/blog/seedance-2-5-review-reddit,BLOG,P1,NEW,REVIEW,/seedance-2-5;/seedance-2-5/examples,"Seedance 2.5 Review: Reddit Feedback, Examples & Limitations",Seedance 2.5 Review,23,SECONDARY,why is seedance 2.5 so expensive reddit,why is seedance 2.5 so expensive reddit,CANONICAL,360,0,--,KEEP_P0,HAS_VOLUME,2.5 Review / Reddit / Feedback,Blog：用于时效性、观点/Review、实验性新主题或适合文章表达的教程；不要写成低质批量水文。,BUILD_P1
/blog/seedance-2-5-review-reddit,BLOG,P1,NEW,REVIEW,/seedance-2-5;/seedance-2-5/examples,"Seedance 2.5 Review: Reddit Feedback, Examples & Limitations",Seedance 2.5 Review,24,SECONDARY,seedance 2.5 测评,seedance 2.5 测评,CANONICAL,350,0,--,KEEP_P0,HAS_VOLUME,2.5 Core Hub,Blog：用于时效性、观点/Review、实验性新主题或适合文章表达的教程；不要写成低质批量水文。,BUILD_P1
/blog/seedance-2-5-review-reddit,BLOG,P1,NEW,REVIEW,/seedance-2-5;/seedance-2-5/examples,"Seedance 2.5 Review: Reddit Feedback, Examples & Limitations",Seedance 2.5 Review,25,SECONDARY,higsfield prioce of seedance 2.5 reddit,higsfield prioce of seedance 2.5 reddit,CANONICAL,340,0,--,KEEP_P0,HAS_VOLUME,2.5 Review / Reddit / Feedback,Blog：用于时效性、观点/Review、实验性新主题或适合文章表达的教程；不要写成低质批量水文。,BUILD_P1
/blog/seedance-2-5-review-reddit,BLOG,P1,NEW,REVIEW,/seedance-2-5;/seedance-2-5/examples,"Seedance 2.5 Review: Reddit Feedback, Examples & Limitations",Seedance 2.5 Review,26,SECONDARY,seedance 2.5 expensive reddit,seedance 2.5 expensive reddit,CANONICAL,340,0,--,KEEP_P0,HAS_VOLUME,2.5 Review / Reddit / Feedback,Blog：用于时效性、观点/Review、实验性新主题或适合文章表达的教程；不要写成低质批量水文。,BUILD_P1
/blog/seedance-2-5-review-reddit,BLOG,P1,NEW,REVIEW,/seedance-2-5;/seedance-2-5/examples,"Seedance 2.5 Review: Reddit Feedback, Examples & Limitations",Seedance 2.5 Review,27,SECONDARY,i seedance 2.5 worth it reddit,i seedance 2.5 worth it reddit,CANONICAL,320,0,--,KEEP_P0,HAS_VOLUME,2.5 Review / Reddit / Feedback,Blog：用于时效性、观点/Review、实验性新主题或适合文章表达的教程；不要写成低质批量水文。,BUILD_P1
/blog/seedance-2-5-review-reddit,BLOG,P1,NEW,REVIEW,/seedance-2-5;/seedance-2-5/examples,"Seedance 2.5 Review: Reddit Feedback, Examples & Limitations",Seedance 2.5 Review,28,SECONDARY,seedance 2.5 celebs reddit,seedance 2.5 celebs reddit,CANONICAL,320,0,--,KEEP_P0,HAS_VOLUME,2.5 Review / Reddit / Feedback,Blog：用于时效性、观点/Review、实验性新主题或适合文章表达的教程；不要写成低质批量水文。,BUILD_P1
/blog/seedance-2-5-review-reddit,BLOG,P1,NEW,REVIEW,/seedance-2-5;/seedance-2-5/examples,"Seedance 2.5 Review: Reddit Feedback, Examples & Limitations",Seedance 2.5 Review,29,SECONDARY,seedance 2.5 testen free reddit,seedance 2.5 testen free reddit,CANONICAL,320,0,--,KEEP_P0,HAS_VOLUME,Pricing / Free / Unlimited,Blog：用于时效性、观点/Review、实验性新主题或适合文章表达的教程；不要写成低质批量水文。,BUILD_P1
/blog/seedance-2-5-review-reddit,BLOG,P1,NEW,REVIEW,/seedance-2-5;/seedance-2-5/examples,"Seedance 2.5 Review: Reddit Feedback, Examples & Limitations",Seedance 2.5 Review,30,SECONDARY,seedance 2.5 price reddit,seedance 2.5 price reddit,CANONICAL,300,0,--,KEEP_P0,HAS_VOLUME,Pricing / Free / Unlimited,Blog：用于时效性、观点/Review、实验性新主题或适合文章表达的教程；不要写成低质批量水文。,BUILD_P1
/blog/seedance-2-5-review-reddit,BLOG,P1,NEW,REVIEW,/seedance-2-5;/seedance-2-5/examples,"Seedance 2.5 Review: Reddit Feedback, Examples & Limitations",Seedance 2.5 Review,31,SECONDARY,seedance 2.5 reddit free,seedance 2.5 reddit free,CANONICAL,280,0,--,KEEP_P0,HAS_VOLUME,Pricing / Free / Unlimited,Blog：用于时效性、观点/Review、实验性新主题或适合文章表达的教程；不要写成低质批量水文。,BUILD_P1
/blog/seedance-2-5-review-reddit,BLOG,P1,NEW,REVIEW,/seedance-2-5;/seedance-2-5/examples,"Seedance 2.5 Review: Reddit Feedback, Examples & Limitations",Seedance 2.5 Review,32,SECONDARY,fal cost seedance 2.5 reddit,fal cost seedance 2.5 reddit,CANONICAL,270,0,--,KEEP_P0,HAS_VOLUME,Pricing / Free / Unlimited,Blog：用于时效性、观点/Review、实验性新主题或适合文章表达的教程；不要写成低质批量水文。,BUILD_P1
/blog/seedance-2-5-review-reddit,BLOG,P1,NEW,REVIEW,/seedance-2-5;/seedance-2-5/examples,"Seedance 2.5 Review: Reddit Feedback, Examples & Limitations",Seedance 2.5 Review,33,SECONDARY,is higgsfield seedance 2.5 really free ? reddit,is higgsfield seedance 2.5 really free ? reddit,CANONICAL,250,0,--,KEEP_P0,HAS_VOLUME,Pricing / Free / Unlimited,Blog：用于时效性、观点/Review、实验性新主题或适合文章表达的教程；不要写成低质批量水文。,BUILD_P1
/blog/seedance-2-5-review-reddit,BLOG,P1,NEW,REVIEW,/seedance-2-5;/seedance-2-5/examples,"Seedance 2.5 Review: Reddit Feedback, Examples & Limitations",Seedance 2.5 Review,34,SECONDARY,best place to use seedance 2.5 reddit,best place to use seedance 2.5 reddit,CANONICAL,230,0,--,KEEP_P0,HAS_VOLUME,2.5 Review / Reddit / Feedback,Blog：用于时效性、观点/Review、实验性新主题或适合文章表达的教程；不要写成低质批量水文。,BUILD_P1
/blog/seedance-2-5-review-reddit,BLOG,P1,NEW,REVIEW,/seedance-2-5;/seedance-2-5/examples,"Seedance 2.5 Review: Reddit Feedback, Examples & Limitations",Seedance 2.5 Review,35,SECONDARY,seedance 2.5 cost reddit,seedance 2.5 cost reddit,CANONICAL,210,0,--,KEEP_P0,HAS_VOLUME,Pricing / Free / Unlimited,Blog：用于时效性、观点/Review、实验性新主题或适合文章表达的教程；不要写成低质批量水文。,BUILD_P1
/blog/seedance-2-5-review-reddit,BLOG,P1,NEW,REVIEW,/seedance-2-5;/seedance-2-5/examples,"Seedance 2.5 Review: Reddit Feedback, Examples & Limitations",Seedance 2.5 Review,36,SECONDARY,unify core seedance 2.5 unlimited reddit,unify core seedance 2.5 unlimited reddit,CANONICAL,210,0,--,KEEP_P0,HAS_VOLUME,Pricing / Free / Unlimited,Blog：用于时效性、观点/Review、实验性新主题或适合文章表达的教程；不要写成低质批量水文。,BUILD_P1
/blog/seedance-2-5-review-reddit,BLOG,P1,NEW,REVIEW,/seedance-2-5;/seedance-2-5/examples,"Seedance 2.5 Review: Reddit Feedback, Examples & Limitations",Seedance 2.5 Review,37,SECONDARY,seedance 2.5 face restriction reddit,seedance 2.5 face restriction reddit,CANONICAL,200,0,--,KEEP_P0,HAS_VOLUME,2.5 Review / Reddit / Feedback,Blog：用于时效性、观点/Review、实验性新主题或适合文章表达的教程；不要写成低质批量水文。,BUILD_P1
/blog/seedance-2-5-review-reddit,BLOG,P1,NEW,REVIEW,/seedance-2-5;/seedance-2-5/examples,"Seedance 2.5 Review: Reddit Feedback, Examples & Limitations",Seedance 2.5 Review,38,SECONDARY,seedance 2.5 lip sync reddit,seedance 2.5 lip sync reddit,CANONICAL,200,0,--,KEEP_P1,HAS_VOLUME,2.5 Review / Reddit / Feedback,Blog：用于时效性、观点/Review、实验性新主题或适合文章表达的教程；不要写成低质批量水文。,BUILD_P1
/blog/seedance-2-5-review-reddit,BLOG,P1,NEW,REVIEW,/seedance-2-5;/seedance-2-5/examples,"Seedance 2.5 Review: Reddit Feedback, Examples & Limitations",Seedance 2.5 Review,39,SECONDARY,seedance 2.5 locally reddit,seedance 2.5 locally reddit,CANONICAL,200,0,--,KEEP_P0,HAS_VOLUME,2.5 Review / Reddit / Feedback,Blog：用于时效性、观点/Review、实验性新主题或适合文章表达的教程；不要写成低质批量水文。,BUILD_P1
/blog/seedance-2-5-review-reddit,BLOG,P1,NEW,REVIEW,/seedance-2-5;/seedance-2-5/examples,"Seedance 2.5 Review: Reddit Feedback, Examples & Limitations",Seedance 2.5 Review,40,SECONDARY,higgsfield seedance 2.5 unlimited reddit,higgsfield seedance 2.5 unlimited reddit,CANONICAL,180,0,--,KEEP_P0,HAS_VOLUME,Pricing / Free / Unlimited,Blog：用于时效性、观点/Review、实验性新主题或适合文章表达的教程；不要写成低质批量水文。,BUILD_P1
/blog/seedance-2-5-review-reddit,BLOG,P1,NEW,REVIEW,/seedance-2-5;/seedance-2-5/examples,"Seedance 2.5 Review: Reddit Feedback, Examples & Limitations",Seedance 2.5 Review,41,SECONDARY,seedance 2.5 horor movie reddit,seedance 2.5 horor movie reddit,CANONICAL,180,0,--,KEEP_P0,HAS_VOLUME,2.5 Review / Reddit / Feedback,Blog：用于时效性、观点/Review、实验性新主题或适合文章表达的教程；不要写成低质批量水文。,BUILD_P1
/blog/seedance-2-5-review-reddit,BLOG,P1,NEW,REVIEW,/seedance-2-5;/seedance-2-5/examples,"Seedance 2.5 Review: Reddit Feedback, Examples & Limitations",Seedance 2.5 Review,42,SECONDARY,seedance 2.5 introduction video reddit,seedance 2.5 introduction video reddit,CANONICAL,180,0,--,KEEP_P0,HAS_VOLUME,2.5 Review / Reddit / Feedback,Blog：用于时效性、观点/Review、实验性新主题或适合文章表达的教程；不要写成低质批量水文。,BUILD_P1
/blog/seedance-2-5-review-reddit,BLOG,P1,NEW,REVIEW,/seedance-2-5;/seedance-2-5/examples,"Seedance 2.5 Review: Reddit Feedback, Examples & Limitations",Seedance 2.5 Review,43,SECONDARY,seedance 2.5 real estate video reddit,seedance 2.5 real estate video reddit,CANONICAL,180,0,--,KEEP_P1,HAS_VOLUME,2.5 Review / Reddit / Feedback,Blog：用于时效性、观点/Review、实验性新主题或适合文章表达的教程；不要写成低质批量水文。,BUILD_P1
/blog/seedance-2-5-review-reddit,BLOG,P1,NEW,REVIEW,/seedance-2-5;/seedance-2-5/examples,"Seedance 2.5 Review: Reddit Feedback, Examples & Limitations",Seedance 2.5 Review,44,SECONDARY,seedance 2.5 artlist vs higgsfield reddit,seedance 2.5 artlist vs higgsfield reddit,CANONICAL,150,0,--,KEEP_P2,HAS_VOLUME,Comparison / Other,Blog：用于时效性、观点/Review、实验性新主题或适合文章表达的教程；不要写成低质批量水文。,BUILD_P1
/blog/seedance-2-5-review-reddit,BLOG,P1,NEW,REVIEW,/seedance-2-5;/seedance-2-5/examples,"Seedance 2.5 Review: Reddit Feedback, Examples & Limitations",Seedance 2.5 Review,45,SECONDARY,seedance 2.5 is so expensive reddit,seedance 2.5 is so expensive reddit,CANONICAL,150,0,--,KEEP_P0,HAS_VOLUME,2.5 Review / Reddit / Feedback,Blog：用于时效性、观点/Review、实验性新主题或适合文章表达的教程；不要写成低质批量水文。,BUILD_P1
/blog/seedance-2-5-review-reddit,BLOG,P1,NEW,REVIEW,/seedance-2-5;/seedance-2-5/examples,"Seedance 2.5 Review: Reddit Feedback, Examples & Limitations",Seedance 2.5 Review,46,SECONDARY,ai food photography using seedance 2.5 & nano banana pro preview,ai food photography using seedance 2.5 & nano banana pro preview,CANONICAL,130,0,--,KEEP_P0,HAS_VOLUME,2.5 Review / Reddit / Feedback,Blog：用于时效性、观点/Review、实验性新主题或适合文章表达的教程；不要写成低质批量水文。,BUILD_P1
/blog/seedance-2-5-review-reddit,BLOG,P1,NEW,REVIEW,/seedance-2-5;/seedance-2-5/examples,"Seedance 2.5 Review: Reddit Feedback, Examples & Limitations",Seedance 2.5 Review,47,SECONDARY,cheapest seedance 2.5 reddit,cheapest seedance 2.5 reddit,CANONICAL,120,0,--,KEEP_P0,HAS_VOLUME,Pricing / Free / Unlimited,Blog：用于时效性、观点/Review、实验性新主题或适合文章表达的教程；不要写成低质批量水文。,BUILD_P1
/blog/seedance-2-5-review-reddit,BLOG,P1,NEW,REVIEW,/seedance-2-5;/seedance-2-5/examples,"Seedance 2.5 Review: Reddit Feedback, Examples & Limitations",Seedance 2.5 Review,48,SECONDARY,does seedance 2.5 generate nudes reddit,does seedance 2.5 generate nudes reddit,CANONICAL,120,0,--,KEEP_P0,HAS_VOLUME,2.5 Review / Reddit / Feedback,Blog：用于时效性、观点/Review、实验性新主题或适合文章表达的教程；不要写成低质批量水文。,BUILD_P1
/blog/seedance-2-5-review-reddit,BLOG,P1,NEW,REVIEW,/seedance-2-5;/seedance-2-5/examples,"Seedance 2.5 Review: Reddit Feedback, Examples & Limitations",Seedance 2.5 Review,49,SECONDARY,how long does it take for seedance 2.5 to render reddit,how long does it take for seedance 2.5 to render reddit,CANONICAL,120,0,--,KEEP_P0,HAS_VOLUME,2.5 Review / Reddit / Feedback,Blog：用于时效性、观点/Review、实验性新主题或适合文章表达的教程；不要写成低质批量水文。,BUILD_P1
/blog/seedance-2-5-review-reddit,BLOG,P1,NEW,REVIEW,/seedance-2-5;/seedance-2-5/examples,"Seedance 2.5 Review: Reddit Feedback, Examples & Limitations",Seedance 2.5 Review,50,SECONDARY,seedance 2.5 cheap reddit,seedance 2.5 cheap reddit,CANONICAL,110,0,--,KEEP_P0,HAS_VOLUME,Pricing / Free / Unlimited,Blog：用于时效性、观点/Review、实验性新主题或适合文章表达的教程；不要写成低质批量水文。,BUILD_P1
/blog/seedance-2-5-review-reddit,BLOG,P1,NEW,REVIEW,/seedance-2-5;/seedance-2-5/examples,"Seedance 2.5 Review: Reddit Feedback, Examples & Limitations",Seedance 2.5 Review,51,SECONDARY,topview ai seedance 2.5 reddit,topview ai seedance 2.5 reddit,CANONICAL,110,0,--,KEEP_P1,HAS_VOLUME,Platforms / Providers,Blog：用于时效性、观点/Review、实验性新主题或适合文章表达的教程；不要写成低质批量水文。,BUILD_P1
/blog/seedance-2-5-review-reddit,BLOG,P1,NEW,REVIEW,/seedance-2-5;/seedance-2-5/examples,"Seedance 2.5 Review: Reddit Feedback, Examples & Limitations",Seedance 2.5 Review,52,SECONDARY,unifycore seedance 2.5 unlimited reddit,unifycore seedance 2.5 unlimited reddit,CANONICAL,90,0,--,KEEP_P0,HAS_VOLUME,Pricing / Free / Unlimited,Blog：用于时效性、观点/Review、实验性新主题或适合文章表达的教程；不要写成低质批量水文。,BUILD_P1
/blog/seedance-2-5-review-reddit,BLOG,P1,NEW,REVIEW,/seedance-2-5;/seedance-2-5/examples,"Seedance 2.5 Review: Reddit Feedback, Examples & Limitations",Seedance 2.5 Review,53,SECONDARY,seedance 2.5 examples reddit,seedance 2.5 examples reddit,CANONICAL,80,34,--,KEEP_P0,HAS_VOLUME,2.5 Review / Reddit / Feedback,Blog：用于时效性、观点/Review、实验性新主题或适合文章表达的教程；不要写成低质批量水文。,BUILD_P1
/blog/seedance-2-5-review-reddit,BLOG,P1,NEW,REVIEW,/seedance-2-5;/seedance-2-5/examples,"Seedance 2.5 Review: Reddit Feedback, Examples & Limitations",Seedance 2.5 Review,54,SECONDARY,reddit seedance 2.5 api cheapest,reddit seedance 2.5 api cheapest,CANONICAL,70,0,--,KEEP_P0,HAS_VOLUME,API / Developer,Blog：用于时效性、观点/Review、实验性新主题或适合文章表达的教程；不要写成低质批量水文。,BUILD_P1
/blog/seedance-2-5-review-reddit,BLOG,P1,NEW,REVIEW,/seedance-2-5;/seedance-2-5/examples,"Seedance 2.5 Review: Reddit Feedback, Examples & Limitations",Seedance 2.5 Review,55,SECONDARY,seedance 2.5 arnold schwarzenegger reddit,seedance 2.5 arnold schwarzenegger reddit,CANONICAL,70,0,--,KEEP_P0,HAS_VOLUME,2.5 Review / Reddit / Feedback,Blog：用于时效性、观点/Review、实验性新主题或适合文章表达的教程；不要写成低质批量水文。,BUILD_P1
/blog/seedance-2-5-review-reddit,BLOG,P1,NEW,REVIEW,/seedance-2-5;/seedance-2-5/examples,"Seedance 2.5 Review: Reddit Feedback, Examples & Limitations",Seedance 2.5 Review,56,SECONDARY,seedance 2.5 celebrities restricted reddit,seedance 2.5 celebrities restricted reddit,CANONICAL,70,0,--,KEEP_P0,HAS_VOLUME,2.5 Review / Reddit / Feedback,Blog：用于时效性、观点/Review、实验性新主题或适合文章表达的教程；不要写成低质批量水文。,BUILD_P1
/blog/seedance-2-5-review-reddit,BLOG,P1,NEW,REVIEW,/seedance-2-5;/seedance-2-5/examples,"Seedance 2.5 Review: Reddit Feedback, Examples & Limitations",Seedance 2.5 Review,57,SECONDARY,"wan 3.0 vs seedance 2.5, reddit","wan 3.0 vs seedance 2.5, reddit",CANONICAL,70,0,--,KEEP_P2,HAS_VOLUME,Comparison / Other,Blog：用于时效性、观点/Review、实验性新主题或适合文章表达的教程；不要写成低质批量水文。,BUILD_P1
/blog/seedance-2-5-review-reddit,BLOG,P1,NEW,REVIEW,/seedance-2-5;/seedance-2-5/examples,"Seedance 2.5 Review: Reddit Feedback, Examples & Limitations",Seedance 2.5 Review,58,SECONDARY,seedance 2.5 reference image  reddit,seedance 2.5 reference image reddit,CANONICAL,60,0,--,KEEP_P2,HAS_VOLUME,2.5 Review / Reddit / Feedback,Blog：用于时效性、观点/Review、实验性新主题或适合文章表达的教程；不要写成低质批量水文。,BUILD_P1
/blog/seedance-2-5-review-reddit,BLOG,P1,NEW,REVIEW,/seedance-2-5;/seedance-2-5/examples,"Seedance 2.5 Review: Reddit Feedback, Examples & Limitations",Seedance 2.5 Review,59,SECONDARY,seedance 2.0 vs seedance 2.5 reddit,seedance 2.0 vs seedance 2.5 reddit,CANONICAL,30,0,--,KEEP_P0,HAS_VOLUME,2.5 vs 2.0,Blog：用于时效性、观点/Review、实验性新主题或适合文章表达的教程；不要写成低质批量水文。,BUILD_P1
/blog/seedance-2-5-review-reddit,BLOG,P1,NEW,REVIEW,/seedance-2-5;/seedance-2-5/examples,"Seedance 2.5 Review: Reddit Feedback, Examples & Limitations",Seedance 2.5 Review,60,SECONDARY,seedance 2.5 reddit when? delayed,seedance 2.5 reddit when? delayed,CANONICAL,10,34,--,KEEP_P0,HAS_VOLUME,2.5 Review / Reddit / Feedback,Blog：用于时效性、观点/Review、实验性新主题或适合文章表达的教程；不要写成低质批量水文。,BUILD_P1
/blog/seedance-2-5-review-reddit,BLOG,P1,NEW,REVIEW,/seedance-2-5;/seedance-2-5/examples,"Seedance 2.5 Review: Reddit Feedback, Examples & Limitations",Seedance 2.5 Review,61,ZERO_VOLUME_SUPPORT,seedance 2.5 anime reddit,seedance 2.5 anime reddit,CANONICAL,0,95,--,KEEP_P2,ZERO_VOLUME_RELEVANT,2.5 Review / Reddit / Feedback,Blog：用于时效性、观点/Review、实验性新主题或适合文章表达的教程；不要写成低质批量水文。,BUILD_P1
/blog/seedance-2-5-review-reddit,BLOG,P1,NEW,REVIEW,/seedance-2-5;/seedance-2-5/examples,"Seedance 2.5 Review: Reddit Feedback, Examples & Limitations",Seedance 2.5 Review,62,ZERO_VOLUME_SUPPORT,reddit seedance 2.5,reddit seedance 2.5,CANONICAL,0,50,--,KEEP_P0,ZERO_VOLUME_RELEVANT,2.5 Review / Reddit / Feedback,Blog：用于时效性、观点/Review、实验性新主题或适合文章表达的教程；不要写成低质批量水文。,BUILD_P1
/blog/seedance-2-5-review-reddit,BLOG,P1,NEW,REVIEW,/seedance-2-5;/seedance-2-5/examples,"Seedance 2.5 Review: Reddit Feedback, Examples & Limitations",Seedance 2.5 Review,63,ZERO_VOLUME_SUPPORT,seedance 2.5 30 sec reddit,seedance 2.5 30 sec reddit,CANONICAL,0,44,--,KEEP_P0,ZERO_VOLUME_RELEVANT,2.5 Review / Reddit / Feedback,Blog：用于时效性、观点/Review、实验性新主题或适合文章表达的教程；不要写成低质批量水文。,BUILD_P1
/blog/seedance-2-5-review-reddit,BLOG,P1,NEW,REVIEW,/seedance-2-5;/seedance-2-5/examples,"Seedance 2.5 Review: Reddit Feedback, Examples & Limitations",Seedance 2.5 Review,64,ZERO_VOLUME_SUPPORT,seedance 2.5 demo reddit,seedance 2.5 demo reddit,CANONICAL,0,42,--,KEEP_P0,ZERO_VOLUME_RELEVANT,2.5 Review / Reddit / Feedback,Blog：用于时效性、观点/Review、实验性新主题或适合文章表达的教程；不要写成低质批量水文。,BUILD_P1
/blog/seedance-2-5-review-reddit,BLOG,P1,NEW,REVIEW,/seedance-2-5;/seedance-2-5/examples,"Seedance 2.5 Review: Reddit Feedback, Examples & Limitations",Seedance 2.5 Review,65,ZERO_VOLUME_SUPPORT,did seedance 2.5 finally got anime right reddit,did seedance 2.5 finally got anime right reddit,CANONICAL,0,36,--,KEEP_P2,ZERO_VOLUME_RELEVANT,2.5 Review / Reddit / Feedback,Blog：用于时效性、观点/Review、实验性新主题或适合文章表达的教程；不要写成低质批量水文。,BUILD_P1
/blog/seedance-2-5-review-reddit,BLOG,P1,NEW,REVIEW,/seedance-2-5;/seedance-2-5/examples,"Seedance 2.5 Review: Reddit Feedback, Examples & Limitations",Seedance 2.5 Review,66,ZERO_VOLUME_SUPPORT,seedance 2.5 is getting 3 minutes clip reddit,seedance 2.5 is getting 3 minutes clip reddit,CANONICAL,0,31,--,KEEP_P0,ZERO_VOLUME_RELEVANT,2.5 Review / Reddit / Feedback,Blog：用于时效性、观点/Review、实验性新主题或适合文章表达的教程；不要写成低质批量水文。,BUILD_P1
/blog/seedance-2-5-review-reddit,BLOG,P1,NEW,REVIEW,/seedance-2-5;/seedance-2-5/examples,"Seedance 2.5 Review: Reddit Feedback, Examples & Limitations",Seedance 2.5 Review,67,ZERO_VOLUME_SUPPORT,seedance 2.5 jailbreak reddit,seedance 2.5 jailbreak reddit,CANONICAL,0,30,--,KEEP_P0,ZERO_VOLUME_RELEVANT,2.5 Review / Reddit / Feedback,Blog：用于时效性、观点/Review、实验性新主题或适合文章表达的教程；不要写成低质批量水文。,BUILD_P1
/blog/seedance-2-5-review-reddit,BLOG,P1,NEW,REVIEW,/seedance-2-5;/seedance-2-5/examples,"Seedance 2.5 Review: Reddit Feedback, Examples & Limitations",Seedance 2.5 Review,68,ZERO_VOLUME_SUPPORT,reddit which platforms will have seedance 2.5,reddit which platforms will have seedance 2.5,CANONICAL,0,25,--,KEEP_P0,ZERO_VOLUME_RELEVANT,2.5 Review / Reddit / Feedback,Blog：用于时效性、观点/Review、实验性新主题或适合文章表达的教程；不要写成低质批量水文。,BUILD_P1
/blog/seedance-2-5-review-reddit,BLOG,P1,NEW,REVIEW,/seedance-2-5;/seedance-2-5/examples,"Seedance 2.5 Review: Reddit Feedback, Examples & Limitations",Seedance 2.5 Review,69,ZERO_VOLUME_SUPPORT,seedance 2.5 videos reddit,seedance 2.5 videos reddit,CANONICAL,0,24,--,KEEP_P0,ZERO_VOLUME_RELEVANT,2.5 Review / Reddit / Feedback,Blog：用于时效性、观点/Review、实验性新主题或适合文章表达的教程；不要写成低质批量水文。,BUILD_P1
/blog/seedance-2-5-review-reddit,BLOG,P1,NEW,REVIEW,/seedance-2-5;/seedance-2-5/examples,"Seedance 2.5 Review: Reddit Feedback, Examples & Limitations",Seedance 2.5 Review,70,ZERO_VOLUME_SUPPORT,seedance 2.5 review and pricing,seedance 2.5 review and pricing,CANONICAL,0,21,--,KEEP_P0,ZERO_VOLUME_RELEVANT,Pricing / Free / Unlimited,Blog：用于时效性、观点/Review、实验性新主题或适合文章表达的教程；不要写成低质批量水文。,BUILD_P1
/blog/seedance-2-5-review-reddit,BLOG,P1,NEW,REVIEW,/seedance-2-5;/seedance-2-5/examples,"Seedance 2.5 Review: Reddit Feedback, Examples & Limitations",Seedance 2.5 Review,71,ZERO_VOLUME_SUPPORT,reddit.com seedance 2.5,reddit.com seedance 2.5,CANONICAL,0,16,--,KEEP_P0,ZERO_VOLUME_RELEVANT,2.5 Review / Reddit / Feedback,Blog：用于时效性、观点/Review、实验性新主题或适合文章表达的教程；不要写成低质批量水文。,BUILD_P1
/blog/seedance-2-5-review-reddit,BLOG,P1,NEW,REVIEW,/seedance-2-5;/seedance-2-5/examples,"Seedance 2.5 Review: Reddit Feedback, Examples & Limitations",Seedance 2.5 Review,72,ZERO_VOLUME_SUPPORT,seedance 2.5 preview costs,seedance 2.5 preview costs,CANONICAL,0,16,--,KEEP_P0,ZERO_VOLUME_RELEVANT,Pricing / Free / Unlimited,Blog：用于时效性、观点/Review、实验性新主题或适合文章表达的教程；不要写成低质批量水文。,BUILD_P1
/blog/seedance-2-5-review-reddit,BLOG,P1,NEW,REVIEW,/seedance-2-5;/seedance-2-5/examples,"Seedance 2.5 Review: Reddit Feedback, Examples & Limitations",Seedance 2.5 Review,73,ZERO_VOLUME_SUPPORT,seedance2.5 评测,seedance2.5 评测,CANONICAL,0,8,--,KEEP_P0,ZERO_VOLUME_RELEVANT,2.5 Core Hub,Blog：用于时效性、观点/Review、实验性新主题或适合文章表达的教程；不要写成低质批量水文。,BUILD_P1
/blog/seedance-2-5-review-reddit,BLOG,P1,NEW,REVIEW,/seedance-2-5;/seedance-2-5/examples,"Seedance 2.5 Review: Reddit Feedback, Examples & Limitations",Seedance 2.5 Review,74,ZERO_VOLUME_SUPPORT,arcads unlimited seedance 2.5 reddit,arcads unlimited seedance 2.5 reddit,CANONICAL,0,0,--,KEEP_P0,ZERO_VOLUME_RELEVANT,Pricing / Free / Unlimited,Blog：用于时效性、观点/Review、实验性新主题或适合文章表达的教程；不要写成低质批量水文。,BUILD_P1
/blog/seedance-mcp-skill-guide,BLOG,P1,NEW,GUIDE,/seedance-api,"Seedance MCP & Skills: Agent Workflows, API Connections & Examples",Seedance MCP & Skills Guide,1,PRIMARY,seedance mcp,seedance mcp,CANONICAL,2420,667,11,KEEP_P1,HAS_VOLUME,MCP / Agent Workflow,Blog：用于时效性、观点/Review、实验性新主题或适合文章表达的教程；不要写成低质批量水文。,BUILD_P1
/blog/seedance-mcp-skill-guide,BLOG,P1,NEW,GUIDE,/seedance-api,"Seedance MCP & Skills: Agent Workflows, API Connections & Examples",Seedance MCP & Skills Guide,2,PRIMARY,dreamina seedance mcp,dreamina seedance mcp,CANONICAL,2380,0,--,KEEP_P0,HAS_VOLUME,Platforms / Providers,Blog：用于时效性、观点/Review、实验性新主题或适合文章表达的教程；不要写成低质批量水文。,BUILD_P1
/blog/seedance-mcp-skill-guide,BLOG,P1,NEW,GUIDE,/seedance-api,"Seedance MCP & Skills: Agent Workflows, API Connections & Examples",Seedance MCP & Skills Guide,3,PRIMARY,seedance skill,seedance skill,CANONICAL,1840,496,8,KEEP_P1,HAS_VOLUME,MCP / Agent Workflow,Blog：用于时效性、观点/Review、实验性新主题或适合文章表达的教程；不要写成低质批量水文。,BUILD_P1
/blog/seedance-mcp-skill-guide,BLOG,P1,NEW,GUIDE,/seedance-api,"Seedance MCP & Skills: Agent Workflows, API Connections & Examples",Seedance MCP & Skills Guide,4,PRIMARY,seedance 2.5 skill,seedance 2.5 skill,CANONICAL,1720,0,--,KEEP_P0,HAS_VOLUME,2.5 Core Hub,Blog：用于时效性、观点/Review、实验性新主题或适合文章表达的教程；不要写成低质批量水文。,BUILD_P1
/blog/seedance-mcp-skill-guide,BLOG,P1,NEW,GUIDE,/seedance-api,"Seedance MCP & Skills: Agent Workflows, API Connections & Examples",Seedance MCP & Skills Guide,5,PRIMARY,seedance skill claude,seedance skill claude,CANONICAL,1550,88,--,KEEP_P1,HAS_VOLUME,MCP / Agent Workflow,Blog：用于时效性、观点/Review、实验性新主题或适合文章表达的教程；不要写成低质批量水文。,BUILD_P1
/blog/seedance-mcp-skill-guide,BLOG,P1,NEW,GUIDE,/seedance-api,"Seedance MCP & Skills: Agent Workflows, API Connections & Examples",Seedance MCP & Skills Guide,6,PRIMARY,claude seedance skill,claude seedance skill,CANONICAL,1440,249,4,KEEP_P1,HAS_VOLUME,MCP / Agent Workflow,Blog：用于时效性、观点/Review、实验性新主题或适合文章表达的教程；不要写成低质批量水文。,BUILD_P1
/blog/seedance-mcp-skill-guide,BLOG,P1,NEW,GUIDE,/seedance-api,"Seedance MCP & Skills: Agent Workflows, API Connections & Examples",Seedance MCP & Skills Guide,7,PRIMARY,claude skill for seedance prompt,claude skill for seedance prompt,CANONICAL,1080,52,--,KEEP_P0,HAS_VOLUME,Generic Prompts,Blog：用于时效性、观点/Review、实验性新主题或适合文章表达的教程；不要写成低质批量水文。,BUILD_P1
/blog/seedance-mcp-skill-guide,BLOG,P1,NEW,GUIDE,/seedance-api,"Seedance MCP & Skills: Agent Workflows, API Connections & Examples",Seedance MCP & Skills Guide,8,PRIMARY,claude code   seedance 2.5 = insane websites,claude code seedance 2.5 = insane websites,CANONICAL,1030,0,--,KEEP_P0,HAS_VOLUME,2.5 Core Hub,Blog：用于时效性、观点/Review、实验性新主题或适合文章表达的教程；不要写成低质批量水文。,BUILD_P1
/blog/seedance-mcp-skill-guide,BLOG,P1,NEW,GUIDE,/seedance-api,"Seedance MCP & Skills: Agent Workflows, API Connections & Examples",Seedance MCP & Skills Guide,9,SECONDARY,seedance 2.5 mcp,seedance 2.5 mcp,CANONICAL,920,0,--,KEEP_P2,HAS_VOLUME,MCP / Agent Workflow,Blog：用于时效性、观点/Review、实验性新主题或适合文章表达的教程；不要写成低质批量水文。,BUILD_P1
/blog/seedance-mcp-skill-guide,BLOG,P1,NEW,GUIDE,/seedance-api,"Seedance MCP & Skills: Agent Workflows, API Connections & Examples",Seedance MCP & Skills Guide,10,SECONDARY,seedance 2.0 skill for claude,seedance 2.0 skill for claude,CANONICAL,880,212,--,KEEP_P0,HAS_VOLUME,2.0 Core / Generator,Blog：用于时效性、观点/Review、实验性新主题或适合文章表达的教程；不要写成低质批量水文。,BUILD_P1
/blog/seedance-mcp-skill-guide,BLOG,P1,NEW,GUIDE,/seedance-api,"Seedance MCP & Skills: Agent Workflows, API Connections & Examples",Seedance MCP & Skills Guide,11,SECONDARY,seedance 2.5 claude,seedance 2.5 claude,CANONICAL,790,14,--,KEEP_P0,HAS_VOLUME,2.5 Core Hub,Blog：用于时效性、观点/Review、实验性新主题或适合文章表达的教程；不要写成低质批量水文。,BUILD_P1
/blog/seedance-mcp-skill-guide,BLOG,P1,NEW,GUIDE,/seedance-api,"Seedance MCP & Skills: Agent Workflows, API Connections & Examples",Seedance MCP & Skills Guide,12,SECONDARY,claude seedance 2.5 skill,claude seedance 2.5 skill,CANONICAL,720,0,--,KEEP_P0,HAS_VOLUME,2.5 Core Hub,Blog：用于时效性、观点/Review、实验性新主题或适合文章表达的教程；不要写成低质批量水文。,BUILD_P1
/blog/seedance-mcp-skill-guide,BLOG,P1,NEW,GUIDE,/seedance-api,"Seedance MCP & Skills: Agent Workflows, API Connections & Examples",Seedance MCP & Skills Guide,13,SECONDARY,seedance 2 prompt skill claude github,seedance 2 prompt skill claude github,CANONICAL,720,0,--,KEEP_P2,HAS_VOLUME,Open Source / Local / Ecosystem,Blog：用于时效性、观点/Review、实验性新主题或适合文章表达的教程；不要写成低质批量水文。,BUILD_P1
/blog/seedance-mcp-skill-guide,BLOG,P1,NEW,GUIDE,/seedance-api,"Seedance MCP & Skills: Agent Workflows, API Connections & Examples",Seedance MCP & Skills Guide,14,SECONDARY,hub de ia que inclui o claude e seedance 2.0,hub de ia que inclui o claude e seedance 2.0,CANONICAL,690,26,--,KEEP_P0,HAS_VOLUME,2.0 Core / Generator,Blog：用于时效性、观点/Review、实验性新主题或适合文章表达的教程；不要写成低质批量水文。,BUILD_P1
/blog/seedance-mcp-skill-guide,BLOG,P1,NEW,GUIDE,/seedance-api,"Seedance MCP & Skills: Agent Workflows, API Connections & Examples",Seedance MCP & Skills Guide,15,SECONDARY,seedance 2.0 skill os,seedance 2.0 skill os,CANONICAL,680,344,--,KEEP_P0,HAS_VOLUME,2.0 Core / Generator,Blog：用于时效性、观点/Review、实验性新主题或适合文章表达的教程；不要写成低质批量水文。,BUILD_P1
/blog/seedance-mcp-skill-guide,BLOG,P1,NEW,GUIDE,/seedance-api,"Seedance MCP & Skills: Agent Workflows, API Connections & Examples",Seedance MCP & Skills Guide,16,SECONDARY,seedance2.0 skill github,seedance2.0 skill github,CANONICAL,680,7,--,KEEP_P2,HAS_VOLUME,Open Source / Local / Ecosystem,Blog：用于时效性、观点/Review、实验性新主题或适合文章表达的教程；不要写成低质批量水文。,BUILD_P1
/blog/seedance-mcp-skill-guide,BLOG,P1,NEW,GUIDE,/seedance-api,"Seedance MCP & Skills: Agent Workflows, API Connections & Examples",Seedance MCP & Skills Guide,17,SECONDARY,seedance-film skill,seedance-film skill,CANONICAL,650,0,--,KEEP_P2,HAS_VOLUME,Homepage / Generic Seedance,Blog：用于时效性、观点/Review、实验性新主题或适合文章表达的教程；不要写成低质批量水文。,BUILD_P1
/blog/seedance-mcp-skill-guide,BLOG,P1,NEW,GUIDE,/seedance-api,"Seedance MCP & Skills: Agent Workflows, API Connections & Examples",Seedance MCP & Skills Guide,18,SECONDARY,skill builder prompt seedance,skill builder prompt seedance,CANONICAL,640,0,--,KEEP_P1,HAS_VOLUME,Generic Prompts,Blog：用于时效性、观点/Review、实验性新主题或适合文章表达的教程；不要写成低质批量水文。,BUILD_P1
/blog/seedance-mcp-skill-guide,BLOG,P1,NEW,GUIDE,/seedance-api,"Seedance MCP & Skills: Agent Workflows, API Connections & Examples",Seedance MCP & Skills Guide,19,SECONDARY,skill clusw builder prompt seedance,skill clusw builder prompt seedance,CANONICAL,640,0,--,KEEP_P1,HAS_VOLUME,Generic Prompts,Blog：用于时效性、观点/Review、实验性新主题或适合文章表达的教程；不要写成低质批量水文。,BUILD_P1
/blog/seedance-mcp-skill-guide,BLOG,P1,NEW,GUIDE,/seedance-api,"Seedance MCP & Skills: Agent Workflows, API Connections & Examples",Seedance MCP & Skills Guide,20,SECONDARY,skill seedance 2.5,skill seedance 2.5,CANONICAL,610,0,--,KEEP_P0,HAS_VOLUME,2.5 Core Hub,Blog：用于时效性、观点/Review、实验性新主题或适合文章表达的教程；不要写成低质批量水文。,BUILD_P1
/blog/seedance-mcp-skill-guide,BLOG,P1,NEW,GUIDE,/seedance-api,"Seedance MCP & Skills: Agent Workflows, API Connections & Examples",Seedance MCP & Skills Guide,21,SECONDARY,seedance 2.5 connect to claude,seedance 2.5 connect to claude,CANONICAL,590,0,--,KEEP_P0,HAS_VOLUME,2.5 Core Hub,Blog：用于时效性、观点/Review、实验性新主题或适合文章表达的教程；不要写成低质批量水文。,BUILD_P1
/blog/seedance-mcp-skill-guide,BLOG,P1,NEW,GUIDE,/seedance-api,"Seedance MCP & Skills: Agent Workflows, API Connections & Examples",Seedance MCP & Skills Guide,22,SECONDARY,seedance 2.0 skill,seedance 2.0 skill,CANONICAL,550,504,--,KEEP_P0,HAS_VOLUME,2.0 Core / Generator,Blog：用于时效性、观点/Review、实验性新主题或适合文章表达的教程；不要写成低质批量水文。,BUILD_P1
/blog/seedance-mcp-skill-guide,BLOG,P1,NEW,GUIDE,/seedance-api,"Seedance MCP & Skills: Agent Workflows, API Connections & Examples",Seedance MCP & Skills Guide,23,SECONDARY,claude seedance 2.5 skills,claude seedance 2.5 skills,CANONICAL,520,0,--,KEEP_P0,HAS_VOLUME,2.5 Core Hub,Blog：用于时效性、观点/Review、实验性新主题或适合文章表达的教程；不要写成低质批量水文。,BUILD_P1
/blog/seedance-mcp-skill-guide,BLOG,P1,NEW,GUIDE,/seedance-api,"Seedance MCP & Skills: Agent Workflows, API Connections & Examples",Seedance MCP & Skills Guide,24,SECONDARY,seedance mcp claude,seedance mcp claude,CANONICAL,490,38,--,KEEP_P2,HAS_VOLUME,MCP / Agent Workflow,Blog：用于时效性、观点/Review、实验性新主题或适合文章表达的教程；不要写成低质批量水文。,BUILD_P1
/blog/seedance-mcp-skill-guide,BLOG,P1,NEW,GUIDE,/seedance-api,"Seedance MCP & Skills: Agent Workflows, API Connections & Examples",Seedance MCP & Skills Guide,25,SECONDARY,mcp connector seedance,mcp connector seedance,CANONICAL,460,0,--,KEEP_P2,HAS_VOLUME,MCP / Agent Workflow,Blog：用于时效性、观点/Review、实验性新主题或适合文章表达的教程；不要写成低质批量水文。,BUILD_P1
/blog/seedance-mcp-skill-guide,BLOG,P1,NEW,GUIDE,/seedance-api,"Seedance MCP & Skills: Agent Workflows, API Connections & Examples",Seedance MCP & Skills Guide,26,SECONDARY,skill claude seedance 2.0,skill claude seedance 2.0,CANONICAL,440,14,--,KEEP_P0,HAS_VOLUME,2.0 Core / Generator,Blog：用于时效性、观点/Review、实验性新主题或适合文章表达的教程；不要写成低质批量水文。,BUILD_P1
/blog/seedance-mcp-skill-guide,BLOG,P1,NEW,GUIDE,/seedance-api,"Seedance MCP & Skills: Agent Workflows, API Connections & Examples",Seedance MCP & Skills Guide,27,SECONDARY,skill claude seedance 2.5,skill claude seedance 2.5,CANONICAL,440,0,--,KEEP_P0,HAS_VOLUME,2.5 Core Hub,Blog：用于时效性、观点/Review、实验性新主题或适合文章表达的教程；不要写成低质批量水文。,BUILD_P1
/blog/seedance-mcp-skill-guide,BLOG,P1,NEW,GUIDE,/seedance-api,"Seedance MCP & Skills: Agent Workflows, API Connections & Examples",Seedance MCP & Skills Guide,28,SECONDARY,skill de claude para vídeos seedance,skill de claude para vídeos seedance,CANONICAL,440,0,--,KEEP_P2,HAS_VOLUME,Homepage / Generic Seedance,Blog：用于时效性、观点/Review、实验性新主题或适合文章表达的教程；不要写成低质批量水文。,BUILD_P1
/blog/seedance-mcp-skill-guide,BLOG,P1,NEW,GUIDE,/seedance-api,"Seedance MCP & Skills: Agent Workflows, API Connections & Examples",Seedance MCP & Skills Guide,29,SECONDARY,skill seedance-asset,skill seedance-asset,CANONICAL,440,0,--,KEEP_P2,HAS_VOLUME,Homepage / Generic Seedance,Blog：用于时效性、观点/Review、实验性新主题或适合文章表达的教程；不要写成低质批量水文。,BUILD_P1
/blog/seedance-mcp-skill-guide,BLOG,P1,NEW,GUIDE,/seedance-api,"Seedance MCP & Skills: Agent Workflows, API Connections & Examples",Seedance MCP & Skills Guide,30,SECONDARY,skill seedance-film,skill seedance-film,CANONICAL,440,0,--,KEEP_P2,HAS_VOLUME,Homepage / Generic Seedance,Blog：用于时效性、观点/Review、实验性新主题或适合文章表达的教程；不要写成低质批量水文。,BUILD_P1
/blog/seedance-mcp-skill-guide,BLOG,P1,NEW,GUIDE,/seedance-api,"Seedance MCP & Skills: Agent Workflows, API Connections & Examples",Seedance MCP & Skills Guide,31,SECONDARY,skill seedance-scene,skill seedance-scene,CANONICAL,440,0,--,KEEP_P2,HAS_VOLUME,Homepage / Generic Seedance,Blog：用于时效性、观点/Review、实验性新主题或适合文章表达的教程；不要写成低质批量水文。,BUILD_P1
/blog/seedance-mcp-skill-guide,BLOG,P1,NEW,GUIDE,/seedance-api,"Seedance MCP & Skills: Agent Workflows, API Connections & Examples",Seedance MCP & Skills Guide,32,SECONDARY,lyp sink seedance skills cloude,lyp sink seedance skills cloude,CANONICAL,430,24,--,KEEP_P2,HAS_VOLUME,Homepage / Generic Seedance,Blog：用于时效性、观点/Review、实验性新主题或适合文章表达的教程；不要写成低质批量水文。,BUILD_P1
/blog/seedance-mcp-skill-guide,BLOG,P1,NEW,GUIDE,/seedance-api,"Seedance MCP & Skills: Agent Workflows, API Connections & Examples",Seedance MCP & Skills Guide,33,SECONDARY,ugc standalone seedance2 skill,ugc standalone seedance2 skill,CANONICAL,430,0,--,KEEP_P2,HAS_VOLUME,UGC / Product Ads / Social Video,Blog：用于时效性、观点/Review、实验性新主题或适合文章表达的教程；不要写成低质批量水文。,BUILD_P1
/blog/seedance-mcp-skill-guide,BLOG,P1,NEW,GUIDE,/seedance-api,"Seedance MCP & Skills: Agent Workflows, API Connections & Examples",Seedance MCP & Skills Guide,34,SECONDARY,claude seedance prompting skill,claude seedance prompting skill,CANONICAL,420,32,--,KEEP_P1,HAS_VOLUME,Generic Prompts,Blog：用于时效性、观点/Review、实验性新主题或适合文章表达的教程；不要写成低质批量水文。,BUILD_P1
/blog/seedance-mcp-skill-guide,BLOG,P1,NEW,GUIDE,/seedance-api,"Seedance MCP & Skills: Agent Workflows, API Connections & Examples",Seedance MCP & Skills Guide,35,SECONDARY,is there a skill for claude for seedance 2.5 motion design,is there a skill for claude for seedance 2.5 motion design,CANONICAL,410,0,--,KEEP_P0,HAS_VOLUME,2.5 Core Hub,Blog：用于时效性、观点/Review、实验性新主题或适合文章表达的教程；不要写成低质批量水文。,BUILD_P1
/blog/seedance-mcp-skill-guide,BLOG,P1,NEW,GUIDE,/seedance-api,"Seedance MCP & Skills: Agent Workflows, API Connections & Examples",Seedance MCP & Skills Guide,36,SECONDARY,seedance 2.5 serveces with mcp,seedance 2.5 serveces with mcp,CANONICAL,410,0,--,KEEP_P2,HAS_VOLUME,MCP / Agent Workflow,Blog：用于时效性、观点/Review、实验性新主题或适合文章表达的教程；不要写成低质批量水文。,BUILD_P1
/blog/seedance-mcp-skill-guide,BLOG,P1,NEW,GUIDE,/seedance-api,"Seedance MCP & Skills: Agent Workflows, API Connections & Examples",Seedance MCP & Skills Guide,37,SECONDARY,chatgpt seedance skill,chatgpt seedance skill,CANONICAL,400,10,--,KEEP_P2,HAS_VOLUME,MCP / Agent Workflow,Blog：用于时效性、观点/Review、实验性新主题或适合文章表达的教程；不要写成低质批量水文。,BUILD_P1
/blog/seedance-mcp-skill-guide,BLOG,P1,NEW,GUIDE,/seedance-api,"Seedance MCP & Skills: Agent Workflows, API Connections & Examples",Seedance MCP & Skills Guide,38,SECONDARY,claude skills seedance 2.0,claude skills seedance 2.0,CANONICAL,400,0,--,KEEP_P0,HAS_VOLUME,2.0 Core / Generator,Blog：用于时效性、观点/Review、实验性新主题或适合文章表达的教程；不要写成低质批量水文。,BUILD_P1
/blog/seedance-mcp-skill-guide,BLOG,P1,NEW,GUIDE,/seedance-api,"Seedance MCP & Skills: Agent Workflows, API Connections & Examples",Seedance MCP & Skills Guide,39,SECONDARY,seedance 2.5 claude video editing,seedance 2.5 claude video editing,CANONICAL,400,0,--,KEEP_P2,HAS_VOLUME,Video-to-Video / Editing,Blog：用于时效性、观点/Review、实验性新主题或适合文章表达的教程；不要写成低质批量水文。,BUILD_P1
/blog/seedance-mcp-skill-guide,BLOG,P1,NEW,GUIDE,/seedance-api,"Seedance MCP & Skills: Agent Workflows, API Connections & Examples",Seedance MCP & Skills Guide,40,SECONDARY,seedance 2.0 prompt skill claude,seedance 2.0 prompt skill claude,CANONICAL,390,103,--,KEEP_P0,HAS_VOLUME,2.0 Prompts,Blog：用于时效性、观点/Review、实验性新主题或适合文章表达的教程；不要写成低质批量水文。,BUILD_P1
/blog/seedance-mcp-skill-guide,BLOG,P1,NEW,GUIDE,/seedance-api,"Seedance MCP & Skills: Agent Workflows, API Connections & Examples",Seedance MCP & Skills Guide,41,SECONDARY,gpt skill seedance generator github,gpt skill seedance generator github,CANONICAL,380,47,--,KEEP_P2,HAS_VOLUME,Open Source / Local / Ecosystem,Blog：用于时效性、观点/Review、实验性新主题或适合文章表达的教程；不要写成低质批量水文。,BUILD_P1
/blog/seedance-mcp-skill-guide,BLOG,P1,NEW,GUIDE,/seedance-api,"Seedance MCP & Skills: Agent Workflows, API Connections & Examples",Seedance MCP & Skills Guide,42,SECONDARY,seedance 2 prompt skill for claude,seedance 2 prompt skill for claude,CANONICAL,370,0,--,KEEP_P1,HAS_VOLUME,Generic Prompts,Blog：用于时效性、观点/Review、实验性新主题或适合文章表达的教程；不要写成低质批量水文。,BUILD_P1
/blog/seedance-mcp-skill-guide,BLOG,P1,NEW,GUIDE,/seedance-api,"Seedance MCP & Skills: Agent Workflows, API Connections & Examples",Seedance MCP & Skills Guide,43,SECONDARY,seedance 2 prompt skill.md for claude.ai,seedance 2 prompt skill.md for claude.ai,CANONICAL,370,0,--,KEEP_P1,HAS_VOLUME,Generic Prompts,Blog：用于时效性、观点/Review、实验性新主题或适合文章表达的教程；不要写成低质批量水文。,BUILD_P1
/blog/seedance-mcp-skill-guide,BLOG,P1,NEW,GUIDE,/seedance-api,"Seedance MCP & Skills: Agent Workflows, API Connections & Examples",Seedance MCP & Skills Guide,44,SECONDARY,higgsfield seedance skill,higgsfield seedance skill,CANONICAL,360,9,--,KEEP_P1,HAS_VOLUME,Platforms / Providers,Blog：用于时效性、观点/Review、实验性新主题或适合文章表达的教程；不要写成低质批量水文。,BUILD_P1
/blog/seedance-mcp-skill-guide,BLOG,P1,NEW,GUIDE,/seedance-api,"Seedance MCP & Skills: Agent Workflows, API Connections & Examples",Seedance MCP & Skills Guide,45,SECONDARY,skill seedance,skill seedance,CANONICAL,360,8,--,KEEP_P2,HAS_VOLUME,Homepage / Generic Seedance,Blog：用于时效性、观点/Review、实验性新主题或适合文章表达的教程；不要写成低质批量水文。,BUILD_P1
/blog/seedance-mcp-skill-guide,BLOG,P1,NEW,GUIDE,/seedance-api,"Seedance MCP & Skills: Agent Workflows, API Connections & Examples",Seedance MCP & Skills Guide,46,SECONDARY,eld seedance skill,eld seedance skill,CANONICAL,360,0,--,KEEP_P2,HAS_VOLUME,MCP / Agent Workflow,Blog：用于时效性、观点/Review、实验性新主题或适合文章表达的教程；不要写成低质批量水文。,BUILD_P1
/blog/seedance-mcp-skill-guide,BLOG,P1,NEW,GUIDE,/seedance-api,"Seedance MCP & Skills: Agent Workflows, API Connections & Examples",Seedance MCP & Skills Guide,47,SECONDARY,claude seedance prompt,claude seedance prompt,CANONICAL,350,27,--,KEEP_P1,HAS_VOLUME,Generic Prompts,Blog：用于时效性、观点/Review、实验性新主题或适合文章表达的教程；不要写成低质批量水文。,BUILD_P1
/blog/seedance-mcp-skill-guide,BLOG,P1,NEW,GUIDE,/seedance-api,"Seedance MCP & Skills: Agent Workflows, API Connections & Examples",Seedance MCP & Skills Guide,48,SECONDARY,seedance2.5 skill github,seedance2.5 skill github,CANONICAL,350,0,--,KEEP_P2,HAS_VOLUME,Open Source / Local / Ecosystem,Blog：用于时效性、观点/Review、实验性新主题或适合文章表达的教程；不要写成低质批量水文。,BUILD_P1
/blog/seedance-mcp-skill-guide,BLOG,P1,NEW,GUIDE,/seedance-api,"Seedance MCP & Skills: Agent Workflows, API Connections & Examples",Seedance MCP & Skills Guide,49,SECONDARY,seedance 2.0 skills,seedance 2.0 skills,CANONICAL,340,330,--,KEEP_P0,HAS_VOLUME,2.0 Core / Generator,Blog：用于时效性、观点/Review、实验性新主题或适合文章表达的教程；不要写成低质批量水文。,BUILD_P1
/blog/seedance-mcp-skill-guide,BLOG,P1,NEW,GUIDE,/seedance-api,"Seedance MCP & Skills: Agent Workflows, API Connections & Examples",Seedance MCP & Skills Guide,50,SECONDARY,github skill claude seedance,github skill claude seedance,CANONICAL,340,0,--,KEEP_P2,HAS_VOLUME,Open Source / Local / Ecosystem,Blog：用于时效性、观点/Review、实验性新主题或适合文章表达的教程；不要写成低质批量水文。,BUILD_P1
/blog/seedance-mcp-skill-guide,BLOG,P1,NEW,GUIDE,/seedance-api,"Seedance MCP & Skills: Agent Workflows, API Connections & Examples",Seedance MCP & Skills Guide,51,SECONDARY,seedance 2.5 skill github,seedance 2.5 skill github,CANONICAL,340,0,--,KEEP_P2,HAS_VOLUME,Open Source / Local / Ecosystem,Blog：用于时效性、观点/Review、实验性新主题或适合文章表达的教程；不要写成低质批量水文。,BUILD_P1
/blog/seedance-mcp-skill-guide,BLOG,P1,NEW,GUIDE,/seedance-api,"Seedance MCP & Skills: Agent Workflows, API Connections & Examples",Seedance MCP & Skills Guide,52,SECONDARY,seedance director shotlist claude skill,seedance director shotlist claude skill,CANONICAL,340,0,--,KEEP_P2,HAS_VOLUME,Homepage / Generic Seedance,Blog：用于时效性、观点/Review、实验性新主题或适合文章表达的教程；不要写成低质批量水文。,BUILD_P1
/blog/seedance-mcp-skill-guide,BLOG,P1,NEW,GUIDE,/seedance-api,"Seedance MCP & Skills: Agent Workflows, API Connections & Examples",Seedance MCP & Skills Guide,53,SECONDARY,seedance prompt skill,seedance prompt skill,CANONICAL,330,240,7,KEEP_P1,HAS_VOLUME,Generic Prompts,Blog：用于时效性、观点/Review、实验性新主题或适合文章表达的教程；不要写成低质批量水文。,BUILD_P1
/blog/seedance-mcp-skill-guide,BLOG,P1,NEW,GUIDE,/seedance-api,"Seedance MCP & Skills: Agent Workflows, API Connections & Examples",Seedance MCP & Skills Guide,54,SECONDARY,seedance 2 prompt skill claude,seedance 2 prompt skill claude,CANONICAL,330,0,--,KEEP_P1,HAS_VOLUME,Generic Prompts,Blog：用于时效性、观点/Review、实验性新主题或适合文章表达的教程；不要写成低质批量水文。,BUILD_P1
/blog/seedance-mcp-skill-guide,BLOG,P1,NEW,GUIDE,/seedance-api,"Seedance MCP & Skills: Agent Workflows, API Connections & Examples",Seedance MCP & Skills Guide,55,SECONDARY,seedance director shotlist skill,seedance director shotlist skill,CANONICAL,320,26,--,KEEP_P2,HAS_VOLUME,Homepage / Generic Seedance,Blog：用于时效性、观点/Review、实验性新主题或适合文章表达的教程；不要写成低质批量水文。,BUILD_P1
/blog/seedance-mcp-skill-guide,BLOG,P1,NEW,GUIDE,/seedance-api,"Seedance MCP & Skills: Agent Workflows, API Connections & Examples",Seedance MCP & Skills Guide,56,SECONDARY,seedance 2.0 skillos,seedance 2.0 skillos,CANONICAL,320,11,--,KEEP_P0,HAS_VOLUME,2.0 Core / Generator,Blog：用于时效性、观点/Review、实验性新主题或适合文章表达的教程；不要写成低质批量水文。,BUILD_P1
/blog/seedance-mcp-skill-guide,BLOG,P1,NEW,GUIDE,/seedance-api,"Seedance MCP & Skills: Agent Workflows, API Connections & Examples",Seedance MCP & Skills Guide,57,SECONDARY,seedance 2.0 skills github,seedance 2.0 skills github,CANONICAL,310,10,--,KEEP_P2,HAS_VOLUME,Open Source / Local / Ecosystem,Blog：用于时效性、观点/Review、实验性新主题或适合文章表达的教程；不要写成低质批量水文。,BUILD_P1
/blog/seedance-mcp-skill-guide,BLOG,P1,NEW,GUIDE,/seedance-api,"Seedance MCP & Skills: Agent Workflows, API Connections & Examples",Seedance MCP & Skills Guide,58,SECONDARY,gpt skill seedance 2.5,gpt skill seedance 2.5,CANONICAL,310,0,--,KEEP_P0,HAS_VOLUME,2.5 Core Hub,Blog：用于时效性、观点/Review、实验性新主题或适合文章表达的教程；不要写成低质批量水文。,BUILD_P1
/blog/seedance-mcp-skill-guide,BLOG,P1,NEW,GUIDE,/seedance-api,"Seedance MCP & Skills: Agent Workflows, API Connections & Examples",Seedance MCP & Skills Guide,59,SECONDARY,seedance 2.0 mcp,seedance 2.0 mcp,CANONICAL,300,381,17,KEEP_P2,HAS_VOLUME,MCP / Agent Workflow,Blog：用于时效性、观点/Review、实验性新主题或适合文章表达的教程；不要写成低质批量水文。,BUILD_P1
/blog/seedance-mcp-skill-guide,BLOG,P1,NEW,GUIDE,/seedance-api,"Seedance MCP & Skills: Agent Workflows, API Connections & Examples",Seedance MCP & Skills Guide,60,SECONDARY,seedance claude skill higgsfield,seedance claude skill higgsfield,CANONICAL,300,68,--,KEEP_P1,HAS_VOLUME,Platforms / Providers,Blog：用于时效性、观点/Review、实验性新主题或适合文章表达的教程；不要写成低质批量水文。,BUILD_P1
/blog/seedance-mcp-skill-guide,BLOG,P1,NEW,GUIDE,/seedance-api,"Seedance MCP & Skills: Agent Workflows, API Connections & Examples",Seedance MCP & Skills Guide,61,ZERO_VOLUME_SUPPORT,seedance 2.0 skill github,seedance 2.0 skill github,CANONICAL,0,161,--,KEEP_P2,ZERO_VOLUME_RELEVANT,Open Source / Local / Ecosystem,Blog：用于时效性、观点/Review、实验性新主题或适合文章表达的教程；不要写成低质批量水文。,BUILD_P1
/blog/seedance-mcp-skill-guide,BLOG,P1,NEW,GUIDE,/seedance-api,"Seedance MCP & Skills: Agent Workflows, API Connections & Examples",Seedance MCP & Skills Guide,62,ZERO_VOLUME_SUPPORT,seedance2 skill,seedance2 skill,CANONICAL,0,154,49,KEEP_P2,ZERO_VOLUME_RELEVANT,Other / Contextual,Blog：用于时效性、观点/Review、实验性新主题或适合文章表达的教程；不要写成低质批量水文。,BUILD_P1
/blog/seedance-mcp-skill-guide,BLOG,P1,NEW,GUIDE,/seedance-api,"Seedance MCP & Skills: Agent Workflows, API Connections & Examples",Seedance MCP & Skills Guide,63,ZERO_VOLUME_SUPPORT,seedance 2 skill,seedance 2 skill,CANONICAL,0,148,35,KEEP_P2,ZERO_VOLUME_RELEVANT,Homepage / Generic Seedance,Blog：用于时效性、观点/Review、实验性新主题或适合文章表达的教程；不要写成低质批量水文。,BUILD_P1
/blog/seedance-mcp-skill-guide,BLOG,P1,NEW,GUIDE,/seedance-api,"Seedance MCP & Skills: Agent Workflows, API Connections & Examples",Seedance MCP & Skills Guide,64,ZERO_VOLUME_SUPPORT,seedance 2.0 mcp free with claude code,seedance 2.0 mcp free with claude code,CANONICAL,0,120,--,KEEP_P0,ZERO_VOLUME_RELEVANT,2.0 Commercial / Generator,Blog：用于时效性、观点/Review、实验性新主题或适合文章表达的教程；不要写成低质批量水文。,BUILD_P1
/blog/seedance-mcp-skill-guide,BLOG,P1,NEW,GUIDE,/seedance-api,"Seedance MCP & Skills: Agent Workflows, API Connections & Examples",Seedance MCP & Skills Guide,65,ZERO_VOLUME_SUPPORT,claude   seedance 2.0,claude seedance 2.0,CANONICAL,0,112,--,KEEP_P0,ZERO_VOLUME_RELEVANT,2.0 Core / Generator,Blog：用于时效性、观点/Review、实验性新主题或适合文章表达的教程；不要写成低质批量水文。,BUILD_P1
/blog/seedance-mcp-skill-guide,BLOG,P1,NEW,GUIDE,/seedance-api,"Seedance MCP & Skills: Agent Workflows, API Connections & Examples",Seedance MCP & Skills Guide,66,ZERO_VOLUME_SUPPORT,seedance director skill claude,seedance director skill claude,CANONICAL,0,103,--,KEEP_P2,ZERO_VOLUME_RELEVANT,Homepage / Generic Seedance,Blog：用于时效性、观点/Review、实验性新主题或适合文章表达的教程；不要写成低质批量水文。,BUILD_P1
/blog/seedance-mcp-skill-guide,BLOG,P1,NEW,GUIDE,/seedance-api,"Seedance MCP & Skills: Agent Workflows, API Connections & Examples",Seedance MCP & Skills Guide,67,ZERO_VOLUME_SUPPORT,seedance2-skill,seedance2-skill,CANONICAL,0,93,--,KEEP_P2,ZERO_VOLUME_RELEVANT,Other / Contextual,Blog：用于时效性、观点/Review、实验性新主题或适合文章表达的教程；不要写成低质批量水文。,BUILD_P1
/blog/seedance-mcp-skill-guide,BLOG,P1,NEW,GUIDE,/seedance-api,"Seedance MCP & Skills: Agent Workflows, API Connections & Examples",Seedance MCP & Skills Guide,68,ZERO_VOLUME_SUPPORT,seedance prompt generator skill,seedance prompt generator skill,CANONICAL,0,83,--,KEEP_P2,ZERO_VOLUME_RELEVANT,Generic Prompts,Blog：用于时效性、观点/Review、实验性新主题或适合文章表达的教程；不要写成低质批量水文。,BUILD_P1
/blog/seedance-mcp-skill-guide,BLOG,P1,NEW,GUIDE,/seedance-api,"Seedance MCP & Skills: Agent Workflows, API Connections & Examples",Seedance MCP & Skills Guide,69,ZERO_VOLUME_SUPPORT,higgsfield seedance 2.0 skills,higgsfield seedance 2.0 skills,CANONICAL,0,81,--,KEEP_P0,ZERO_VOLUME_RELEVANT,Platforms / Providers,Blog：用于时效性、观点/Review、实验性新主题或适合文章表达的教程；不要写成低质批量水文。,BUILD_P1
/blog/seedance-mcp-skill-guide,BLOG,P1,NEW,GUIDE,/seedance-api,"Seedance MCP & Skills: Agent Workflows, API Connections & Examples",Seedance MCP & Skills Guide,70,ZERO_VOLUME_SUPPORT,seedance claude mcp,seedance claude mcp,CANONICAL,0,69,35,KEEP_P2,ZERO_VOLUME_RELEVANT,MCP / Agent Workflow,Blog：用于时效性、观点/Review、实验性新主题或适合文章表达的教程；不要写成低质批量水文。,BUILD_P1
/blog/seedance-mcp-skill-guide,BLOG,P1,NEW,GUIDE,/seedance-api,"Seedance MCP & Skills: Agent Workflows, API Connections & Examples",Seedance MCP & Skills Guide,71,ZERO_VOLUME_SUPPORT,seedance 2.0 mcp free,seedance 2.0 mcp free,CANONICAL,0,62,51,KEEP_P0,ZERO_VOLUME_RELEVANT,2.0 Commercial / Generator,Blog：用于时效性、观点/Review、实验性新主题或适合文章表达的教程；不要写成低质批量水文。,BUILD_P1
/blog/seedance-mcp-skill-guide,BLOG,P1,NEW,GUIDE,/seedance-api,"Seedance MCP & Skills: Agent Workflows, API Connections & Examples",Seedance MCP & Skills Guide,72,ZERO_VOLUME_SUPPORT,seedance prompt claude skill,seedance prompt claude skill,CANONICAL,0,60,--,KEEP_P2,ZERO_VOLUME_RELEVANT,Generic Prompts,Blog：用于时效性、观点/Review、实验性新主题或适合文章表达的教程；不要写成低质批量水文。,BUILD_P1
/blog/seedance-mcp-skill-guide,BLOG,P1,NEW,GUIDE,/seedance-api,"Seedance MCP & Skills: Agent Workflows, API Connections & Examples",Seedance MCP & Skills Guide,73,ZERO_VOLUME_SUPPORT,seedance mcp cli,seedance mcp cli,CANONICAL,0,59,13,KEEP_P2,ZERO_VOLUME_RELEVANT,MCP / Agent Workflow,Blog：用于时效性、观点/Review、实验性新主题或适合文章表达的教程；不要写成低质批量水文。,BUILD_P1
/blog/seedance-mcp-skill-guide,BLOG,P1,NEW,GUIDE,/seedance-api,"Seedance MCP & Skills: Agent Workflows, API Connections & Examples",Seedance MCP & Skills Guide,74,ZERO_VOLUME_SUPPORT,seedance 2.0 ugc skill,seedance 2.0 ugc skill,CANONICAL,0,58,34,KEEP_P2,ZERO_VOLUME_RELEVANT,UGC / Product Ads / Social Video,Blog：用于时效性、观点/Review、实验性新主题或适合文章表达的教程；不要写成低质批量水文。,BUILD_P1
/blog/seedance-mcp-skill-guide,BLOG,P1,NEW,GUIDE,/seedance-api,"Seedance MCP & Skills: Agent Workflows, API Connections & Examples",Seedance MCP & Skills Guide,75,ZERO_VOLUME_SUPPORT,seedance 2.0 ugx skill,seedance 2.0 ugx skill,CANONICAL,0,57,74,KEEP_P0,ZERO_VOLUME_RELEVANT,2.0 Core / Generator,Blog：用于时效性、观点/Review、实验性新主题或适合文章表达的教程；不要写成低质批量水文。,BUILD_P1
/blog/seedance-mcp-skill-guide,BLOG,P1,NEW,GUIDE,/seedance-api,"Seedance MCP & Skills: Agent Workflows, API Connections & Examples",Seedance MCP & Skills Guide,76,ZERO_VOLUME_SUPPORT,amazon bedrock vs claude vs google veo 3.1 vs seedance 2.0,amazon bedrock vs claude vs google veo 3.1 vs seedance 2.0,CANONICAL,0,56,1,KEEP_P2,ZERO_VOLUME_RELEVANT,Competitor Comparison / Veo,Blog：用于时效性、观点/Review、实验性新主题或适合文章表达的教程；不要写成低质批量水文。,BUILD_P1
/blog/seedance-mcp-skill-guide,BLOG,P1,NEW,GUIDE,/seedance-api,"Seedance MCP & Skills: Agent Workflows, API Connections & Examples",Seedance MCP & Skills Guide,77,ZERO_VOLUME_SUPPORT,how to teach your claude code to use higgsfield seedance 2.0 and new canvas,how to teach your claude code to use higgsfield seedance 2.0 and new canvas,CANONICAL,0,54,23,KEEP_P0,ZERO_VOLUME_RELEVANT,Platforms / Providers,Blog：用于时效性、观点/Review、实验性新主题或适合文章表达的教程；不要写成低质批量水文。,BUILD_P1
/blog/seedance-mcp-skill-guide,BLOG,P1,NEW,GUIDE,/seedance-api,"Seedance MCP & Skills: Agent Workflows, API Connections & Examples",Seedance MCP & Skills Guide,78,ZERO_VOLUME_SUPPORT,seedance ad director skills,seedance ad director skills,CANONICAL,0,54,--,KEEP_P2,ZERO_VOLUME_RELEVANT,Homepage / Generic Seedance,Blog：用于时效性、观点/Review、实验性新主题或适合文章表达的教程；不要写成低质批量水文。,BUILD_P1
/blog/seedance-mcp-skill-guide,BLOG,P1,NEW,GUIDE,/seedance-api,"Seedance MCP & Skills: Agent Workflows, API Connections & Examples",Seedance MCP & Skills Guide,79,ZERO_VOLUME_SUPPORT,skill seedance 2.0,skill seedance 2.0,CANONICAL,0,54,--,KEEP_P0,ZERO_VOLUME_RELEVANT,2.0 Core / Generator,Blog：用于时效性、观点/Review、实验性新主题或适合文章表达的教程；不要写成低质批量水文。,BUILD_P1
/blog/seedance-mcp-skill-guide,BLOG,P1,NEW,GUIDE,/seedance-api,"Seedance MCP & Skills: Agent Workflows, API Connections & Examples",Seedance MCP & Skills Guide,80,ZERO_VOLUME_SUPPORT,seedance skill md,seedance skill md,CANONICAL,0,51,--,KEEP_P2,ZERO_VOLUME_RELEVANT,MCP / Agent Workflow,Blog：用于时效性、观点/Review、实验性新主题或适合文章表达的教程；不要写成低质批量水文。,BUILD_P1
/blog/seedance-mcp-skill-guide,BLOG,P1,NEW,GUIDE,/seedance-api,"Seedance MCP & Skills: Agent Workflows, API Connections & Examples",Seedance MCP & Skills Guide,81,ZERO_VOLUME_SUPPORT,seedance 2.0skill,seedance 2.0skill,CANONICAL,0,50,--,KEEP_P0,ZERO_VOLUME_RELEVANT,Homepage / Generic Seedance,Blog：用于时效性、观点/Review、实验性新主题或适合文章表达的教程；不要写成低质批量水文。,BUILD_P1
/blog/seedance-mcp-skill-guide,BLOG,P1,NEW,GUIDE,/seedance-api,"Seedance MCP & Skills: Agent Workflows, API Connections & Examples",Seedance MCP & Skills Guide,82,ZERO_VOLUME_SUPPORT,latest june 2026 seedance 2.0  skill,latest june 2026 seedance 2.0 skill,CANONICAL,0,49,--,KEEP_P0,ZERO_VOLUME_RELEVANT,2.0 Core / Generator,Blog：用于时效性、观点/Review、实验性新主题或适合文章表达的教程；不要写成低质批量水文。,BUILD_P1
/blog/seedance-mcp-skill-guide,BLOG,P1,NEW,GUIDE,/seedance-api,"Seedance MCP & Skills: Agent Workflows, API Connections & Examples",Seedance MCP & Skills Guide,83,ZERO_VOLUME_SUPPORT,how to use claude code and seedance 2.0?,how to use claude code and seedance 2.0?,CANONICAL,0,47,2,KEEP_P0,ZERO_VOLUME_RELEVANT,How to Use / Tutorial,Blog：用于时效性、观点/Review、实验性新主题或适合文章表达的教程；不要写成低质批量水文。,BUILD_P1
/blog/seedance-mcp-skill-guide,BLOG,P1,NEW,GUIDE,/seedance-api,"Seedance MCP & Skills: Agent Workflows, API Connections & Examples",Seedance MCP & Skills Guide,84,TYPO_SUPPORT,updated sedance skill,updated seedance skill,TYPO,0,46,--,KEEP_P2,ZERO_VOLUME_RELEVANT,MCP / Agent Workflow,Blog：用于时效性、观点/Review、实验性新主题或适合文章表达的教程；不要写成低质批量水文。,BUILD_P1
/blog/seedance-mcp-skill-guide,BLOG,P1,NEW,GUIDE,/seedance-api,"Seedance MCP & Skills: Agent Workflows, API Connections & Examples",Seedance MCP & Skills Guide,85,ZERO_VOLUME_SUPPORT,updated seedance2 skill,updated seedance2 skill,CANONICAL,0,46,35,KEEP_P2,ZERO_VOLUME_RELEVANT,Other / Contextual,Blog：用于时效性、观点/Review、实验性新主题或适合文章表达的教程；不要写成低质批量水文。,BUILD_P1
/blog/seedance-mcp-skill-guide,BLOG,P1,NEW,GUIDE,/seedance-api,"Seedance MCP & Skills: Agent Workflows, API Connections & Examples",Seedance MCP & Skills Guide,86,TYPO_SUPPORT,seed dance mcp,seedance mcp,TYPO,10,55,18,KEEP_P2,HAS_VOLUME,MCP / Agent Workflow,Blog：用于时效性、观点/Review、实验性新主题或适合文章表达的教程；不要写成低质批量水文。,BUILD_P1
/blog/seedance-mcp-skill-guide,BLOG,P1,NEW,GUIDE,/seedance-api,"Seedance MCP & Skills: Agent Workflows, API Connections & Examples",Seedance MCP & Skills Guide,87,TYPO_SUPPORT,seeddance mcp,seedance mcp,TYPO,0,22,--,KEEP_P2,ZERO_VOLUME_RELEVANT,MCP / Agent Workflow,Blog：用于时效性、观点/Review、实验性新主题或适合文章表达的教程；不要写成低质批量水文。,BUILD_P1
/blog/seedance-review-reddit,BLOG,P1,NEW,REVIEW,/;/seedance-2-0,"Seedance Review: Reddit Feedback, Strengths & Limitations",Seedance Review & Reddit Feedback,1,PRIMARY,seedance 2.0 reddit,seedance 2.0 reddit,CANONICAL,3120,6898,--,KEEP_P1,HAS_VOLUME,Seedance Review / Reddit / Feedback,Blog：用于时效性、观点/Review、实验性新主题或适合文章表达的教程；不要写成低质批量水文。,BUILD_P1
/blog/seedance-review-reddit,BLOG,P1,NEW,REVIEW,/;/seedance-2-0,"Seedance Review: Reddit Feedback, Strengths & Limitations",Seedance Review & Reddit Feedback,2,PRIMARY,seedance reddit,seedance reddit,CANONICAL,2260,2524,--,KEEP_P1,HAS_VOLUME,Seedance Review / Reddit / Feedback,Blog：用于时效性、观点/Review、实验性新主题或适合文章表达的教程；不要写成低质批量水文。,BUILD_P1
/blog/seedance-review-reddit,BLOG,P1,NEW,REVIEW,/;/seedance-2-0,"Seedance Review: Reddit Feedback, Strengths & Limitations",Seedance Review & Reddit Feedback,3,PRIMARY,seedance 2.0 free reddit,seedance 2.0 free reddit,CANONICAL,1540,1074,--,KEEP_P0,HAS_VOLUME,2.0 Commercial / Generator,Blog：用于时效性、观点/Review、实验性新主题或适合文章表达的教程；不要写成低质批量水文。,BUILD_P1
/blog/seedance-review-reddit,BLOG,P1,NEW,REVIEW,/;/seedance-2-0,"Seedance Review: Reddit Feedback, Strengths & Limitations",Seedance Review & Reddit Feedback,4,PRIMARY,seedance 2.0 trial reddit,seedance 2.0 trial reddit,CANONICAL,1110,0,--,KEEP_P0,HAS_VOLUME,2.0 Commercial / Generator,Blog：用于时效性、观点/Review、实验性新主题或适合文章表达的教程；不要写成低质批量水文。,BUILD_P1
/blog/seedance-review-reddit,BLOG,P1,NEW,REVIEW,/;/seedance-2-0,"Seedance Review: Reddit Feedback, Strengths & Limitations",Seedance Review & Reddit Feedback,5,PRIMARY,cheapest seedance 2.0 reddit,cheapest seedance 2.0 reddit,CANONICAL,970,422,--,KEEP_P0,HAS_VOLUME,2.0 Commercial / Generator,Blog：用于时效性、观点/Review、实验性新主题或适合文章表达的教程；不要写成低质批量水文。,BUILD_P1
/blog/seedance-review-reddit,BLOG,P1,NEW,REVIEW,/;/seedance-2-0,"Seedance Review: Reddit Feedback, Strengths & Limitations",Seedance Review & Reddit Feedback,6,PRIMARY,is seedance worth it reddit,is seedance worth it reddit,CANONICAL,860,39,--,KEEP_P2,HAS_VOLUME,Seedance Review / Reddit / Feedback,Blog：用于时效性、观点/Review、实验性新主题或适合文章表达的教程；不要写成低质批量水文。,BUILD_P1
/blog/seedance-review-reddit,BLOG,P1,NEW,REVIEW,/;/seedance-2-0,"Seedance Review: Reddit Feedback, Strengths & Limitations",Seedance Review & Reddit Feedback,7,PRIMARY,2.5 seedance is ok reddit,2.5 seedance is ok reddit,CANONICAL,860,0,--,KEEP_P2,HAS_VOLUME,Seedance Review / Reddit / Feedback,Blog：用于时效性、观点/Review、实验性新主题或适合文章表达的教程；不要写成低质批量水文。,BUILD_P1
/blog/seedance-review-reddit,BLOG,P1,NEW,REVIEW,/;/seedance-2-0,"Seedance Review: Reddit Feedback, Strengths & Limitations",Seedance Review & Reddit Feedback,8,PRIMARY,mini max h3 or seedance 2.0 reddit,mini max h3 or seedance 2.0 reddit,CANONICAL,770,0,--,KEEP_P2,HAS_VOLUME,Seedance Review / Reddit / Feedback,Blog：用于时效性、观点/Review、实验性新主题或适合文章表达的教程；不要写成低质批量水文。,BUILD_P1
/blog/seedance-review-reddit,BLOG,P1,NEW,REVIEW,/;/seedance-2-0,"Seedance Review: Reddit Feedback, Strengths & Limitations",Seedance Review & Reddit Feedback,9,SECONDARY,reddit artlist unlimted seedance,reddit artlist unlimted seedance,CANONICAL,750,0,--,KEEP_P1,HAS_VOLUME,Platforms / Providers,Blog：用于时效性、观点/Review、实验性新主题或适合文章表达的教程；不要写成低质批量水文。,BUILD_P1
/blog/seedance-review-reddit,BLOG,P1,NEW,REVIEW,/;/seedance-2-0,"Seedance Review: Reddit Feedback, Strengths & Limitations",Seedance Review & Reddit Feedback,10,SECONDARY,artlist unlimited seedance reddit,artlist unlimited seedance reddit,CANONICAL,740,0,--,KEEP_P1,HAS_VOLUME,Generic Pricing / Free / Unlimited,Blog：用于时效性、观点/Review、实验性新主题或适合文章表达的教程；不要写成低质批量水文。,BUILD_P1
/blog/seedance-review-reddit,BLOG,P1,NEW,REVIEW,/;/seedance-2-0,"Seedance Review: Reddit Feedback, Strengths & Limitations",Seedance Review & Reddit Feedback,11,SECONDARY,higgsfield unlimited seedance reddit,higgsfield unlimited seedance reddit,CANONICAL,730,30,--,KEEP_P1,HAS_VOLUME,Generic Pricing / Free / Unlimited,Blog：用于时效性、观点/Review、实验性新主题或适合文章表达的教程；不要写成低质批量水文。,BUILD_P1
/blog/seedance-review-reddit,BLOG,P1,NEW,REVIEW,/;/seedance-2-0,"Seedance Review: Reddit Feedback, Strengths & Limitations",Seedance Review & Reddit Feedback,12,SECONDARY,cheapest seedance platform reddit,cheapest seedance platform reddit,CANONICAL,730,0,--,KEEP_P2,HAS_VOLUME,Generic Pricing / Free / Unlimited,Blog：用于时效性、观点/Review、实验性新主题或适合文章表达的教程；不要写成低质批量水文。,BUILD_P1
/blog/seedance-review-reddit,BLOG,P1,NEW,REVIEW,/;/seedance-2-0,"Seedance Review: Reddit Feedback, Strengths & Limitations",Seedance Review & Reddit Feedback,13,SECONDARY,unlimited seedance reddit,unlimited seedance reddit,CANONICAL,630,58,--,KEEP_P1,HAS_VOLUME,Generic Pricing / Free / Unlimited,Blog：用于时效性、观点/Review、实验性新主题或适合文章表达的教程；不要写成低质批量水文。,BUILD_P1
/blog/seedance-review-reddit,BLOG,P1,NEW,REVIEW,/;/seedance-2-0,"Seedance Review: Reddit Feedback, Strengths & Limitations",Seedance Review & Reddit Feedback,14,SECONDARY,dreamina seedance moderation reddit,dreamina seedance moderation reddit,CANONICAL,540,0,--,KEEP_P1,HAS_VOLUME,Platforms / Providers,Blog：用于时效性、观点/Review、实验性新主题或适合文章表达的教程；不要写成低质批量水文。,BUILD_P1
/blog/seedance-review-reddit,BLOG,P1,NEW,REVIEW,/;/seedance-2-0,"Seedance Review: Reddit Feedback, Strengths & Limitations",Seedance Review & Reddit Feedback,15,SECONDARY,seedance or higgsfield reddit,seedance or higgsfield reddit,CANONICAL,540,0,--,KEEP_P1,HAS_VOLUME,Platforms / Providers,Blog：用于时效性、观点/Review、实验性新主题或适合文章表达的教程；不要写成低质批量水文。,BUILD_P1
/blog/seedance-review-reddit,BLOG,P1,NEW,REVIEW,/;/seedance-2-0,"Seedance Review: Reddit Feedback, Strengths & Limitations",Seedance Review & Reddit Feedback,16,SECONDARY,free seedance 2.0 reddit,free seedance 2.0 reddit,CANONICAL,530,310,--,KEEP_P0,HAS_VOLUME,2.0 Commercial / Generator,Blog：用于时效性、观点/Review、实验性新主题或适合文章表达的教程；不要写成低质批量水文。,BUILD_P1
/blog/seedance-review-reddit,BLOG,P1,NEW,REVIEW,/;/seedance-2-0,"Seedance Review: Reddit Feedback, Strengths & Limitations",Seedance Review & Reddit Feedback,17,SECONDARY,higgsfield seedance anime videos keep getting copyrighted reddit,higgsfield seedance anime videos keep getting copyrighted reddit,CANONICAL,530,0,--,KEEP_P1,HAS_VOLUME,Platforms / Providers,Blog：用于时效性、观点/Review、实验性新主题或适合文章表达的教程；不要写成低质批量水文。,BUILD_P1
/blog/seedance-review-reddit,BLOG,P1,NEW,REVIEW,/;/seedance-2-0,"Seedance Review: Reddit Feedback, Strengths & Limitations",Seedance Review & Reddit Feedback,18,SECONDARY,reddit best seedance storyboard template,reddit best seedance storyboard template,CANONICAL,530,0,--,KEEP_P2,HAS_VOLUME,Seedance Review / Reddit / Feedback,Blog：用于时效性、观点/Review、实验性新主题或适合文章表达的教程；不要写成低质批量水文。,BUILD_P1
/blog/seedance-review-reddit,BLOG,P1,NEW,REVIEW,/;/seedance-2-0,"Seedance Review: Reddit Feedback, Strengths & Limitations",Seedance Review & Reddit Feedback,19,SECONDARY,imagine art unlimited seedance reddit,imagine art unlimited seedance reddit,CANONICAL,520,0,--,KEEP_P1,HAS_VOLUME,Generic Pricing / Free / Unlimited,Blog：用于时效性、观点/Review、实验性新主题或适合文章表达的教程；不要写成低质批量水文。,BUILD_P1
/blog/seedance-review-reddit,BLOG,P1,NEW,REVIEW,/;/seedance-2-0,"Seedance Review: Reddit Feedback, Strengths & Limitations",Seedance Review & Reddit Feedback,20,SECONDARY,seedance ai reddit,seedance ai reddit,CANONICAL,510,186,--,KEEP_P2,HAS_VOLUME,Seedance Review / Reddit / Feedback,Blog：用于时效性、观点/Review、实验性新主题或适合文章表达的教程；不要写成低质批量水文。,BUILD_P1
/blog/seedance-review-reddit,BLOG,P1,NEW,REVIEW,/;/seedance-2-0,"Seedance Review: Reddit Feedback, Strengths & Limitations",Seedance Review & Reddit Feedback,21,SECONDARY,kling vs seedance reddit,kling vs seedance reddit,CANONICAL,500,55,--,KEEP_P2,HAS_VOLUME,Competitor Comparison / Kling,Blog：用于时效性、观点/Review、实验性新主题或适合文章表达的教程；不要写成低质批量水文。,BUILD_P1
/blog/seedance-review-reddit,BLOG,P1,NEW,REVIEW,/;/seedance-2-0,"Seedance Review: Reddit Feedback, Strengths & Limitations",Seedance Review & Reddit Feedback,22,SECONDARY,increase volume seedance video reddit,increase volume seedance video reddit,CANONICAL,490,0,--,KEEP_P2,HAS_VOLUME,Seedance Review / Reddit / Feedback,Blog：用于时效性、观点/Review、实验性新主题或适合文章表达的教程；不要写成低质批量水文。,BUILD_P1
/blog/seedance-review-reddit,BLOG,P1,NEW,REVIEW,/;/seedance-2-0,"Seedance Review: Reddit Feedback, Strengths & Limitations",Seedance Review & Reddit Feedback,23,SECONDARY,seedance matrix video reddit,seedance matrix video reddit,CANONICAL,480,19,--,KEEP_P2,HAS_VOLUME,Seedance Review / Reddit / Feedback,Blog：用于时效性、观点/Review、实验性新主题或适合文章表达的教程；不要写成低质批量水文。,BUILD_P1
/blog/seedance-review-reddit,BLOG,P1,NEW,REVIEW,/;/seedance-2-0,"Seedance Review: Reddit Feedback, Strengths & Limitations",Seedance Review & Reddit Feedback,24,SECONDARY,the cheapest way to use seedance reddit,the cheapest way to use seedance reddit,CANONICAL,470,0,--,KEEP_P2,HAS_VOLUME,Generic Pricing / Free / Unlimited,Blog：用于时效性、观点/Review、实验性新主题或适合文章表达的教程；不要写成低质批量水文。,BUILD_P1
/blog/seedance-review-reddit,BLOG,P1,NEW,REVIEW,/;/seedance-2-0,"Seedance Review: Reddit Feedback, Strengths & Limitations",Seedance Review & Reddit Feedback,25,SECONDARY,"build a cinematic ballroom music video from prompt, references, and audio seedance reddit","build a cinematic ballroom music video from prompt, references, and audio seedance reddit",CANONICAL,440,0,--,KEEP_P1,HAS_VOLUME,Generic Prompts,Blog：用于时效性、观点/Review、实验性新主题或适合文章表达的教程；不要写成低质批量水文。,BUILD_P1
/blog/seedance-review-reddit,BLOG,P1,NEW,REVIEW,/;/seedance-2-0,"Seedance Review: Reddit Feedback, Strengths & Limitations",Seedance Review & Reddit Feedback,26,SECONDARY,creaa.ai seedance review,creaa.ai seedance review,CANONICAL,440,0,--,KEEP_P2,HAS_VOLUME,Seedance Review / Reddit / Feedback,Blog：用于时效性、观点/Review、实验性新主题或适合文章表达的教程；不要写成低质批量水文。,BUILD_P1
/blog/seedance-review-reddit,BLOG,P1,NEW,REVIEW,/;/seedance-2-0,"Seedance Review: Reddit Feedback, Strengths & Limitations",Seedance Review & Reddit Feedback,27,SECONDARY,reddit unlimited seedance 2.0,reddit unlimited seedance 2.0,CANONICAL,440,0,--,KEEP_P0,HAS_VOLUME,2.0 Commercial / Generator,Blog：用于时效性、观点/Review、实验性新主题或适合文章表达的教程；不要写成低质批量水文。,BUILD_P1
/blog/seedance-review-reddit,BLOG,P1,NEW,REVIEW,/;/seedance-2-0,"Seedance Review: Reddit Feedback, Strengths & Limitations",Seedance Review & Reddit Feedback,28,SECONDARY,artlist seedance unlimited reddit,artlist seedance unlimited reddit,CANONICAL,430,0,--,KEEP_P1,HAS_VOLUME,Generic Pricing / Free / Unlimited,Blog：用于时效性、观点/Review、实验性新主题或适合文章表达的教程；不要写成低质批量水文。,BUILD_P1
/blog/seedance-review-reddit,BLOG,P1,NEW,REVIEW,/;/seedance-2-0,"Seedance Review: Reddit Feedback, Strengths & Limitations",Seedance Review & Reddit Feedback,29,SECONDARY,how many credits is it to genrate a clip on seedance reddit,how many credits is it to genrate a clip on seedance reddit,CANONICAL,430,0,--,KEEP_P1,HAS_VOLUME,Generic Pricing / Free / Unlimited,Blog：用于时效性、观点/Review、实验性新主题或适合文章表达的教程；不要写成低质批量水文。,BUILD_P1
/blog/seedance-review-reddit,BLOG,P1,NEW,REVIEW,/;/seedance-2-0,"Seedance Review: Reddit Feedback, Strengths & Limitations",Seedance Review & Reddit Feedback,30,SECONDARY,seedance 2 how to use reddit,seedance 2 how to use reddit,CANONICAL,430,0,--,KEEP_P2,HAS_VOLUME,Seedance Review / Reddit / Feedback,Blog：用于时效性、观点/Review、实验性新主题或适合文章表达的教程；不要写成低质批量水文。,BUILD_P1
/blog/seedance-review-reddit,BLOG,P1,NEW,REVIEW,/;/seedance-2-0,"Seedance Review: Reddit Feedback, Strengths & Limitations",Seedance Review & Reddit Feedback,31,SECONDARY,seedance 2.0 fast worth it difference,seedance 2.0 fast worth it difference,CANONICAL,420,0,--,KEEP_P2,HAS_VOLUME,Seedance Review / Reddit / Feedback,Blog：用于时效性、观点/Review、实验性新主题或适合文章表达的教程；不要写成低质批量水文。,BUILD_P1
/blog/seedance-review-reddit,BLOG,P1,NEW,REVIEW,/;/seedance-2-0,"Seedance Review: Reddit Feedback, Strengths & Limitations",Seedance Review & Reddit Feedback,32,SECONDARY,seedance storyboard examples reddit,seedance storyboard examples reddit,CANONICAL,420,0,--,KEEP_P2,HAS_VOLUME,Seedance Review / Reddit / Feedback,Blog：用于时效性、观点/Review、实验性新主题或适合文章表达的教程；不要写成低质批量水文。,BUILD_P1
/blog/seedance-review-reddit,BLOG,P1,NEW,REVIEW,/;/seedance-2-0,"Seedance Review: Reddit Feedback, Strengths & Limitations",Seedance Review & Reddit Feedback,33,SECONDARY,reddit is seedance good?,reddit is seedance good?,CANONICAL,410,0,--,KEEP_P2,HAS_VOLUME,Seedance Review / Reddit / Feedback,Blog：用于时效性、观点/Review、实验性新主题或适合文章表达的教程；不要写成低质批量水文。,BUILD_P1
/blog/seedance-review-reddit,BLOG,P1,NEW,REVIEW,/;/seedance-2-0,"Seedance Review: Reddit Feedback, Strengths & Limitations",Seedance Review & Reddit Feedback,34,SECONDARY,higgsfield seedance unlimited slow reddit,higgsfield seedance unlimited slow reddit,CANONICAL,400,0,--,KEEP_P1,HAS_VOLUME,Generic Pricing / Free / Unlimited,Blog：用于时效性、观点/Review、实验性新主题或适合文章表达的教程；不要写成低质批量水文。,BUILD_P1
/blog/seedance-review-reddit,BLOG,P1,NEW,REVIEW,/;/seedance-2-0,"Seedance Review: Reddit Feedback, Strengths & Limitations",Seedance Review & Reddit Feedback,35,SECONDARY,making a seedance movie reddit,making a seedance movie reddit,CANONICAL,400,0,--,KEEP_P2,HAS_VOLUME,Seedance Review / Reddit / Feedback,Blog：用于时效性、观点/Review、实验性新主题或适合文章表达的教程；不要写成低质批量水文。,BUILD_P1
/blog/seedance-review-reddit,BLOG,P1,NEW,REVIEW,/;/seedance-2-0,"Seedance Review: Reddit Feedback, Strengths & Limitations",Seedance Review & Reddit Feedback,36,SECONDARY,where to see good ai videos seedance reddit,where to see good ai videos seedance reddit,CANONICAL,400,0,--,KEEP_P2,HAS_VOLUME,Seedance Review / Reddit / Feedback,Blog：用于时效性、观点/Review、实验性新主题或适合文章表达的教程；不要写成低质批量水文。,BUILD_P1
/blog/seedance-review-reddit,BLOG,P1,NEW,REVIEW,/;/seedance-2-0,"Seedance Review: Reddit Feedback, Strengths & Limitations",Seedance Review & Reddit Feedback,37,SECONDARY,free seedance reddit,free seedance reddit,CANONICAL,390,504,--,KEEP_P1,HAS_VOLUME,Generic Pricing / Free / Unlimited,Blog：用于时效性、观点/Review、实验性新主题或适合文章表达的教程；不要写成低质批量水文。,BUILD_P1
/blog/seedance-review-reddit,BLOG,P1,NEW,REVIEW,/;/seedance-2-0,"Seedance Review: Reddit Feedback, Strengths & Limitations",Seedance Review & Reddit Feedback,38,SECONDARY,redditt seedance 2.0,redditt seedance 2.0,CANONICAL,390,9,--,KEEP_P2,HAS_VOLUME,Seedance Review / Reddit / Feedback,Blog：用于时效性、观点/Review、实验性新主题或适合文章表达的教程；不要写成低质批量水文。,BUILD_P1
/blog/seedance-review-reddit,BLOG,P1,NEW,REVIEW,/;/seedance-2-0,"Seedance Review: Reddit Feedback, Strengths & Limitations",Seedance Review & Reddit Feedback,39,SECONDARY,seedance 2.0 download reddit,seedance 2.0 download reddit,CANONICAL,390,0,--,KEEP_P2,HAS_VOLUME,Seedance Review / Reddit / Feedback,Blog：用于时效性、观点/Review、实验性新主题或适合文章表达的教程；不要写成低质批量水文。,BUILD_P1
/blog/seedance-review-reddit,BLOG,P1,NEW,REVIEW,/;/seedance-2-0,"Seedance Review: Reddit Feedback, Strengths & Limitations",Seedance Review & Reddit Feedback,40,SECONDARY,how to access seedance reddit,how to access seedance reddit,CANONICAL,380,0,--,KEEP_P2,HAS_VOLUME,Seedance Review / Reddit / Feedback,Blog：用于时效性、观点/Review、实验性新主题或适合文章表达的教程；不要写成低质批量水文。,BUILD_P1
/blog/seedance-review-reddit,BLOG,P1,NEW,REVIEW,/;/seedance-2-0,"Seedance Review: Reddit Feedback, Strengths & Limitations",Seedance Review & Reddit Feedback,41,SECONDARY,free access to seedance 2.0 reddit,free access to seedance 2.0 reddit,CANONICAL,370,0,--,KEEP_P0,HAS_VOLUME,2.0 Commercial / Generator,Blog：用于时效性、观点/Review、实验性新主题或适合文章表达的教程；不要写成低质批量水文。,BUILD_P1
/blog/seedance-review-reddit,BLOG,P1,NEW,REVIEW,/;/seedance-2-0,"Seedance Review: Reddit Feedback, Strengths & Limitations",Seedance Review & Reddit Feedback,42,SECONDARY,give me ugc seedance reddit,give me ugc seedance reddit,CANONICAL,370,0,--,KEEP_P2,HAS_VOLUME,Seedance Review / Reddit / Feedback,Blog：用于时效性、观点/Review、实验性新主题或适合文章表达的教程；不要写成低质批量水文。,BUILD_P1
/blog/seedance-review-reddit,BLOG,P1,NEW,REVIEW,/;/seedance-2-0,"Seedance Review: Reddit Feedback, Strengths & Limitations",Seedance Review & Reddit Feedback,43,SECONDARY,hioggsfield unlimited seedance reddit,hioggsfield unlimited seedance reddit,CANONICAL,370,0,--,KEEP_P1,HAS_VOLUME,Generic Pricing / Free / Unlimited,Blog：用于时效性、观点/Review、实验性新主题或适合文章表达的教程；不要写成低质批量水文。,BUILD_P1
/blog/seedance-review-reddit,BLOG,P1,NEW,REVIEW,/;/seedance-2-0,"Seedance Review: Reddit Feedback, Strengths & Limitations",Seedance Review & Reddit Feedback,44,SECONDARY,imagine.art unlimited seedance reddit,imagine.art unlimited seedance reddit,CANONICAL,370,0,--,KEEP_P1,HAS_VOLUME,Generic Pricing / Free / Unlimited,Blog：用于时效性、观点/Review、实验性新主题或适合文章表达的教程；不要写成低质批量水文。,BUILD_P1
/blog/seedance-review-reddit,BLOG,P1,NEW,REVIEW,/;/seedance-2-0,"Seedance Review: Reddit Feedback, Strengths & Limitations",Seedance Review & Reddit Feedback,45,SECONDARY,reddit seedance,reddit seedance,CANONICAL,360,616,--,KEEP_P2,HAS_VOLUME,Seedance Review / Reddit / Feedback,Blog：用于时效性、观点/Review、实验性新主题或适合文章表达的教程；不要写成低质批量水文。,BUILD_P1
/blog/seedance-review-reddit,BLOG,P1,NEW,REVIEW,/;/seedance-2-0,"Seedance Review: Reddit Feedback, Strengths & Limitations",Seedance Review & Reddit Feedback,46,SECONDARY,higgsfield seedance unlimited reddit,higgsfield seedance unlimited reddit,CANONICAL,360,27,--,KEEP_P1,HAS_VOLUME,Generic Pricing / Free / Unlimited,Blog：用于时效性、观点/Review、实验性新主题或适合文章表达的教程；不要写成低质批量水文。,BUILD_P1
/blog/seedance-review-reddit,BLOG,P1,NEW,REVIEW,/;/seedance-2-0,"Seedance Review: Reddit Feedback, Strengths & Limitations",Seedance Review & Reddit Feedback,47,SECONDARY,video to video ai reddit seedance,video to video ai reddit seedance,CANONICAL,360,25,--,KEEP_P2,HAS_VOLUME,Seedance Review / Reddit / Feedback,Blog：用于时效性、观点/Review、实验性新主题或适合文章表达的教程；不要写成低质批量水文。,BUILD_P1
/blog/seedance-review-reddit,BLOG,P1,NEW,REVIEW,/;/seedance-2-0,"Seedance Review: Reddit Feedback, Strengths & Limitations",Seedance Review & Reddit Feedback,48,SECONDARY,seedance where to use reddit,seedance where to use reddit,CANONICAL,360,22,--,KEEP_P2,HAS_VOLUME,Seedance Review / Reddit / Feedback,Blog：用于时效性、观点/Review、实验性新主题或适合文章表达的教程；不要写成低质批量水文。,BUILD_P1
/blog/seedance-review-reddit,BLOG,P1,NEW,REVIEW,/;/seedance-2-0,"Seedance Review: Reddit Feedback, Strengths & Limitations",Seedance Review & Reddit Feedback,49,SECONDARY,seedance 2.0 cheapest credits reddit,seedance 2.0 cheapest credits reddit,CANONICAL,360,15,--,KEEP_P0,HAS_VOLUME,2.0 Commercial / Generator,Blog：用于时效性、观点/Review、实验性新主题或适合文章表达的教程；不要写成低质批量水文。,BUILD_P1
/blog/seedance-review-reddit,BLOG,P1,NEW,REVIEW,/;/seedance-2-0,"Seedance Review: Reddit Feedback, Strengths & Limitations",Seedance Review & Reddit Feedback,50,SECONDARY,seedance 2.0 real vlog prompt reddit,seedance 2.0 real vlog prompt reddit,CANONICAL,360,8,--,KEEP_P0,HAS_VOLUME,2.0 Prompts,Blog：用于时效性、观点/Review、实验性新主题或适合文章表达的教程；不要写成低质批量水文。,BUILD_P1
/blog/seedance-review-reddit,BLOG,P1,NEW,REVIEW,/;/seedance-2-0,"Seedance Review: Reddit Feedback, Strengths & Limitations",Seedance Review & Reddit Feedback,51,SECONDARY,seedance ai reddit artlist,seedance ai reddit artlist,CANONICAL,360,0,--,KEEP_P1,HAS_VOLUME,Platforms / Providers,Blog：用于时效性、观点/Review、实验性新主题或适合文章表达的教程；不要写成低质批量水文。,BUILD_P1
/blog/seedance-review-reddit,BLOG,P1,NEW,REVIEW,/;/seedance-2-0,"Seedance Review: Reddit Feedback, Strengths & Limitations",Seedance Review & Reddit Feedback,52,SECONDARY,cheapest seedance reddit,cheapest seedance reddit,CANONICAL,340,17,--,KEEP_P2,HAS_VOLUME,Generic Pricing / Free / Unlimited,Blog：用于时效性、观点/Review、实验性新主题或适合文章表达的教程；不要写成低质批量水文。,BUILD_P1
/blog/seedance-review-reddit,BLOG,P1,NEW,REVIEW,/;/seedance-2-0,"Seedance Review: Reddit Feedback, Strengths & Limitations",Seedance Review & Reddit Feedback,53,SECONDARY,openrouter seedance reddit,openrouter seedance reddit,CANONICAL,340,0,--,KEEP_P2,HAS_VOLUME,Platforms / Providers,Blog：用于时效性、观点/Review、实验性新主题或适合文章表达的教程；不要写成低质批量水文。,BUILD_P1
/blog/seedance-review-reddit,BLOG,P1,NEW,REVIEW,/;/seedance-2-0,"Seedance Review: Reddit Feedback, Strengths & Limitations",Seedance Review & Reddit Feedback,54,SECONDARY,pay for higgsfield or seedance ? reddit,pay for higgsfield or seedance ? reddit,CANONICAL,340,0,--,KEEP_P1,HAS_VOLUME,Platforms / Providers,Blog：用于时效性、观点/Review、实验性新主题或适合文章表达的教程；不要写成低质批量水文。,BUILD_P1
/blog/seedance-review-reddit,BLOG,P1,NEW,REVIEW,/;/seedance-2-0,"Seedance Review: Reddit Feedback, Strengths & Limitations",Seedance Review & Reddit Feedback,55,SECONDARY,reddit seedance 2.0,reddit seedance 2.0,CANONICAL,330,861,--,KEEP_P2,HAS_VOLUME,Seedance Review / Reddit / Feedback,Blog：用于时效性、观点/Review、实验性新主题或适合文章表达的教程；不要写成低质批量水文。,BUILD_P1
/blog/seedance-review-reddit,BLOG,P1,NEW,REVIEW,/;/seedance-2-0,"Seedance Review: Reddit Feedback, Strengths & Limitations",Seedance Review & Reddit Feedback,56,SECONDARY,unlimited seedance 2.0 plan reddit,unlimited seedance 2.0 plan reddit,CANONICAL,330,0,--,KEEP_P0,HAS_VOLUME,2.0 Commercial / Generator,Blog：用于时效性、观点/Review、实验性新主题或适合文章表达的教程；不要写成低质批量水文。,BUILD_P1
/blog/seedance-review-reddit,BLOG,P1,NEW,REVIEW,/;/seedance-2-0,"Seedance Review: Reddit Feedback, Strengths & Limitations",Seedance Review & Reddit Feedback,57,SECONDARY,seedance unlimited plan reddit,seedance unlimited plan reddit,CANONICAL,310,30,--,KEEP_P1,HAS_VOLUME,Generic Pricing / Free / Unlimited,Blog：用于时效性、观点/Review、实验性新主题或适合文章表达的教程；不要写成低质批量水文。,BUILD_P1
/blog/seedance-review-reddit,BLOG,P1,NEW,REVIEW,/;/seedance-2-0,"Seedance Review: Reddit Feedback, Strengths & Limitations",Seedance Review & Reddit Feedback,58,SECONDARY,how do you like seedance reddit,how do you like seedance reddit,CANONICAL,310,28,--,KEEP_P2,HAS_VOLUME,Seedance Review / Reddit / Feedback,Blog：用于时效性、观点/Review、实验性新主题或适合文章表达的教程；不要写成低质批量水文。,BUILD_P1
/blog/seedance-review-reddit,BLOG,P1,NEW,REVIEW,/;/seedance-2-0,"Seedance Review: Reddit Feedback, Strengths & Limitations",Seedance Review & Reddit Feedback,59,SECONDARY,best seedance 2.0 platform reddit,best seedance 2.0 platform reddit,CANONICAL,310,21,--,KEEP_P2,HAS_VOLUME,Seedance Review / Reddit / Feedback,Blog：用于时效性、观点/Review、实验性新主题或适合文章表达的教程；不要写成低质批量水文。,BUILD_P1
/blog/seedance-review-reddit,BLOG,P1,NEW,REVIEW,/;/seedance-2-0,"Seedance Review: Reddit Feedback, Strengths & Limitations",Seedance Review & Reddit Feedback,60,SECONDARY,capcut dreamina seedance 2.0 reddit,capcut dreamina seedance 2.0 reddit,CANONICAL,310,21,--,KEEP_P0,HAS_VOLUME,Platforms / Providers,Blog：用于时效性、观点/Review、实验性新主题或适合文章表达的教程；不要写成低质批量水文。,BUILD_P1
/blog/seedance-review-reddit,BLOG,P1,NEW,REVIEW,/;/seedance-2-0,"Seedance Review: Reddit Feedback, Strengths & Limitations",Seedance Review & Reddit Feedback,61,ZERO_VOLUME_SUPPORT,seedance 2.0 review,seedance 2.0 review,CANONICAL,0,310,--,KEEP_P2,ZERO_VOLUME_RELEVANT,Seedance Review / Reddit / Feedback,Blog：用于时效性、观点/Review、实验性新主题或适合文章表达的教程；不要写成低质批量水文。,BUILD_P1
/blog/seedance-review-reddit,BLOG,P1,NEW,REVIEW,/;/seedance-2-0,"Seedance Review: Reddit Feedback, Strengths & Limitations",Seedance Review & Reddit Feedback,62,ZERO_VOLUME_SUPPORT,seedance api reddit,seedance api reddit,CANONICAL,0,208,--,KEEP_P0,ZERO_VOLUME_RELEVANT,API / Developer,Blog：用于时效性、观点/Review、实验性新主题或适合文章表达的教程；不要写成低质批量水文。,BUILD_P1
/blog/seedance-review-reddit,BLOG,P1,NEW,REVIEW,/;/seedance-2-0,"Seedance Review: Reddit Feedback, Strengths & Limitations",Seedance Review & Reddit Feedback,63,ZERO_VOLUME_SUPPORT,seedance unlimited reddit,seedance unlimited reddit,CANONICAL,0,184,--,KEEP_P1,ZERO_VOLUME_RELEVANT,Generic Pricing / Free / Unlimited,Blog：用于时效性、观点/Review、实验性新主题或适合文章表达的教程；不要写成低质批量水文。,BUILD_P1
/blog/seedance-review-reddit,BLOG,P1,NEW,REVIEW,/;/seedance-2-0,"Seedance Review: Reddit Feedback, Strengths & Limitations",Seedance Review & Reddit Feedback,64,ZERO_VOLUME_SUPPORT,where can i use seedance 2.0 reddit,where can i use seedance 2.0 reddit,CANONICAL,0,152,--,KEEP_P2,ZERO_VOLUME_RELEVANT,Seedance Review / Reddit / Feedback,Blog：用于时效性、观点/Review、实验性新主题或适合文章表达的教程；不要写成低质批量水文。,BUILD_P1
/blog/seedance-review-reddit,BLOG,P1,NEW,REVIEW,/;/seedance-2-0,"Seedance Review: Reddit Feedback, Strengths & Limitations",Seedance Review & Reddit Feedback,65,ZERO_VOLUME_SUPPORT,seedance 2.1 reddit,seedance 2.1 reddit,CANONICAL,0,103,--,KEEP_P2,ZERO_VOLUME_RELEVANT,Seedance Review / Reddit / Feedback,Blog：用于时效性、观点/Review、实验性新主题或适合文章表达的教程；不要写成低质批量水文。,BUILD_P1
/blog/seedance-review-reddit,BLOG,P1,NEW,REVIEW,/;/seedance-2-0,"Seedance Review: Reddit Feedback, Strengths & Limitations",Seedance Review & Reddit Feedback,66,ZERO_VOLUME_SUPPORT,seedance2.ai reviews,seedance2.ai reviews,CANONICAL,0,94,64,KEEP_P2,ZERO_VOLUME_RELEVANT,Seedance Review / Reddit / Feedback,Blog：用于时效性、观点/Review、实验性新主题或适合文章表达的教程；不要写成低质批量水文。,BUILD_P1
/blog/seedance-review-reddit,BLOG,P1,NEW,REVIEW,/;/seedance-2-0,"Seedance Review: Reddit Feedback, Strengths & Limitations",Seedance Review & Reddit Feedback,67,ZERO_VOLUME_SUPPORT,is seedance free reddit,is seedance free reddit,CANONICAL,0,92,--,KEEP_P2,ZERO_VOLUME_RELEVANT,Generic Pricing / Free / Unlimited,Blog：用于时效性、观点/Review、实验性新主题或适合文章表达的教程；不要写成低质批量水文。,BUILD_P1
/blog/seedance-review-reddit,BLOG,P1,NEW,REVIEW,/;/seedance-2-0,"Seedance Review: Reddit Feedback, Strengths & Limitations",Seedance Review & Reddit Feedback,68,ZERO_VOLUME_SUPPORT,seedance 2.0 free access reddit,seedance 2.0 free access reddit,CANONICAL,0,88,--,KEEP_P0,ZERO_VOLUME_RELEVANT,2.0 Commercial / Generator,Blog：用于时效性、观点/Review、实验性新主题或适合文章表达的教程；不要写成低质批量水文。,BUILD_P1
/blog/seedance-review-reddit,BLOG,P1,NEW,REVIEW,/;/seedance-2-0,"Seedance Review: Reddit Feedback, Strengths & Limitations",Seedance Review & Reddit Feedback,69,ZERO_VOLUME_SUPPORT,seedance vs kling reddit,seedance vs kling reddit,CANONICAL,0,88,--,KEEP_P2,ZERO_VOLUME_RELEVANT,Competitor Comparison / Kling,Blog：用于时效性、观点/Review、实验性新主题或适合文章表达的教程；不要写成低质批量水文。,BUILD_P1
/blog/seedance-review-reddit,BLOG,P1,NEW,REVIEW,/;/seedance-2-0,"Seedance Review: Reddit Feedback, Strengths & Limitations",Seedance Review & Reddit Feedback,70,ZERO_VOLUME_SUPPORT,try seedance 2.0 free reddit,try seedance 2.0 free reddit,CANONICAL,0,86,--,KEEP_P0,ZERO_VOLUME_RELEVANT,2.0 Commercial / Generator,Blog：用于时效性、观点/Review、实验性新主题或适合文章表达的教程；不要写成低质批量水文。,BUILD_P1
/blog/seedance-review-reddit,BLOG,P1,NEW,REVIEW,/;/seedance-2-0,"Seedance Review: Reddit Feedback, Strengths & Limitations",Seedance Review & Reddit Feedback,71,ZERO_VOLUME_SUPPORT,seedance vs veo reddit,seedance vs veo reddit,CANONICAL,0,79,--,KEEP_P2,ZERO_VOLUME_RELEVANT,Competitor Comparison / Veo,Blog：用于时效性、观点/Review、实验性新主题或适合文章表达的教程；不要写成低质批量水文。,BUILD_P1
/blog/seedance-review-reddit,BLOG,P1,NEW,REVIEW,/;/seedance-2-0,"Seedance Review: Reddit Feedback, Strengths & Limitations",Seedance Review & Reddit Feedback,72,ZERO_VOLUME_SUPPORT,seedance 4k reddit,seedance 4k reddit,CANONICAL,0,77,--,KEEP_P2,ZERO_VOLUME_RELEVANT,Seedance Review / Reddit / Feedback,Blog：用于时效性、观点/Review、实验性新主题或适合文章表达的教程；不要写成低质批量水文。,BUILD_P1
/blog/seedance-review-reddit,BLOG,P1,NEW,REVIEW,/;/seedance-2-0,"Seedance Review: Reddit Feedback, Strengths & Limitations",Seedance Review & Reddit Feedback,73,ZERO_VOLUME_SUPPORT,review seedance fast vs,review seedance fast vs,CANONICAL,0,74,1,KEEP_P2,ZERO_VOLUME_RELEVANT,Comparison / Other,Blog：用于时效性、观点/Review、实验性新主题或适合文章表达的教程；不要写成低质批量水文。,BUILD_P1
/blog/seedance-review-reddit,BLOG,P1,NEW,REVIEW,/;/seedance-2-0,"Seedance Review: Reddit Feedback, Strengths & Limitations",Seedance Review & Reddit Feedback,74,ZERO_VOLUME_SUPPORT,reddit seedance 2 cheap,reddit seedance 2 cheap,CANONICAL,0,57,--,KEEP_P2,ZERO_VOLUME_RELEVANT,Generic Pricing / Free / Unlimited,Blog：用于时效性、观点/Review、实验性新主题或适合文章表达的教程；不要写成低质批量水文。,BUILD_P1
/blog/seedance-review-reddit,BLOG,P1,NEW,REVIEW,/;/seedance-2-0,"Seedance Review: Reddit Feedback, Strengths & Limitations",Seedance Review & Reddit Feedback,75,ZERO_VOLUME_SUPPORT,seedance loveart reddit,seedance loveart reddit,CANONICAL,0,56,2,KEEP_P2,ZERO_VOLUME_RELEVANT,Seedance Review / Reddit / Feedback,Blog：用于时效性、观点/Review、实验性新主题或适合文章表达的教程；不要写成低质批量水文。,BUILD_P1
/blog/seedance-review-reddit,BLOG,P1,NEW,REVIEW,/;/seedance-2-0,"Seedance Review: Reddit Feedback, Strengths & Limitations",Seedance Review & Reddit Feedback,76,ZERO_VOLUME_SUPPORT,reddit seedance unlimited scam,reddit seedance unlimited scam,CANONICAL,0,55,--,KEEP_P2,ZERO_VOLUME_RELEVANT,Generic Pricing / Free / Unlimited,Blog：用于时效性、观点/Review、实验性新主题或适合文章表达的教程；不要写成低质批量水文。,BUILD_P1
/blog/seedance-review-reddit,BLOG,P1,NEW,REVIEW,/;/seedance-2-0,"Seedance Review: Reddit Feedback, Strengths & Limitations",Seedance Review & Reddit Feedback,77,ZERO_VOLUME_SUPPORT,product video review seedance 2,product video review seedance 2,CANONICAL,0,52,32,KEEP_P2,ZERO_VOLUME_RELEVANT,Seedance Review / Reddit / Feedback,Blog：用于时效性、观点/Review、实验性新主题或适合文章表达的教程；不要写成低质批量水文。,BUILD_P1
/blog/seedance-review-reddit,BLOG,P1,NEW,REVIEW,/;/seedance-2-0,"Seedance Review: Reddit Feedback, Strengths & Limitations",Seedance Review & Reddit Feedback,78,ZERO_VOLUME_SUPPORT,reddit seedance 2.0 api,reddit seedance 2.0 api,CANONICAL,0,52,--,KEEP_P2,ZERO_VOLUME_RELEVANT,API / Developer,Blog：用于时效性、观点/Review、实验性新主题或适合文章表达的教程；不要写成低质批量水文。,BUILD_P1
/blog/seedance-review-reddit,BLOG,P1,NEW,REVIEW,/;/seedance-2-0,"Seedance Review: Reddit Feedback, Strengths & Limitations",Seedance Review & Reddit Feedback,79,ZERO_VOLUME_SUPPORT,seedance 2 fast vs kling 3 reddit,seedance 2 fast vs kling 3 reddit,CANONICAL,0,52,--,KEEP_P2,ZERO_VOLUME_RELEVANT,Competitor Comparison / Kling,Blog：用于时效性、观点/Review、实验性新主题或适合文章表达的教程；不要写成低质批量水文。,BUILD_P1
/blog/seedance-review-reddit,BLOG,P1,NEW,REVIEW,/;/seedance-2-0,"Seedance Review: Reddit Feedback, Strengths & Limitations",Seedance Review & Reddit Feedback,80,ZERO_VOLUME_SUPPORT,dreamina seedance review reddit,dreamina seedance review reddit,CANONICAL,0,50,--,KEEP_P2,ZERO_VOLUME_RELEVANT,Platforms / Providers,Blog：用于时效性、观点/Review、实验性新主题或适合文章表达的教程；不要写成低质批量水文。,BUILD_P1
/blog/seedance-review-reddit,BLOG,P1,NEW,REVIEW,/;/seedance-2-0,"Seedance Review: Reddit Feedback, Strengths & Limitations",Seedance Review & Reddit Feedback,81,ZERO_VOLUME_SUPPORT,higgsfield seedance 2.0 uplimited reddit,higgsfield seedance 2.0 uplimited reddit,CANONICAL,0,50,--,KEEP_P0,ZERO_VOLUME_RELEVANT,Platforms / Providers,Blog：用于时效性、观点/Review、实验性新主题或适合文章表达的教程；不要写成低质批量水文。,BUILD_P1
/blog/seedance-review-reddit,BLOG,P1,NEW,REVIEW,/;/seedance-2-0,"Seedance Review: Reddit Feedback, Strengths & Limitations",Seedance Review & Reddit Feedback,82,ZERO_VOLUME_SUPPORT,reddit free seedance 2.0,reddit free seedance 2.0,CANONICAL,0,49,--,KEEP_P0,ZERO_VOLUME_RELEVANT,2.0 Commercial / Generator,Blog：用于时效性、观点/Review、实验性新主题或适合文章表达的教程；不要写成低质批量水文。,BUILD_P1
/blog/seedance-review-reddit,BLOG,P1,NEW,REVIEW,/;/seedance-2-0,"Seedance Review: Reddit Feedback, Strengths & Limitations",Seedance Review & Reddit Feedback,83,ZERO_VOLUME_SUPPORT,reddit freemium seedance 2.0,reddit freemium seedance 2.0,CANONICAL,0,49,--,KEEP_P0,ZERO_VOLUME_RELEVANT,2.0 Commercial / Generator,Blog：用于时效性、观点/Review、实验性新主题或适合文章表达的教程；不要写成低质批量水文。,BUILD_P1
/blog/seedance-review-reddit,BLOG,P1,NEW,REVIEW,/;/seedance-2-0,"Seedance Review: Reddit Feedback, Strengths & Limitations",Seedance Review & Reddit Feedback,84,ZERO_VOLUME_SUPPORT,didnt get credits basic plan seedance reddit,didnt get credits basic plan seedance reddit,CANONICAL,0,47,--,KEEP_P2,ZERO_VOLUME_RELEVANT,Generic Pricing / Free / Unlimited,Blog：用于时效性、观点/Review、实验性新主题或适合文章表达的教程；不要写成低质批量水文。,BUILD_P1
/blog/seedance-review-reddit,BLOG,P1,NEW,REVIEW,/;/seedance-2-0,"Seedance Review: Reddit Feedback, Strengths & Limitations",Seedance Review & Reddit Feedback,85,ZERO_VOLUME_SUPPORT,seedance 2.0 cost reddit,seedance 2.0 cost reddit,CANONICAL,0,47,--,KEEP_P0,ZERO_VOLUME_RELEVANT,2.0 Commercial / Generator,Blog：用于时效性、观点/Review、实验性新主题或适合文章表达的教程；不要写成低质批量水文。,BUILD_P1
/seedance-2-5/examples,SUBPAGE,P1,NEW,EXAMPLES,/seedance-2-5;/prompts,Seedance 2.5 Examples: AI Video Showcase & Use Cases,Seedance 2.5 Examples,1,PRIMARY,seedance 2.5 examples,seedance 2.5 examples,CANONICAL,3670,29,--,KEEP_P0,HAS_VOLUME,2.5 Examples / Showcase,普通子页面：用于稳定、长期、功能型或明确独立意图；围绕主题完整回答并链接核心页。,BUILD_P1
/seedance-2-5/examples,SUBPAGE,P1,NEW,EXAMPLES,/seedance-2-5;/prompts,Seedance 2.5 Examples: AI Video Showcase & Use Cases,Seedance 2.5 Examples,2,PRIMARY,seedance 2.5 demo,seedance 2.5 demo,CANONICAL,1410,41,--,KEEP_P0,HAS_VOLUME,2.5 Examples / Showcase,普通子页面：用于稳定、长期、功能型或明确独立意图；围绕主题完整回答并链接核心页。,BUILD_P1
/seedance-2-5/examples,SUBPAGE,P1,NEW,EXAMPLES,/seedance-2-5;/prompts,Seedance 2.5 Examples: AI Video Showcase & Use Cases,Seedance 2.5 Examples,3,PRIMARY,seedance 2.5 介绍 演示,seedance 2.5 介绍 演示,CANONICAL,860,0,--,KEEP_P0,HAS_VOLUME,2.5 Core Hub,普通子页面：用于稳定、长期、功能型或明确独立意图；围绕主题完整回答并链接核心页。,BUILD_P1
/seedance-2-5/examples,SUBPAGE,P1,NEW,EXAMPLES,/seedance-2-5;/prompts,Seedance 2.5 Examples: AI Video Showcase & Use Cases,Seedance 2.5 Examples,4,PRIMARY,seedance 2.5 showcase,seedance 2.5 showcase,CANONICAL,680,0,--,KEEP_P0,HAS_VOLUME,2.5 Examples / Showcase,普通子页面：用于稳定、长期、功能型或明确独立意图；围绕主题完整回答并链接核心页。,BUILD_P1
/seedance-2-5/examples,SUBPAGE,P1,NEW,EXAMPLES,/seedance-2-5;/prompts,Seedance 2.5 Examples: AI Video Showcase & Use Cases,Seedance 2.5 Examples,5,PRIMARY,seedance 2.5  video examples,seedance 2.5 video examples,CANONICAL,390,0,--,KEEP_P0,HAS_VOLUME,2.5 Examples / Showcase,普通子页面：用于稳定、长期、功能型或明确独立意图；围绕主题完整回答并链接核心页。,BUILD_P1
/seedance-2-5/examples,SUBPAGE,P1,NEW,EXAMPLES,/seedance-2-5;/prompts,Seedance 2.5 Examples: AI Video Showcase & Use Cases,Seedance 2.5 Examples,6,PRIMARY,seedance 2.5 官方案例,seedance 2.5 官方案例,CANONICAL,380,0,--,KEEP_P0,HAS_VOLUME,2.5 Core Hub,普通子页面：用于稳定、长期、功能型或明确独立意图；围绕主题完整回答并链接核心页。,BUILD_P1
/seedance-2-5/examples,SUBPAGE,P1,NEW,EXAMPLES,/seedance-2-5;/prompts,Seedance 2.5 Examples: AI Video Showcase & Use Cases,Seedance 2.5 Examples,7,PRIMARY,seedance2.5演示,seedance2.5演示,CANONICAL,260,0,--,KEEP_P0,HAS_VOLUME,Other / Contextual,普通子页面：用于稳定、长期、功能型或明确独立意图；围绕主题完整回答并链接核心页。,BUILD_P1
/seedance-2-5/examples,SUBPAGE,P1,NEW,EXAMPLES,/seedance-2-5;/prompts,Seedance 2.5 Examples: AI Video Showcase & Use Cases,Seedance 2.5 Examples,8,PRIMARY,seedance 2.5 example,seedance 2.5 example,CANONICAL,150,63,--,KEEP_P0,HAS_VOLUME,2.5 Examples / Showcase,普通子页面：用于稳定、长期、功能型或明确独立意图；围绕主题完整回答并链接核心页。,BUILD_P1
/seedance-2-5/examples,SUBPAGE,P1,NEW,EXAMPLES,/seedance-2-5;/prompts,Seedance 2.5 Examples: AI Video Showcase & Use Cases,Seedance 2.5 Examples,9,SECONDARY,seedance 2.5 demo 林悦己,seedance 2.5 demo 林悦己,CANONICAL,120,0,--,KEEP_P0,HAS_VOLUME,2.5 Examples / Showcase,普通子页面：用于稳定、长期、功能型或明确独立意图；围绕主题完整回答并链接核心页。,BUILD_P1
/seedance-2-5/examples,SUBPAGE,P1,NEW,EXAMPLES,/seedance-2-5;/prompts,Seedance 2.5 Examples: AI Video Showcase & Use Cases,Seedance 2.5 Examples,10,SECONDARY,seedance 2.5 官方用户手册：手把手教你做电影级 ai 视频，公式和案例全能抄,seedance 2.5 官方用户手册：手把手教你做电影级 ai 视频，公式和案例全能抄,CANONICAL,70,0,--,KEEP_P0,HAS_VOLUME,2.5 Core Hub,普通子页面：用于稳定、长期、功能型或明确独立意图；围绕主题完整回答并链接核心页。,BUILD_P1
/seedance-2-5/examples,SUBPAGE,P1,NEW,EXAMPLES,/seedance-2-5;/prompts,Seedance 2.5 Examples: AI Video Showcase & Use Cases,Seedance 2.5 Examples,11,SECONDARY,seedance 2.5 official demo,seedance 2.5 official demo,CANONICAL,50,0,--,KEEP_P0,HAS_VOLUME,2.5 Examples / Showcase,普通子页面：用于稳定、长期、功能型或明确独立意图；围绕主题完整回答并链接核心页。,BUILD_P1
/seedance-2-5/examples,SUBPAGE,P1,NEW,EXAMPLES,/seedance-2-5;/prompts,Seedance 2.5 Examples: AI Video Showcase & Use Cases,Seedance 2.5 Examples,12,SECONDARY,example of ads with seedance 2.5 x,example of ads with seedance 2.5 x,CANONICAL,40,0,--,KEEP_P0,HAS_VOLUME,2.5 Examples / Showcase,普通子页面：用于稳定、长期、功能型或明确独立意图；围绕主题完整回答并链接核心页。,BUILD_P1
/seedance-2-5/examples,SUBPAGE,P1,NEW,EXAMPLES,/seedance-2-5;/prompts,Seedance 2.5 Examples: AI Video Showcase & Use Cases,Seedance 2.5 Examples,13,SECONDARY,seedance 2.5 examples video,seedance 2.5 examples video,CANONICAL,20,48,--,KEEP_P0,HAS_VOLUME,2.5 Examples / Showcase,普通子页面：用于稳定、长期、功能型或明确独立意图；围绕主题完整回答并链接核心页。,BUILD_P1
/seedance-2-5/examples,SUBPAGE,P1,NEW,EXAMPLES,/seedance-2-5;/prompts,Seedance 2.5 Examples: AI Video Showcase & Use Cases,Seedance 2.5 Examples,14,ZERO_VOLUME_SUPPORT,seedance 2.5 demo reel,seedance 2.5 demo reel,CANONICAL,0,119,--,KEEP_P0,ZERO_VOLUME_RELEVANT,2.5 Examples / Showcase,普通子页面：用于稳定、长期、功能型或明确独立意图；围绕主题完整回答并链接核心页。,BUILD_P1
/seedance-2-5/examples,SUBPAGE,P1,NEW,EXAMPLES,/seedance-2-5;/prompts,Seedance 2.5 Examples: AI Video Showcase & Use Cases,Seedance 2.5 Examples,15,ZERO_VOLUME_SUPPORT,official bytedance demo on seedance 2.5,official bytedance demo on seedance 2.5,CANONICAL,0,73,--,KEEP_P0,ZERO_VOLUME_RELEVANT,2.5 Examples / Showcase,普通子页面：用于稳定、长期、功能型或明确独立意图；围绕主题完整回答并链接核心页。,BUILD_P1
/seedance-2-5/examples,SUBPAGE,P1,NEW,EXAMPLES,/seedance-2-5;/prompts,Seedance 2.5 Examples: AI Video Showcase & Use Cases,Seedance 2.5 Examples,16,ZERO_VOLUME_SUPPORT,seedance 2.5 samples,seedance 2.5 samples,CANONICAL,0,58,--,KEEP_P0,ZERO_VOLUME_RELEVANT,2.5 Core Hub,普通子页面：用于稳定、长期、功能型或明确独立意图；围绕主题完整回答并链接核心页。,BUILD_P1
/seedance-2-5/platforms,SUBPAGE,P1,NEW,PLATFORM_HUB,/seedance-2-5;/seedance-2-5/api,Where to Use Seedance 2.5: Platforms & Providers,Seedance 2.5 Platforms & Providers,1,PRIMARY,seedance 2.5 higgsfield,seedance 2.5 higgsfield,CANONICAL,25550,310,--,KEEP_P0,HAS_VOLUME,Platforms / Providers,普通子页面：用于稳定、长期、功能型或明确独立意图；围绕主题完整回答并链接核心页。,BUILD_P1
/seedance-2-5/platforms,SUBPAGE,P1,NEW,PLATFORM_HUB,/seedance-2-5;/seedance-2-5/api,Where to Use Seedance 2.5: Platforms & Providers,Seedance 2.5 Platforms & Providers,2,PRIMARY,dreamina seedance 2.5,dreamina seedance 2.5,CANONICAL,24790,467,--,KEEP_P0,HAS_VOLUME,Platforms / Providers,普通子页面：用于稳定、长期、功能型或明确独立意图；围绕主题完整回答并链接核心页。,BUILD_P1
/seedance-2-5/platforms,SUBPAGE,P1,NEW,PLATFORM_HUB,/seedance-2-5;/seedance-2-5/api,Where to Use Seedance 2.5: Platforms & Providers,Seedance 2.5 Platforms & Providers,3,PRIMARY,higgsfield seedance 2.5,higgsfield seedance 2.5,CANONICAL,20370,225,--,KEEP_P0,HAS_VOLUME,Platforms / Providers,普通子页面：用于稳定、长期、功能型或明确独立意图；围绕主题完整回答并链接核心页。,BUILD_P1
/seedance-2-5/platforms,SUBPAGE,P1,NEW,PLATFORM_HUB,/seedance-2-5;/seedance-2-5/api,Where to Use Seedance 2.5: Platforms & Providers,Seedance 2.5 Platforms & Providers,4,PRIMARY,capcut seedance 2.5,capcut seedance 2.5,CANONICAL,5460,39,--,KEEP_P0,HAS_VOLUME,Platforms / Providers,普通子页面：用于稳定、长期、功能型或明确独立意图；围绕主题完整回答并链接核心页。,BUILD_P1
/seedance-2-5/platforms,SUBPAGE,P1,NEW,PLATFORM_HUB,/seedance-2-5;/seedance-2-5/api,Where to Use Seedance 2.5: Platforms & Providers,Seedance 2.5 Platforms & Providers,5,PRIMARY,artlist seedance 2.5,artlist seedance 2.5,CANONICAL,5160,4,--,KEEP_P0,HAS_VOLUME,Platforms / Providers,普通子页面：用于稳定、长期、功能型或明确独立意图；围绕主题完整回答并链接核心页。,BUILD_P1
/seedance-2-5/platforms,SUBPAGE,P1,NEW,PLATFORM_HUB,/seedance-2-5;/seedance-2-5/api,Where to Use Seedance 2.5: Platforms & Providers,Seedance 2.5 Platforms & Providers,6,PRIMARY,fal seedance 2.5,fal seedance 2.5,CANONICAL,4610,58,--,KEEP_P0,HAS_VOLUME,Platforms / Providers,普通子页面：用于稳定、长期、功能型或明确独立意图；围绕主题完整回答并链接核心页。,BUILD_P1
/seedance-2-5/platforms,SUBPAGE,P1,NEW,PLATFORM_HUB,/seedance-2-5;/seedance-2-5/api,Where to Use Seedance 2.5: Platforms & Providers,Seedance 2.5 Platforms & Providers,7,PRIMARY,runway seedance 2.5,runway seedance 2.5,CANONICAL,3520,0,--,KEEP_P0,HAS_VOLUME,Platforms / Providers,普通子页面：用于稳定、长期、功能型或明确独立意图；围绕主题完整回答并链接核心页。,BUILD_P1
/seedance-2-5/platforms,SUBPAGE,P1,NEW,PLATFORM_HUB,/seedance-2-5;/seedance-2-5/api,Where to Use Seedance 2.5: Platforms & Providers,Seedance 2.5 Platforms & Providers,8,PRIMARY,when seedance 2.5 on higgsfield,when seedance 2.5 on higgsfield,CANONICAL,3150,0,--,KEEP_P0,HAS_VOLUME,Platforms / Providers,普通子页面：用于稳定、长期、功能型或明确独立意图；围绕主题完整回答并链接核心页。,BUILD_P1
/seedance-2-5/platforms,SUBPAGE,P1,NEW,PLATFORM_HUB,/seedance-2-5;/seedance-2-5/api,Where to Use Seedance 2.5: Platforms & Providers,Seedance 2.5 Platforms & Providers,9,SECONDARY,seedance 2.5 byteplus,seedance 2.5 byteplus,CANONICAL,3090,88,--,KEEP_P0,HAS_VOLUME,Platforms / Providers,普通子页面：用于稳定、长期、功能型或明确独立意图；围绕主题完整回答并链接核心页。,BUILD_P1
/seedance-2-5/platforms,SUBPAGE,P1,NEW,PLATFORM_HUB,/seedance-2-5;/seedance-2-5/api,Where to Use Seedance 2.5: Platforms & Providers,Seedance 2.5 Platforms & Providers,10,SECONDARY,seedance 2.5 capcut,seedance 2.5 capcut,CANONICAL,3090,17,--,KEEP_P0,HAS_VOLUME,Platforms / Providers,普通子页面：用于稳定、长期、功能型或明确独立意图；围绕主题完整回答并链接核心页。,BUILD_P1
/seedance-2-5/platforms,SUBPAGE,P1,NEW,PLATFORM_HUB,/seedance-2-5;/seedance-2-5/api,Where to Use Seedance 2.5: Platforms & Providers,Seedance 2.5 Platforms & Providers,11,SECONDARY,seedance 2.5 dreamina,seedance 2.5 dreamina,CANONICAL,2570,124,--,KEEP_P0,HAS_VOLUME,Platforms / Providers,普通子页面：用于稳定、长期、功能型或明确独立意图；围绕主题完整回答并链接核心页。,BUILD_P1
/seedance-2-5/platforms,SUBPAGE,P1,NEW,PLATFORM_HUB,/seedance-2-5;/seedance-2-5/api,Where to Use Seedance 2.5: Platforms & Providers,Seedance 2.5 Platforms & Providers,12,SECONDARY,byteplus seedance 2.5,byteplus seedance 2.5,CANONICAL,2570,58,--,KEEP_P0,HAS_VOLUME,Platforms / Providers,普通子页面：用于稳定、长期、功能型或明确独立意图；围绕主题完整回答并链接核心页。,BUILD_P1
/seedance-2-5/platforms,SUBPAGE,P1,NEW,PLATFORM_HUB,/seedance-2-5;/seedance-2-5/api,Where to Use Seedance 2.5: Platforms & Providers,Seedance 2.5 Platforms & Providers,13,SECONDARY,elevenlabs seedance 2.5,elevenlabs seedance 2.5,CANONICAL,2500,4,--,KEEP_P0,HAS_VOLUME,Platforms / Providers,普通子页面：用于稳定、长期、功能型或明确独立意图；围绕主题完整回答并链接核心页。,BUILD_P1
/seedance-2-5/platforms,SUBPAGE,P1,NEW,PLATFORM_HUB,/seedance-2-5;/seedance-2-5/api,Where to Use Seedance 2.5: Platforms & Providers,Seedance 2.5 Platforms & Providers,14,SECONDARY,seedance 2.5 fal,seedance 2.5 fal,CANONICAL,2480,45,--,KEEP_P0,HAS_VOLUME,Platforms / Providers,普通子页面：用于稳定、长期、功能型或明确独立意图；围绕主题完整回答并链接核心页。,BUILD_P1
/seedance-2-5/platforms,SUBPAGE,P1,NEW,PLATFORM_HUB,/seedance-2-5;/seedance-2-5/api,Where to Use Seedance 2.5: Platforms & Providers,Seedance 2.5 Platforms & Providers,15,SECONDARY,seedance 2.5 openrouter,seedance 2.5 openrouter,CANONICAL,2310,16,--,KEEP_P0,HAS_VOLUME,Platforms / Providers,普通子页面：用于稳定、长期、功能型或明确独立意图；围绕主题完整回答并链接核心页。,BUILD_P1
/seedance-2-5/platforms,SUBPAGE,P1,NEW,PLATFORM_HUB,/seedance-2-5;/seedance-2-5/api,Where to Use Seedance 2.5: Platforms & Providers,Seedance 2.5 Platforms & Providers,16,SECONDARY,fal.ai seedance 2.5,fal.ai seedance 2.5,CANONICAL,2060,35,--,KEEP_P0,HAS_VOLUME,Platforms / Providers,普通子页面：用于稳定、长期、功能型或明确独立意图；围绕主题完整回答并链接核心页。,BUILD_P1
/seedance-2-5/platforms,SUBPAGE,P1,NEW,PLATFORM_HUB,/seedance-2-5;/seedance-2-5/api,Where to Use Seedance 2.5: Platforms & Providers,Seedance 2.5 Platforms & Providers,17,SECONDARY,openart seedance 2.5,openart seedance 2.5,CANONICAL,2030,57,--,KEEP_P0,HAS_VOLUME,Platforms / Providers,普通子页面：用于稳定、长期、功能型或明确独立意图；围绕主题完整回答并链接核心页。,BUILD_P1
/seedance-2-5/platforms,SUBPAGE,P1,NEW,PLATFORM_HUB,/seedance-2-5;/seedance-2-5/api,Where to Use Seedance 2.5: Platforms & Providers,Seedance 2.5 Platforms & Providers,18,SECONDARY,seedance 2.5 higgsfield da türkiye tarih ve saatiyle ne zaman açılacak,seedance 2.5 higgsfield da türkiye tarih ve saatiyle ne zaman açılacak,CANONICAL,1560,0,--,KEEP_P0,HAS_VOLUME,Platforms / Providers,普通子页面：用于稳定、长期、功能型或明确独立意图；围绕主题完整回答并链接核心页。,BUILD_P1
/seedance-2-5/platforms,SUBPAGE,P1,NEW,PLATFORM_HUB,/seedance-2-5;/seedance-2-5/api,Where to Use Seedance 2.5: Platforms & Providers,Seedance 2.5 Platforms & Providers,19,SECONDARY,seedance 2.5 on higgsfield,seedance 2.5 on higgsfield,CANONICAL,1450,0,--,KEEP_P0,HAS_VOLUME,Platforms / Providers,普通子页面：用于稳定、长期、功能型或明确独立意图；围绕主题完整回答并链接核心页。,BUILD_P1
/seedance-2-5/platforms,SUBPAGE,P1,NEW,PLATFORM_HUB,/seedance-2-5;/seedance-2-5/api,Where to Use Seedance 2.5: Platforms & Providers,Seedance 2.5 Platforms & Providers,20,SECONDARY,seedance 2.5 fal.ai,seedance 2.5 fal.ai,CANONICAL,1360,0,--,KEEP_P0,HAS_VOLUME,Platforms / Providers,普通子页面：用于稳定、长期、功能型或明确独立意图；围绕主题完整回答并链接核心页。,BUILD_P1
/seedance-2-5/platforms,SUBPAGE,P1,NEW,PLATFORM_HUB,/seedance-2-5;/seedance-2-5/api,Where to Use Seedance 2.5: Platforms & Providers,Seedance 2.5 Platforms & Providers,21,SECONDARY,seedance 2.5 elevenlabs,seedance 2.5 elevenlabs,CANONICAL,1340,0,--,KEEP_P0,HAS_VOLUME,Platforms / Providers,普通子页面：用于稳定、长期、功能型或明确独立意图；围绕主题完整回答并链接核心页。,BUILD_P1
/seedance-2-5/platforms,SUBPAGE,P1,NEW,PLATFORM_HUB,/seedance-2-5;/seedance-2-5/api,Where to Use Seedance 2.5: Platforms & Providers,Seedance 2.5 Platforms & Providers,22,SECONDARY,seedance 2.5 kie,seedance 2.5 kie,CANONICAL,1280,14,--,KEEP_P0,HAS_VOLUME,2.5 Core Hub,普通子页面：用于稳定、长期、功能型或明确独立意图；围绕主题完整回答并链接核心页。,BUILD_P1
/seedance-2-5/platforms,SUBPAGE,P1,NEW,PLATFORM_HUB,/seedance-2-5;/seedance-2-5/api,Where to Use Seedance 2.5: Platforms & Providers,Seedance 2.5 Platforms & Providers,23,SECONDARY,apakah aplikasi seedance 2.5 bisa digunakan pada aplikasi capcut standar,apakah aplikasi seedance 2.5 bisa digunakan pada aplikasi capcut standar,CANONICAL,1280,0,--,KEEP_P0,HAS_VOLUME,Platforms / Providers,普通子页面：用于稳定、长期、功能型或明确独立意图；围绕主题完整回答并链接核心页。,BUILD_P1
/seedance-2-5/platforms,SUBPAGE,P1,NEW,PLATFORM_HUB,/seedance-2-5;/seedance-2-5/api,Where to Use Seedance 2.5: Platforms & Providers,Seedance 2.5 Platforms & Providers,24,SECONDARY,dreamina seedance 2.5 da referans yüz kabul ediyor mu,dreamina seedance 2.5 da referans yüz kabul ediyor mu,CANONICAL,1260,0,--,KEEP_P0,HAS_VOLUME,Platforms / Providers,普通子页面：用于稳定、长期、功能型或明确独立意图；围绕主题完整回答并链接核心页。,BUILD_P1
/seedance-2-5/platforms,SUBPAGE,P1,NEW,PLATFORM_HUB,/seedance-2-5;/seedance-2-5/api,Where to Use Seedance 2.5: Platforms & Providers,Seedance 2.5 Platforms & Providers,25,SECONDARY,krea seedance 2.5,krea seedance 2.5,CANONICAL,1220,4,--,KEEP_P0,HAS_VOLUME,Platforms / Providers,普通子页面：用于稳定、长期、功能型或明确独立意图；围绕主题完整回答并链接核心页。,BUILD_P1
/seedance-2-5/platforms,SUBPAGE,P1,NEW,PLATFORM_HUB,/seedance-2-5;/seedance-2-5/api,Where to Use Seedance 2.5: Platforms & Providers,Seedance 2.5 Platforms & Providers,26,SECONDARY,seedance 2.5 火山引擎,seedance 2.5 火山引擎,CANONICAL,1200,36,--,KEEP_P0,HAS_VOLUME,2.5 Core Hub,普通子页面：用于稳定、长期、功能型或明确独立意图；围绕主题完整回答并链接核心页。,BUILD_P1
/seedance-2-5/platforms,SUBPAGE,P1,NEW,PLATFORM_HUB,/seedance-2-5;/seedance-2-5/api,Where to Use Seedance 2.5: Platforms & Providers,Seedance 2.5 Platforms & Providers,27,SECONDARY,replicate seedance 2.5,replicate seedance 2.5,CANONICAL,1180,0,--,KEEP_P0,HAS_VOLUME,Platforms / Providers,普通子页面：用于稳定、长期、功能型或明确独立意图；围绕主题完整回答并链接核心页。,BUILD_P1
/seedance-2-5/platforms,SUBPAGE,P1,NEW,PLATFORM_HUB,/seedance-2-5;/seedance-2-5/api,Where to Use Seedance 2.5: Platforms & Providers,Seedance 2.5 Platforms & Providers,28,SECONDARY,seedance 2.5 when on higgsfield ?,seedance 2.5 when on higgsfield ?,CANONICAL,1150,0,--,KEEP_P0,HAS_VOLUME,Platforms / Providers,普通子页面：用于稳定、长期、功能型或明确独立意图；围绕主题完整回答并链接核心页。,BUILD_P1
/seedance-2-5/platforms,SUBPAGE,P1,NEW,PLATFORM_HUB,/seedance-2-5;/seedance-2-5/api,Where to Use Seedance 2.5: Platforms & Providers,Seedance 2.5 Platforms & Providers,29,SECONDARY,fal ai seedance 2.5,fal ai seedance 2.5,CANONICAL,1140,37,--,KEEP_P0,HAS_VOLUME,Platforms / Providers,普通子页面：用于稳定、长期、功能型或明确独立意图；围绕主题完整回答并链接核心页。,BUILD_P1
/seedance-2-5/platforms,SUBPAGE,P1,NEW,PLATFORM_HUB,/seedance-2-5;/seedance-2-5/api,Where to Use Seedance 2.5: Platforms & Providers,Seedance 2.5 Platforms & Providers,30,SECONDARY,即梦 seedance 2.5 使用手册,即梦 seedance 2.5 使用手册,CANONICAL,1130,0,--,KEEP_P0,HAS_VOLUME,2.5 Core Hub,普通子页面：用于稳定、长期、功能型或明确独立意图；围绕主题完整回答并链接核心页。,BUILD_P1
/seedance-2-5/platforms,SUBPAGE,P1,NEW,PLATFORM_HUB,/seedance-2-5;/seedance-2-5/api,Where to Use Seedance 2.5: Platforms & Providers,Seedance 2.5 Platforms & Providers,31,SECONDARY,seedance 2.5 replicate,seedance 2.5 replicate,CANONICAL,1120,8,--,KEEP_P0,HAS_VOLUME,Platforms / Providers,普通子页面：用于稳定、长期、功能型或明确独立意图；围绕主题完整回答并链接核心页。,BUILD_P1
/seedance-2-5/platforms,SUBPAGE,P1,NEW,PLATFORM_HUB,/seedance-2-5;/seedance-2-5/api,Where to Use Seedance 2.5: Platforms & Providers,Seedance 2.5 Platforms & Providers,32,SECONDARY,kie seedance 2.5,kie seedance 2.5,CANONICAL,1100,0,--,KEEP_P0,HAS_VOLUME,2.5 Core Hub,普通子页面：用于稳定、长期、功能型或明确独立意图；围绕主题完整回答并链接核心页。,BUILD_P1
/seedance-2-5/platforms,SUBPAGE,P1,NEW,PLATFORM_HUB,/seedance-2-5;/seedance-2-5/api,Where to Use Seedance 2.5: Platforms & Providers,Seedance 2.5 Platforms & Providers,33,SECONDARY,"seedance 2.5 , runway","seedance 2.5 , runway",CANONICAL,1070,0,--,KEEP_P0,HAS_VOLUME,Platforms / Providers,普通子页面：用于稳定、长期、功能型或明确独立意图；围绕主题完整回答并链接核心页。,BUILD_P1
/seedance-2-5/platforms,SUBPAGE,P1,NEW,PLATFORM_HUB,/seedance-2-5;/seedance-2-5/api,Where to Use Seedance 2.5: Platforms & Providers,Seedance 2.5 Platforms & Providers,34,SECONDARY,dreamina / seedance 2.5,dreamina / seedance 2.5,CANONICAL,1050,0,--,KEEP_P0,HAS_VOLUME,Platforms / Providers,普通子页面：用于稳定、长期、功能型或明确独立意图；围绕主题完整回答并链接核心页。,BUILD_P1
/seedance-2-5/platforms,SUBPAGE,P1,NEW,PLATFORM_HUB,/seedance-2-5;/seedance-2-5/api,Where to Use Seedance 2.5: Platforms & Providers,Seedance 2.5 Platforms & Providers,35,SECONDARY,dreamina seedance 2.5 short film,dreamina seedance 2.5 short film,CANONICAL,1050,0,--,KEEP_P0,HAS_VOLUME,Platforms / Providers,普通子页面：用于稳定、长期、功能型或明确独立意图；围绕主题完整回答并链接核心页。,BUILD_P1
/seedance-2-5/platforms,SUBPAGE,P1,NEW,PLATFORM_HUB,/seedance-2-5;/seedance-2-5/api,Where to Use Seedance 2.5: Platforms & Providers,Seedance 2.5 Platforms & Providers,36,SECONDARY,higgsfield oder artlist seedance 2.5 was ist besser,higgsfield oder artlist seedance 2.5 was ist besser,CANONICAL,1050,0,--,KEEP_P0,HAS_VOLUME,Platforms / Providers,普通子页面：用于稳定、长期、功能型或明确独立意图；围绕主题完整回答并链接核心页。,BUILD_P1
/seedance-2-5/platforms,SUBPAGE,P1,NEW,PLATFORM_HUB,/seedance-2-5;/seedance-2-5/api,Where to Use Seedance 2.5: Platforms & Providers,Seedance 2.5 Platforms & Providers,37,SECONDARY,wieviel ai video kann man mit artlist seedance 2.5 generieren?,wieviel ai video kann man mit artlist seedance 2.5 generieren?,CANONICAL,1050,0,--,KEEP_P0,HAS_VOLUME,Platforms / Providers,普通子页面：用于稳定、长期、功能型或明确独立意图；围绕主题完整回答并链接核心页。,BUILD_P1
/seedance-2-5/platforms,SUBPAGE,P1,NEW,PLATFORM_HUB,/seedance-2-5;/seedance-2-5/api,Where to Use Seedance 2.5: Platforms & Providers,Seedance 2.5 Platforms & Providers,38,SECONDARY,wieviel videos kann ich mit seedance 2.5 auf artlist erstellen?,wieviel videos kann ich mit seedance 2.5 auf artlist erstellen?,CANONICAL,1040,0,--,KEEP_P0,HAS_VOLUME,Platforms / Providers,普通子页面：用于稳定、长期、功能型或明确独立意图；围绕主题完整回答并链接核心页。,BUILD_P1
/seedance-2-5/platforms,SUBPAGE,P1,NEW,PLATFORM_HUB,/seedance-2-5;/seedance-2-5/api,Where to Use Seedance 2.5: Platforms & Providers,Seedance 2.5 Platforms & Providers,39,SECONDARY,how to use reference images in seedance 2.5 on magnific?,how to use reference images in seedance 2.5 on magnific?,CANONICAL,1030,0,--,KEEP_P0,HAS_VOLUME,Platforms / Providers,普通子页面：用于稳定、长期、功能型或明确独立意图；围绕主题完整回答并链接核心页。,BUILD_P1
/seedance-2-5/platforms,SUBPAGE,P1,NEW,PLATFORM_HUB,/seedance-2-5;/seedance-2-5/api,Where to Use Seedance 2.5: Platforms & Providers,Seedance 2.5 Platforms & Providers,40,SECONDARY,openrouter seedance 2.5,openrouter seedance 2.5,CANONICAL,1020,0,--,KEEP_P0,HAS_VOLUME,Platforms / Providers,普通子页面：用于稳定、长期、功能型或明确独立意图；围绕主题完整回答并链接核心页。,BUILD_P1
/seedance-2-5/platforms,SUBPAGE,P1,NEW,PLATFORM_HUB,/seedance-2-5;/seedance-2-5/api,Where to Use Seedance 2.5: Platforms & Providers,Seedance 2.5 Platforms & Providers,41,SECONDARY,seedance 2.5 runway,seedance 2.5 runway,CANONICAL,990,44,--,KEEP_P1,HAS_VOLUME,Platforms / Providers,普通子页面：用于稳定、长期、功能型或明确独立意图；围绕主题完整回答并链接核心页。,BUILD_P1
/seedance-2-5/platforms,SUBPAGE,P1,NEW,PLATFORM_HUB,/seedance-2-5;/seedance-2-5/api,Where to Use Seedance 2.5: Platforms & Providers,Seedance 2.5 Platforms & Providers,42,SECONDARY,seedance 2.5 fal ai,seedance 2.5 fal ai,CANONICAL,970,66,--,KEEP_P1,HAS_VOLUME,Platforms / Providers,普通子页面：用于稳定、长期、功能型或明确独立意图；围绕主题完整回答并链接核心页。,BUILD_P1
/seedance-2-5/platforms,SUBPAGE,P1,NEW,PLATFORM_HUB,/seedance-2-5;/seedance-2-5/api,Where to Use Seedance 2.5: Platforms & Providers,Seedance 2.5 Platforms & Providers,43,SECONDARY,火山引擎 seedance 2.5,火山引擎 seedance 2.5,CANONICAL,960,28,--,KEEP_P0,HAS_VOLUME,2.5 Core Hub,普通子页面：用于稳定、长期、功能型或明确独立意图；围绕主题完整回答并链接核心页。,BUILD_P1
/seedance-2-5/platforms,SUBPAGE,P1,NEW,PLATFORM_HUB,/seedance-2-5;/seedance-2-5/api,Where to Use Seedance 2.5: Platforms & Providers,Seedance 2.5 Platforms & Providers,44,SECONDARY,capcut seedance 2.5 create,capcut seedance 2.5 create,CANONICAL,850,0,--,KEEP_P1,HAS_VOLUME,Platforms / Providers,普通子页面：用于稳定、长期、功能型或明确独立意图；围绕主题完整回答并链接核心页。,BUILD_P1
/seedance-2-5/platforms,SUBPAGE,P1,NEW,PLATFORM_HUB,/seedance-2-5;/seedance-2-5/api,Where to Use Seedance 2.5: Platforms & Providers,Seedance 2.5 Platforms & Providers,45,SECONDARY,seedance 2.5 openart,seedance 2.5 openart,CANONICAL,850,0,--,KEEP_P1,HAS_VOLUME,Platforms / Providers,普通子页面：用于稳定、长期、功能型或明确独立意图；围绕主题完整回答并链接核心页。,BUILD_P1
/seedance-2-5/platforms,SUBPAGE,P1,NEW,PLATFORM_HUB,/seedance-2-5;/seedance-2-5/api,Where to Use Seedance 2.5: Platforms & Providers,Seedance 2.5 Platforms & Providers,46,SECONDARY,seedance 2.5 artlist,seedance 2.5 artlist,CANONICAL,840,31,--,KEEP_P1,HAS_VOLUME,Platforms / Providers,普通子页面：用于稳定、长期、功能型或明确独立意图；围绕主题完整回答并链接核心页。,BUILD_P1
/seedance-2-5/platforms,SUBPAGE,P1,NEW,PLATFORM_HUB,/seedance-2-5;/seedance-2-5/api,Where to Use Seedance 2.5: Platforms & Providers,Seedance 2.5 Platforms & Providers,47,SECONDARY,higgsfield.ai seedance 2.5 pro version how many video i can create,higgsfield.ai seedance 2.5 pro version how many video i can create,CANONICAL,820,0,--,KEEP_P1,HAS_VOLUME,Platforms / Providers,普通子页面：用于稳定、长期、功能型或明确独立意图；围绕主题完整回答并链接核心页。,BUILD_P1
/seedance-2-5/platforms,SUBPAGE,P1,NEW,PLATFORM_HUB,/seedance-2-5;/seedance-2-5/api,Where to Use Seedance 2.5: Platforms & Providers,Seedance 2.5 Platforms & Providers,48,SECONDARY,"which  is best for seedance 2.5, higgsfield, openart, imagine art etc","which is best for seedance 2.5, higgsfield, openart, imagine art etc",CANONICAL,770,0,--,KEEP_P1,HAS_VOLUME,Platforms / Providers,普通子页面：用于稳定、长期、功能型或明确独立意图；围绕主题完整回答并链接核心页。,BUILD_P1
/seedance-2-5/platforms,SUBPAGE,P1,NEW,PLATFORM_HUB,/seedance-2-5;/seedance-2-5/api,Where to Use Seedance 2.5: Platforms & Providers,Seedance 2.5 Platforms & Providers,49,SECONDARY,¿puedo integrar en dreamina seedance 2.5 con chatgpt?,¿puedo integrar en dreamina seedance 2.5 con chatgpt?,CANONICAL,770,0,--,KEEP_P1,HAS_VOLUME,Platforms / Providers,普通子页面：用于稳定、长期、功能型或明确独立意图；围绕主题完整回答并链接核心页。,BUILD_P1
/seedance-2-5/platforms,SUBPAGE,P1,NEW,PLATFORM_HUB,/seedance-2-5;/seedance-2-5/api,Where to Use Seedance 2.5: Platforms & Providers,Seedance 2.5 Platforms & Providers,50,SECONDARY,berapa langganan dreamina ai seedance 2.5,berapa langganan dreamina ai seedance 2.5,CANONICAL,710,0,--,KEEP_P1,HAS_VOLUME,Platforms / Providers,普通子页面：用于稳定、长期、功能型或明确独立意图；围绕主题完整回答并链接核心页。,BUILD_P1
/seedance-2-5/platforms,SUBPAGE,P1,NEW,PLATFORM_HUB,/seedance-2-5;/seedance-2-5/api,Where to Use Seedance 2.5: Platforms & Providers,Seedance 2.5 Platforms & Providers,51,TYPO_SUPPORT,cuando esta disponible sedance 2.5 en higgsfield,cuando esta disponible seedance 2.5 en higgsfield,TYPO,710,0,--,KEEP_P1,HAS_VOLUME,Platforms / Providers,普通子页面：用于稳定、长期、功能型或明确独立意图；围绕主题完整回答并链接核心页。,BUILD_P1
/seedance-2-5/platforms,SUBPAGE,P1,NEW,PLATFORM_HUB,/seedance-2-5;/seedance-2-5/api,Where to Use Seedance 2.5: Platforms & Providers,Seedance 2.5 Platforms & Providers,52,SECONDARY,"""dreamina seedance 2.5"" and seedance 2.5 are the same?","""dreamina seedance 2.5"" and seedance 2.5 are the same?",CANONICAL,700,0,--,KEEP_P1,HAS_VOLUME,Platforms / Providers,普通子页面：用于稳定、长期、功能型或明确独立意图；围绕主题完整回答并链接核心页。,BUILD_P1
/seedance-2-5/platforms,SUBPAGE,P1,NEW,PLATFORM_HUB,/seedance-2-5;/seedance-2-5/api,Where to Use Seedance 2.5: Platforms & Providers,Seedance 2.5 Platforms & Providers,53,SECONDARY,seedance 2.5 30 days higgsfield,seedance 2.5 30 days higgsfield,CANONICAL,700,0,--,KEEP_P1,HAS_VOLUME,Platforms / Providers,普通子页面：用于稳定、长期、功能型或明确独立意图；围绕主题完整回答并链接核心页。,BUILD_P1
/seedance-2-5/platforms,SUBPAGE,P1,NEW,PLATFORM_HUB,/seedance-2-5;/seedance-2-5/api,Where to Use Seedance 2.5: Platforms & Providers,Seedance 2.5 Platforms & Providers,54,SECONDARY,seedance 2.5 wavespeed,seedance 2.5 wavespeed,CANONICAL,690,7,--,KEEP_P1,HAS_VOLUME,Platforms / Providers,普通子页面：用于稳定、长期、功能型或明确独立意图；围绕主题完整回答并链接核心页。,BUILD_P1
/seedance-2-5/platforms,SUBPAGE,P1,NEW,PLATFORM_HUB,/seedance-2-5;/seedance-2-5/api,Where to Use Seedance 2.5: Platforms & Providers,Seedance 2.5 Platforms & Providers,55,SECONDARY,seedance 2.5 promopt guide magnific ai,seedance 2.5 promopt guide magnific ai,CANONICAL,690,0,--,KEEP_P1,HAS_VOLUME,Platforms / Providers,普通子页面：用于稳定、长期、功能型或明确独立意图；围绕主题完整回答并链接核心页。,BUILD_P1
/seedance-2-5/platforms,SUBPAGE,P1,NEW,PLATFORM_HUB,/seedance-2-5;/seedance-2-5/api,Where to Use Seedance 2.5: Platforms & Providers,Seedance 2.5 Platforms & Providers,56,SECONDARY,byteplus modelark seedance 2.5,byteplus modelark seedance 2.5,CANONICAL,680,0,--,KEEP_P1,HAS_VOLUME,Platforms / Providers,普通子页面：用于稳定、长期、功能型或明确独立意图；围绕主题完整回答并链接核心页。,BUILD_P1
/seedance-2-5/platforms,SUBPAGE,P1,NEW,PLATFORM_HUB,/seedance-2-5;/seedance-2-5/api,Where to Use Seedance 2.5: Platforms & Providers,Seedance 2.5 Platforms & Providers,57,SECONDARY,can you use curse words on runway seedance 2.5,can you use curse words on runway seedance 2.5,CANONICAL,680,0,--,KEEP_P1,HAS_VOLUME,Platforms / Providers,普通子页面：用于稳定、长期、功能型或明确独立意图；围绕主题完整回答并链接核心页。,BUILD_P1
/seedance-2-5/platforms,SUBPAGE,P1,NEW,PLATFORM_HUB,/seedance-2-5;/seedance-2-5/api,Where to Use Seedance 2.5: Platforms & Providers,Seedance 2.5 Platforms & Providers,58,SECONDARY,is capcut pro's seedance 2.5 editing worth it and good enough for meta ads,is capcut pro's seedance 2.5 editing worth it and good enough for meta ads,CANONICAL,680,0,--,KEEP_P1,HAS_VOLUME,Platforms / Providers,普通子页面：用于稳定、长期、功能型或明确独立意图；围绕主题完整回答并链接核心页。,BUILD_P1
/seedance-2-5/platforms,SUBPAGE,P1,NEW,PLATFORM_HUB,/seedance-2-5;/seedance-2-5/api,Where to Use Seedance 2.5: Platforms & Providers,Seedance 2.5 Platforms & Providers,59,SECONDARY,usar seedance 2.5 en capcut,usar seedance 2.5 en capcut,CANONICAL,680,0,--,KEEP_P1,HAS_VOLUME,Platforms / Providers,普通子页面：用于稳定、长期、功能型或明确独立意图；围绕主题完整回答并链接核心页。,BUILD_P1
/seedance-2-5/platforms,SUBPAGE,P1,NEW,PLATFORM_HUB,/seedance-2-5;/seedance-2-5/api,Where to Use Seedance 2.5: Platforms & Providers,Seedance 2.5 Platforms & Providers,60,SECONDARY,quando esce su higgsfield seedance 25,quando esce su higgsfield seedance 25,CANONICAL,670,0,--,KEEP_P1,HAS_VOLUME,Platforms / Providers,普通子页面：用于稳定、长期、功能型或明确独立意图；围绕主题完整回答并链接核心页。,BUILD_P1
/seedance-2-5/platforms,SUBPAGE,P1,NEW,PLATFORM_HUB,/seedance-2-5;/seedance-2-5/api,Where to Use Seedance 2.5: Platforms & Providers,Seedance 2.5 Platforms & Providers,61,ZERO_VOLUME_SUPPORT,topview ai seedance 2.5,topview ai seedance 2.5,CANONICAL,0,96,--,KEEP_P2,ZERO_VOLUME_RELEVANT,Platforms / Providers,普通子页面：用于稳定、长期、功能型或明确独立意图；围绕主题完整回答并链接核心页。,BUILD_P1
/seedance-2-5/platforms,SUBPAGE,P1,NEW,PLATFORM_HUB,/seedance-2-5;/seedance-2-5/api,Where to Use Seedance 2.5: Platforms & Providers,Seedance 2.5 Platforms & Providers,62,ZERO_VOLUME_SUPPORT,is seedance 2.5 on fal now?,is seedance 2.5 on fal now?,CANONICAL,0,53,--,KEEP_P2,ZERO_VOLUME_RELEVANT,Platforms / Providers,普通子页面：用于稳定、长期、功能型或明确独立意图；围绕主题完整回答并链接核心页。,BUILD_P1
/seedance-2-5/platforms,SUBPAGE,P1,NEW,PLATFORM_HUB,/seedance-2-5;/seedance-2-5/api,Where to Use Seedance 2.5: Platforms & Providers,Seedance 2.5 Platforms & Providers,63,ZERO_VOLUME_SUPPORT,dreamina seedance 2.5 loova.ai,dreamina seedance 2.5 loova.ai,CANONICAL,0,44,61,KEEP_P2,ZERO_VOLUME_RELEVANT,Platforms / Providers,普通子页面：用于稳定、长期、功能型或明确独立意图；围绕主题完整回答并链接核心页。,BUILD_P1
/seedance-2-5/platforms,SUBPAGE,P1,NEW,PLATFORM_HUB,/seedance-2-5;/seedance-2-5/api,Where to Use Seedance 2.5: Platforms & Providers,Seedance 2.5 Platforms & Providers,64,ZERO_VOLUME_SUPPORT,when i seedance 2.5 on magnific,when i seedance 2.5 on magnific,CANONICAL,0,44,--,KEEP_P2,ZERO_VOLUME_RELEVANT,Platforms / Providers,普通子页面：用于稳定、长期、功能型或明确独立意图；围绕主题完整回答并链接核心页。,BUILD_P1
/seedance-2-5/platforms,SUBPAGE,P1,NEW,PLATFORM_HUB,/seedance-2-5;/seedance-2-5/api,Where to Use Seedance 2.5: Platforms & Providers,Seedance 2.5 Platforms & Providers,65,ZERO_VOLUME_SUPPORT,dreamina seedance 2.5 how many seconds,dreamina seedance 2.5 how many seconds,CANONICAL,0,40,--,KEEP_P2,ZERO_VOLUME_RELEVANT,Platforms / Providers,普通子页面：用于稳定、长期、功能型或明确独立意图；围绕主题完整回答并链接核心页。,BUILD_P1
/seedance-2-5/platforms,SUBPAGE,P1,NEW,PLATFORM_HUB,/seedance-2-5;/seedance-2-5/api,Where to Use Seedance 2.5: Platforms & Providers,Seedance 2.5 Platforms & Providers,66,ZERO_VOLUME_SUPPORT,sea art ai seedance 2.5,sea art ai seedance 2.5,CANONICAL,0,38,--,KEEP_P2,ZERO_VOLUME_RELEVANT,Platforms / Providers,普通子页面：用于稳定、长期、功能型或明确独立意图；围绕主题完整回答并链接核心页。,BUILD_P1
/seedance-2-5/platforms,SUBPAGE,P1,NEW,PLATFORM_HUB,/seedance-2-5;/seedance-2-5/api,Where to Use Seedance 2.5: Platforms & Providers,Seedance 2.5 Platforms & Providers,67,ZERO_VOLUME_SUPPORT,🚀 get ready! seedance 2.5 is almost here on capcut! 🔥 @capcutofficial ​,🚀 get ready! seedance 2.5 is almost here on capcut! 🔥 @capcutofficial ​,CANONICAL,0,37,--,KEEP_P2,ZERO_VOLUME_RELEVANT,Platforms / Providers,普通子页面：用于稳定、长期、功能型或明确独立意图；围绕主题完整回答并链接核心页。,BUILD_P1
/seedance-2-5/platforms,SUBPAGE,P1,NEW,PLATFORM_HUB,/seedance-2-5;/seedance-2-5/api,Where to Use Seedance 2.5: Platforms & Providers,Seedance 2.5 Platforms & Providers,68,ZERO_VOLUME_SUPPORT,when will seedance 2.5 come out on  higgsfield,when will seedance 2.5 come out on higgsfield,CANONICAL,0,21,--,KEEP_P2,ZERO_VOLUME_RELEVANT,Platforms / Providers,普通子页面：用于稳定、长期、功能型或明确独立意图；围绕主题完整回答并链接核心页。,BUILD_P1
/seedance-2-5/platforms,SUBPAGE,P1,NEW,PLATFORM_HUB,/seedance-2-5;/seedance-2-5/api,Where to Use Seedance 2.5: Platforms & Providers,Seedance 2.5 Platforms & Providers,69,ZERO_VOLUME_SUPPORT,byteplus console seedance 2.5,byteplus console seedance 2.5,CANONICAL,0,13,--,KEEP_P2,ZERO_VOLUME_RELEVANT,Platforms / Providers,普通子页面：用于稳定、长期、功能型或明确独立意图；围绕主题完整回答并链接核心页。,BUILD_P1
/seedance-2-5/platforms,SUBPAGE,P1,NEW,PLATFORM_HUB,/seedance-2-5;/seedance-2-5/api,Where to Use Seedance 2.5: Platforms & Providers,Seedance 2.5 Platforms & Providers,70,ZERO_VOLUME_SUPPORT,seedance 2.5 byteplus linkedin,seedance 2.5 byteplus linkedin,CANONICAL,0,13,--,KEEP_P2,ZERO_VOLUME_RELEVANT,Platforms / Providers,普通子页面：用于稳定、长期、功能型或明确独立意图；围绕主题完整回答并链接核心页。,BUILD_P1
/seedance-2-5/platforms,SUBPAGE,P1,NEW,PLATFORM_HUB,/seedance-2-5;/seedance-2-5/api,Where to Use Seedance 2.5: Platforms & Providers,Seedance 2.5 Platforms & Providers,71,ZERO_VOLUME_SUPPORT,2026 火山引擎 force 原动力大会 seedance2.5,2026 火山引擎 force 原动力大会 seedance2.5,CANONICAL,0,11,--,KEEP_P0,ZERO_VOLUME_RELEVANT,2.5 Core Hub,普通子页面：用于稳定、长期、功能型或明确独立意图；围绕主题完整回答并链接核心页。,BUILD_P1
/seedance-2-5/platforms,SUBPAGE,P1,NEW,PLATFORM_HUB,/seedance-2-5;/seedance-2-5/api,Where to Use Seedance 2.5: Platforms & Providers,Seedance 2.5 Platforms & Providers,72,ZERO_VOLUME_SUPPORT,higgsfield.ai seedance 2.5,higgsfield.ai seedance 2.5,CANONICAL,0,9,--,KEEP_P2,ZERO_VOLUME_RELEVANT,Platforms / Providers,普通子页面：用于稳定、长期、功能型或明确独立意图；围绕主题完整回答并链接核心页。,BUILD_P1
/seedance-2-5/platforms,SUBPAGE,P1,NEW,PLATFORM_HUB,/seedance-2-5;/seedance-2-5/api,Where to Use Seedance 2.5: Platforms & Providers,Seedance 2.5 Platforms & Providers,73,ZERO_VOLUME_SUPPORT,higgsfield seedance2.5,higgsfield seedance2.5,CANONICAL,0,0,--,KEEP_P2,ZERO_VOLUME_RELEVANT,Platforms / Providers,普通子页面：用于稳定、长期、功能型或明确独立意图；围绕主题完整回答并链接核心页。,BUILD_P1
/seedance-2-5/platforms,SUBPAGE,P1,NEW,PLATFORM_HUB,/seedance-2-5;/seedance-2-5/api,Where to Use Seedance 2.5: Platforms & Providers,Seedance 2.5 Platforms & Providers,74,ZERO_VOLUME_SUPPORT,豆包 seedance 2.5实测,豆包 seedance 2.5实测,CANONICAL,0,0,--,KEEP_P0,ZERO_VOLUME_RELEVANT,Homepage / Generic Seedance,普通子页面：用于稳定、长期、功能型或明确独立意图；围绕主题完整回答并链接核心页。,BUILD_P1
/seedance-2-5/reference-to-video,SUBPAGE,P1,NEW,WORKFLOW,/seedance-2-5;/seedance-2-5/api,"Seedance 2.5 Reference-to-Video: Workflow, Limits & Examples",Seedance 2.5 Reference-to-Video,1,PRIMARY,seedance 2.5 reference to video,seedance 2.5 reference to video,CANONICAL,400,26,--,KEEP_P2,HAS_VOLUME,2.5 Reference-to-Video,普通子页面：用于稳定、长期、功能型或明确独立意图；围绕主题完整回答并链接核心页。,BUILD_P1
/seedance-2-5/reference-to-video,SUBPAGE,P1,NEW,WORKFLOW,/seedance-2-5;/seedance-2-5/api,"Seedance 2.5 Reference-to-Video: Workflow, Limits & Examples",Seedance 2.5 Reference-to-Video,2,PRIMARY,seedance 2.5 change reference video style,seedance 2.5 change reference video style,CANONICAL,290,0,--,KEEP_P2,HAS_VOLUME,2.5 Reference-to-Video,普通子页面：用于稳定、长期、功能型或明确独立意图；围绕主题完整回答并链接核心页。,BUILD_P1
/seedance-2-5/reference-to-video,SUBPAGE,P1,NEW,WORKFLOW,/seedance-2-5;/seedance-2-5/api,"Seedance 2.5 Reference-to-Video: Workflow, Limits & Examples",Seedance 2.5 Reference-to-Video,3,PRIMARY,whats the max length a reference video can be for seedance 2.5,whats the max length a reference video can be for seedance 2.5,CANONICAL,290,0,--,KEEP_P2,HAS_VOLUME,2.5 Reference-to-Video,普通子页面：用于稳定、长期、功能型或明确独立意图；围绕主题完整回答并链接核心页。,BUILD_P1
/seedance-2-5/reference-to-video,SUBPAGE,P1,NEW,WORKFLOW,/seedance-2-5;/seedance-2-5/api,"Seedance 2.5 Reference-to-Video: Workflow, Limits & Examples",Seedance 2.5 Reference-to-Video,4,PRIMARY,seedance 2.5 avatar reference video,seedance 2.5 avatar reference video,CANONICAL,280,0,--,KEEP_P2,HAS_VOLUME,2.5 Reference-to-Video,普通子页面：用于稳定、长期、功能型或明确独立意图；围绕主题完整回答并链接核心页。,BUILD_P1
/seedance-2-5/reference-to-video,SUBPAGE,P1,NEW,WORKFLOW,/seedance-2-5;/seedance-2-5/api,"Seedance 2.5 Reference-to-Video: Workflow, Limits & Examples",Seedance 2.5 Reference-to-Video,5,PRIMARY,seedance 2 reference-to-video,seedance 2 reference-to-video,CANONICAL,230,0,--,KEEP_P0,HAS_VOLUME,Homepage / Generic Seedance,普通子页面：用于稳定、长期、功能型或明确独立意图；围绕主题完整回答并链接核心页。,BUILD_P1
/seedance-2-5/reference-to-video,SUBPAGE,P1,NEW,WORKFLOW,/seedance-2-5;/seedance-2-5/api,"Seedance 2.5 Reference-to-Video: Workflow, Limits & Examples",Seedance 2.5 Reference-to-Video,6,PRIMARY,how do reference images work in seedance 2.5,how do reference images work in seedance 2.5,CANONICAL,180,0,--,KEEP_P2,HAS_VOLUME,2.5 Reference-to-Video,普通子页面：用于稳定、长期、功能型或明确独立意图；围绕主题完整回答并链接核心页。,BUILD_P1
/seedance-2-5/reference-to-video,SUBPAGE,P1,NEW,WORKFLOW,/seedance-2-5;/seedance-2-5/api,"Seedance 2.5 Reference-to-Video: Workflow, Limits & Examples",Seedance 2.5 Reference-to-Video,7,PRIMARY,seedance 2 reference to video,seedance 2 reference to video,CANONICAL,60,58,--,KEEP_P0,HAS_VOLUME,Homepage / Generic Seedance,普通子页面：用于稳定、长期、功能型或明确独立意图；围绕主题完整回答并链接核心页。,BUILD_P1
/seedance-2-5/reference-to-video,SUBPAGE,P1,NEW,WORKFLOW,/seedance-2-5;/seedance-2-5/api,"Seedance 2.5 Reference-to-Video: Workflow, Limits & Examples",Seedance 2.5 Reference-to-Video,8,PRIMARY,seedance reference to video,seedance reference to video,CANONICAL,20,361,24,KEEP_P0,HAS_VOLUME,Homepage / Generic Seedance,普通子页面：用于稳定、长期、功能型或明确独立意图；围绕主题完整回答并链接核心页。,BUILD_P1
/seedance-2-5/reference-to-video,SUBPAGE,P1,NEW,WORKFLOW,/seedance-2-5;/seedance-2-5/api,"Seedance 2.5 Reference-to-Video: Workflow, Limits & Examples",Seedance 2.5 Reference-to-Video,9,SECONDARY,how to use reference to video seedance 2.0,how to use reference to video seedance 2.0,CANONICAL,10,35,--,KEEP_P0,HAS_VOLUME,How to Use / Tutorial,普通子页面：用于稳定、长期、功能型或明确独立意图；围绕主题完整回答并链接核心页。,BUILD_P1
/seedance-2-5/reference-to-video,SUBPAGE,P1,NEW,WORKFLOW,/seedance-2-5;/seedance-2-5/api,"Seedance 2.5 Reference-to-Video: Workflow, Limits & Examples",Seedance 2.5 Reference-to-Video,10,ZERO_VOLUME_SUPPORT,seedance reference video,seedance reference video,CANONICAL,0,76,--,KEEP_P0,ZERO_VOLUME_RELEVANT,Homepage / Generic Seedance,普通子页面：用于稳定、长期、功能型或明确独立意图；围绕主题完整回答并链接核心页。,BUILD_P1
/seedance-2-5/reference-to-video,SUBPAGE,P1,NEW,WORKFLOW,/seedance-2-5;/seedance-2-5/api,"Seedance 2.5 Reference-to-Video: Workflow, Limits & Examples",Seedance 2.5 Reference-to-Video,11,ZERO_VOLUME_SUPPORT,how to reference a reference video in seedance prompt,how to reference a reference video in seedance prompt,CANONICAL,0,69,5,KEEP_P2,ZERO_VOLUME_RELEVANT,Generic Prompts,普通子页面：用于稳定、长期、功能型或明确独立意图；围绕主题完整回答并链接核心页。,BUILD_P1
/seedance-2-5/reference-to-video,SUBPAGE,P1,NEW,WORKFLOW,/seedance-2-5;/seedance-2-5/api,"Seedance 2.5 Reference-to-Video: Workflow, Limits & Examples",Seedance 2.5 Reference-to-Video,12,ZERO_VOLUME_SUPPORT,seedance how to change a video can you have a reference video input,seedance how to change a video can you have a reference video input,CANONICAL,0,42,--,KEEP_P0,ZERO_VOLUME_RELEVANT,Homepage / Generic Seedance,普通子页面：用于稳定、长期、功能型或明确独立意图；围绕主题完整回答并链接核心页。,BUILD_P1
/seedance-2-5/reference-to-video,SUBPAGE,P1,NEW,WORKFLOW,/seedance-2-5;/seedance-2-5/api,"Seedance 2.5 Reference-to-Video: Workflow, Limits & Examples",Seedance 2.5 Reference-to-Video,13,ZERO_VOLUME_SUPPORT,seedance 2.0 fight scene tutorial reference video,seedance 2.0 fight scene tutorial reference video,CANONICAL,0,39,1,KEEP_P0,ZERO_VOLUME_RELEVANT,How to Use / Tutorial,普通子页面：用于稳定、长期、功能型或明确独立意图；围绕主题完整回答并链接核心页。,BUILD_P1
/seedance-2-5/reference-to-video,SUBPAGE,P1,NEW,WORKFLOW,/seedance-2-5;/seedance-2-5/api,"Seedance 2.5 Reference-to-Video: Workflow, Limits & Examples",Seedance 2.5 Reference-to-Video,14,ZERO_VOLUME_SUPPORT,seedance 2 reference video how it works,seedance 2 reference video how it works,CANONICAL,0,32,--,KEEP_P0,ZERO_VOLUME_RELEVANT,Homepage / Generic Seedance,普通子页面：用于稳定、长期、功能型或明确独立意图；围绕主题完整回答并链接核心页。,BUILD_P1
/seedance-2-5/reference-to-video,SUBPAGE,P1,NEW,WORKFLOW,/seedance-2-5;/seedance-2-5/api,"Seedance 2.5 Reference-to-Video: Workflow, Limits & Examples",Seedance 2.5 Reference-to-Video,15,ZERO_VOLUME_SUPPORT,laozhang.ai reference to video seedance 2.0,laozhang.ai reference to video seedance 2.0,CANONICAL,0,20,--,KEEP_P0,ZERO_VOLUME_RELEVANT,2.0 Core / Generator,普通子页面：用于稳定、长期、功能型或明确独立意图；围绕主题完整回答并链接核心页。,BUILD_P1
/seedance-2-5/reference-to-video,SUBPAGE,P1,NEW,WORKFLOW,/seedance-2-5;/seedance-2-5/api,"Seedance 2.5 Reference-to-Video: Workflow, Limits & Examples",Seedance 2.5 Reference-to-Video,16,ZERO_VOLUME_SUPPORT,fal.ai seedance 2.0 reference to video,fal.ai seedance 2.0 reference to video,CANONICAL,0,16,--,KEEP_P0,ZERO_VOLUME_RELEVANT,Platforms / Providers,普通子页面：用于稳定、长期、功能型或明确独立意图；围绕主题完整回答并链接核心页。,BUILD_P1
/seedance-2-5/reference-to-video,SUBPAGE,P1,NEW,WORKFLOW,/seedance-2-5;/seedance-2-5/api,"Seedance 2.5 Reference-to-Video: Workflow, Limits & Examples",Seedance 2.5 Reference-to-Video,17,ZERO_VOLUME_SUPPORT,fal ai seedance-2.0/reference-to-video document,fal ai seedance-2.0/reference-to-video document,CANONICAL,0,15,--,KEEP_P2,ZERO_VOLUME_RELEVANT,Platforms / Providers,普通子页面：用于稳定、长期、功能型或明确独立意图；围绕主题完整回答并链接核心页。,BUILD_P1
/seedance-2-5/reference-to-video,SUBPAGE,P1,NEW,WORKFLOW,/seedance-2-5;/seedance-2-5/api,"Seedance 2.5 Reference-to-Video: Workflow, Limits & Examples",Seedance 2.5 Reference-to-Video,18,ZERO_VOLUME_SUPPORT,seedance 2.0 reference to video wave speed.,seedance 2.0 reference to video wave speed.,CANONICAL,0,9,--,KEEP_P0,ZERO_VOLUME_RELEVANT,2.0 Core / Generator,普通子页面：用于稳定、长期、功能型或明确独立意图；围绕主题完整回答并链接核心页。,BUILD_P1
/seedance-examples,SUBPAGE,P1,NEW,EXAMPLES,/;/seedance-2-0,Seedance Examples: AI Video Showcase & Prompt Ideas,Seedance Examples,1,PRIMARY,seedance showcase,seedance showcase,CANONICAL,1230,58,--,KEEP_P1,HAS_VOLUME,Examples / Showcase,普通子页面：用于稳定、长期、功能型或明确独立意图；围绕主题完整回答并链接核心页。,BUILD_P1
/seedance-examples,SUBPAGE,P1,NEW,EXAMPLES,/;/seedance-2-0,Seedance Examples: AI Video Showcase & Prompt Ideas,Seedance Examples,2,PRIMARY,seedance 2.0 examples,seedance 2.0 examples,CANONICAL,980,566,21,KEEP_P2,HAS_VOLUME,Examples / Showcase,普通子页面：用于稳定、长期、功能型或明确独立意图；围绕主题完整回答并链接核心页。,BUILD_P1
/seedance-examples,SUBPAGE,P1,NEW,EXAMPLES,/;/seedance-2-0,Seedance Examples: AI Video Showcase & Prompt Ideas,Seedance Examples,3,PRIMARY,seedance cinematic examples,seedance cinematic examples,CANONICAL,720,0,--,KEEP_P2,HAS_VOLUME,Examples / Showcase,普通子页面：用于稳定、长期、功能型或明确独立意图；围绕主题完整回答并链接核心页。,BUILD_P1
/seedance-examples,SUBPAGE,P1,NEW,EXAMPLES,/;/seedance-2-0,Seedance Examples: AI Video Showcase & Prompt Ideas,Seedance Examples,4,PRIMARY,seedance 2.0 positive constraint examples,seedance 2.0 positive constraint examples,CANONICAL,350,128,33,KEEP_P2,HAS_VOLUME,Examples / Showcase,普通子页面：用于稳定、长期、功能型或明确独立意图；围绕主题完整回答并链接核心页。,BUILD_P1
/seedance-examples,SUBPAGE,P1,NEW,EXAMPLES,/;/seedance-2-0,Seedance Examples: AI Video Showcase & Prompt Ideas,Seedance Examples,5,PRIMARY,heygen seedance 2 video examples,heygen seedance 2 video examples,CANONICAL,310,0,--,KEEP_P2,HAS_VOLUME,Examples / Showcase,普通子页面：用于稳定、长期、功能型或明确独立意图；围绕主题完整回答并链接核心页。,BUILD_P1
/seedance-examples,SUBPAGE,P1,NEW,EXAMPLES,/;/seedance-2-0,Seedance Examples: AI Video Showcase & Prompt Ideas,Seedance Examples,6,PRIMARY,seedance 2.0 prompt example,seedance 2.0 prompt example,CANONICAL,270,139,7,KEEP_P0,HAS_VOLUME,2.0 Prompts,普通子页面：用于稳定、长期、功能型或明确独立意图；围绕主题完整回答并链接核心页。,BUILD_P1
/seedance-examples,SUBPAGE,P1,NEW,EXAMPLES,/;/seedance-2-0,Seedance Examples: AI Video Showcase & Prompt Ideas,Seedance Examples,7,PRIMARY,bytedance: seedance 1.5 pro video generation example demo,bytedance: seedance 1.5 pro video generation example demo,CANONICAL,270,0,--,KEEP_P2,HAS_VOLUME,Examples / Showcase,普通子页面：用于稳定、长期、功能型或明确独立意图；围绕主题完整回答并链接核心页。,BUILD_P1
/seedance-examples,SUBPAGE,P1,NEW,EXAMPLES,/;/seedance-2-0,Seedance Examples: AI Video Showcase & Prompt Ideas,Seedance Examples,8,PRIMARY,seedance 2.0 example,seedance 2.0 example,CANONICAL,230,115,--,KEEP_P2,HAS_VOLUME,Examples / Showcase,普通子页面：用于稳定、长期、功能型或明确独立意图；围绕主题完整回答并链接核心页。,BUILD_P1
/seedance-examples,SUBPAGE,P1,NEW,EXAMPLES,/;/seedance-2-0,Seedance Examples: AI Video Showcase & Prompt Ideas,Seedance Examples,9,SECONDARY,seedance 2.0 ai video examples,seedance 2.0 ai video examples,CANONICAL,170,387,73,KEEP_P2,HAS_VOLUME,Examples / Showcase,普通子页面：用于稳定、长期、功能型或明确独立意图；围绕主题完整回答并链接核心页。,BUILD_P1
/seedance-examples,SUBPAGE,P1,NEW,EXAMPLES,/;/seedance-2-0,Seedance Examples: AI Video Showcase & Prompt Ideas,Seedance Examples,10,SECONDARY,seedance-2-5-demo,seedance-2-5-demo,CANONICAL,170,0,--,KEEP_P2,HAS_VOLUME,Examples / Showcase,普通子页面：用于稳定、长期、功能型或明确独立意图；围绕主题完整回答并链接核心页。,BUILD_P1
/seedance-examples,SUBPAGE,P1,NEW,EXAMPLES,/;/seedance-2-0,Seedance Examples: AI Video Showcase & Prompt Ideas,Seedance Examples,11,SECONDARY,seedance 1.0 pro fast prompt examples,seedance 1.0 pro fast prompt examples,CANONICAL,140,26,--,KEEP_P1,HAS_VOLUME,Generic Prompts,普通子页面：用于稳定、长期、功能型或明确独立意图；围绕主题完整回答并链接核心页。,BUILD_P1
/seedance-examples,SUBPAGE,P1,NEW,EXAMPLES,/;/seedance-2-0,Seedance Examples: AI Video Showcase & Prompt Ideas,Seedance Examples,12,SECONDARY,prompts seedance with examples,prompts seedance with examples,CANONICAL,130,0,--,KEEP_P1,HAS_VOLUME,Generic Prompts,普通子页面：用于稳定、长期、功能型或明确独立意图；围绕主题完整回答并链接核心页。,BUILD_P1
/seedance-examples,SUBPAGE,P1,NEW,EXAMPLES,/;/seedance-2-0,Seedance Examples: AI Video Showcase & Prompt Ideas,Seedance Examples,13,SECONDARY,seedance product swap example,seedance product swap example,CANONICAL,110,33,--,KEEP_P2,HAS_VOLUME,Examples / Showcase,普通子页面：用于稳定、长期、功能型或明确独立意图；围绕主题完整回答并链接核心页。,BUILD_P1
/seedance-examples,SUBPAGE,P1,NEW,EXAMPLES,/;/seedance-2-0,Seedance Examples: AI Video Showcase & Prompt Ideas,Seedance Examples,14,SECONDARY,seedance prompt examples,seedance prompt examples,CANONICAL,90,430,--,KEEP_P1,HAS_VOLUME,Generic Prompts,普通子页面：用于稳定、长期、功能型或明确独立意图；围绕主题完整回答并链接核心页。,BUILD_P1
/seedance-examples,SUBPAGE,P1,NEW,EXAMPLES,/;/seedance-2-0,Seedance Examples: AI Video Showcase & Prompt Ideas,Seedance Examples,15,SECONDARY,seedance demo,seedance demo,CANONICAL,60,182,--,KEEP_P2,HAS_VOLUME,Examples / Showcase,普通子页面：用于稳定、长期、功能型或明确独立意图；围绕主题完整回答并链接核心页。,BUILD_P1
/seedance-examples,SUBPAGE,P1,NEW,EXAMPLES,/;/seedance-2-0,Seedance Examples: AI Video Showcase & Prompt Ideas,Seedance Examples,16,SECONDARY,can seedance be used to generate demo videos of app,can seedance be used to generate demo videos of app,CANONICAL,60,0,--,KEEP_P2,HAS_VOLUME,Examples / Showcase,普通子页面：用于稳定、长期、功能型或明确独立意图；围绕主题完整回答并链接核心页。,BUILD_P1
/seedance-examples,SUBPAGE,P1,NEW,EXAMPLES,/;/seedance-2-0,Seedance Examples: AI Video Showcase & Prompt Ideas,Seedance Examples,17,ZERO_VOLUME_SUPPORT,how to download video demo for seedance,how to download video demo for seedance,CANONICAL,0,63,30,KEEP_P2,ZERO_VOLUME_RELEVANT,Examples / Showcase,普通子页面：用于稳定、长期、功能型或明确独立意图；围绕主题完整回答并链接核心页。,BUILD_P1
/seedance-examples,SUBPAGE,P1,NEW,EXAMPLES,/;/seedance-2-0,Seedance Examples: AI Video Showcase & Prompt Ideas,Seedance Examples,18,ZERO_VOLUME_SUPPORT,seedance video products example video,seedance video products example video,CANONICAL,0,39,--,KEEP_P2,ZERO_VOLUME_RELEVANT,Examples / Showcase,普通子页面：用于稳定、长期、功能型或明确独立意图；围绕主题完整回答并链接核心页。,BUILD_P1
/seedance-examples,SUBPAGE,P1,NEW,EXAMPLES,/;/seedance-2-0,Seedance Examples: AI Video Showcase & Prompt Ideas,Seedance Examples,19,ZERO_VOLUME_SUPPORT,seedance 2 demo,seedance 2 demo,CANONICAL,0,35,--,KEEP_P2,ZERO_VOLUME_RELEVANT,Examples / Showcase,普通子页面：用于稳定、长期、功能型或明确独立意图；围绕主题完整回答并链接核心页。,BUILD_P1
/seedance-examples,SUBPAGE,P1,NEW,EXAMPLES,/;/seedance-2-0,Seedance Examples: AI Video Showcase & Prompt Ideas,Seedance Examples,20,ZERO_VOLUME_SUPPORT,小云雀 seedance 2.0 实测案例,小云雀 seedance 2.0 实测案例,CANONICAL,0,34,--,KEEP_P0,ZERO_VOLUME_RELEVANT,2.0 Core / Generator,普通子页面：用于稳定、长期、功能型或明确独立意图；围绕主题完整回答并链接核心页。,BUILD_P1
/seedance-examples,SUBPAGE,P1,NEW,EXAMPLES,/;/seedance-2-0,Seedance Examples: AI Video Showcase & Prompt Ideas,Seedance Examples,21,TYPO_SUPPORT,mobile app demo seeddance,mobile app demo seedance,TYPO,0,23,--,KEEP_P2,ZERO_VOLUME_RELEVANT,Examples / Showcase,普通子页面：用于稳定、长期、功能型或明确独立意图；围绕主题完整回答并链接核心页。,BUILD_P1
/seedance-examples,SUBPAGE,P1,NEW,EXAMPLES,/;/seedance-2-0,Seedance Examples: AI Video Showcase & Prompt Ideas,Seedance Examples,22,ZERO_VOLUME_SUPPORT,seedance demo video,seedance demo video,CANONICAL,0,23,--,KEEP_P2,ZERO_VOLUME_RELEVANT,Examples / Showcase,普通子页面：用于稳定、长期、功能型或明确独立意图；围绕主题完整回答并链接核心页。,BUILD_P1
/seedance-examples,SUBPAGE,P1,NEW,EXAMPLES,/;/seedance-2-0,Seedance Examples: AI Video Showcase & Prompt Ideas,Seedance Examples,23,ZERO_VOLUME_SUPPORT,bytedance seedance 2.0 video generation prompt examples,bytedance seedance 2.0 video generation prompt examples,CANONICAL,0,22,--,KEEP_P0,ZERO_VOLUME_RELEVANT,2.0 Prompts,普通子页面：用于稳定、长期、功能型或明确独立意图；围绕主题完整回答并链接核心页。,BUILD_P1
/seedance-examples,SUBPAGE,P1,NEW,EXAMPLES,/;/seedance-2-0,Seedance Examples: AI Video Showcase & Prompt Ideas,Seedance Examples,24,ZERO_VOLUME_SUPPORT,seedance 2.0 inspiration examples,seedance 2.0 inspiration examples,CANONICAL,0,22,--,KEEP_P2,ZERO_VOLUME_RELEVANT,Examples / Showcase,普通子页面：用于稳定、长期、功能型或明确独立意图；围绕主题完整回答并链接核心页。,BUILD_P1
/seedance-examples,SUBPAGE,P1,NEW,EXAMPLES,/;/seedance-2-0,Seedance Examples: AI Video Showcase & Prompt Ideas,Seedance Examples,25,ZERO_VOLUME_SUPPORT,seedance 2.0 inspiration examples car dealership,seedance 2.0 inspiration examples car dealership,CANONICAL,0,22,--,KEEP_P2,ZERO_VOLUME_RELEVANT,Examples / Showcase,普通子页面：用于稳定、长期、功能型或明确独立意图；围绕主题完整回答并链接核心页。,BUILD_P1
/seedance-examples,SUBPAGE,P1,NEW,EXAMPLES,/;/seedance-2-0,Seedance Examples: AI Video Showcase & Prompt Ideas,Seedance Examples,26,ZERO_VOLUME_SUPPORT,promt demo seedance,promt demo seedance,CANONICAL,0,18,--,KEEP_P2,ZERO_VOLUME_RELEVANT,Examples / Showcase,普通子页面：用于稳定、长期、功能型或明确独立意图；围绕主题完整回答并链接核心页。,BUILD_P1
/seedance-examples,SUBPAGE,P1,NEW,EXAMPLES,/;/seedance-2-0,Seedance Examples: AI Video Showcase & Prompt Ideas,Seedance Examples,27,ZERO_VOLUME_SUPPORT,lip sync seedance 2.0 model examples,lip sync seedance 2.0 model examples,CANONICAL,0,5,--,KEEP_P2,ZERO_VOLUME_RELEVANT,Examples / Showcase,普通子页面：用于稳定、长期、功能型或明确独立意图；围绕主题完整回答并链接核心页。,BUILD_P1
/seedance-examples,SUBPAGE,P1,NEW,EXAMPLES,/;/seedance-2-0,Seedance Examples: AI Video Showcase & Prompt Ideas,Seedance Examples,28,ZERO_VOLUME_SUPPORT,seedance2 视频案例,seedance2 视频案例,CANONICAL,0,5,--,KEEP_P2,ZERO_VOLUME_RELEVANT,Other / Contextual,普通子页面：用于稳定、长期、功能型或明确独立意图；围绕主题完整回答并链接核心页。,BUILD_P1
/seedance-examples,SUBPAGE,P1,NEW,EXAMPLES,/;/seedance-2-0,Seedance Examples: AI Video Showcase & Prompt Ideas,Seedance Examples,29,ZERO_VOLUME_SUPPORT,seedance 2.0提示词案例,seedance 2.0提示词案例,CANONICAL,0,0,--,KEEP_P0,ZERO_VOLUME_RELEVANT,Homepage / Generic Seedance,普通子页面：用于稳定、长期、功能型或明确独立意图；围绕主题完整回答并链接核心页。,BUILD_P1
/seedance/open-source,SUBPAGE,P1,NEW,SEO_SUBPAGE,/seedance-api;/seedance/versions,"Is Seedance Open Source? GitHub, Hugging Face, ComfyUI & Local Use",Is Seedance Open Source?,1,PRIMARY,is seedance 2.0 open source,is seedance 2.0 open source,CANONICAL,4010,2330,51,KEEP_P1,HAS_VOLUME,Open Source / Local / Ecosystem,普通子页面：用于稳定、长期、功能型或明确独立意图；围绕主题完整回答并链接核心页。,BUILD_P1
/seedance/open-source,SUBPAGE,P1,NEW,SEO_SUBPAGE,/seedance-api;/seedance/versions,"Is Seedance Open Source? GitHub, Hugging Face, ComfyUI & Local Use",Is Seedance Open Source?,2,PRIMARY,is seedance 2.5 open source,is seedance 2.5 open source,CANONICAL,4000,17,--,KEEP_P1,HAS_VOLUME,Open Source / Local / Ecosystem,普通子页面：用于稳定、长期、功能型或明确独立意图；围绕主题完整回答并链接核心页。,BUILD_P1
/seedance/open-source,SUBPAGE,P1,NEW,SEO_SUBPAGE,/seedance-api;/seedance/versions,"Is Seedance Open Source? GitHub, Hugging Face, ComfyUI & Local Use",Is Seedance Open Source?,3,PRIMARY,seedance open source,seedance open source,CANONICAL,3720,1815,41,KEEP_P1,HAS_VOLUME,Open Source / Local / Ecosystem,普通子页面：用于稳定、长期、功能型或明确独立意图；围绕主题完整回答并链接核心页。,BUILD_P1
/seedance/open-source,SUBPAGE,P1,NEW,SEO_SUBPAGE,/seedance-api;/seedance/versions,"Is Seedance Open Source? GitHub, Hugging Face, ComfyUI & Local Use",Is Seedance Open Source?,4,PRIMARY,seedance 2.5 huggingface,seedance 2.5 huggingface,CANONICAL,3610,0,--,KEEP_P1,HAS_VOLUME,Open Source / Local / Ecosystem,普通子页面：用于稳定、长期、功能型或明确独立意图；围绕主题完整回答并链接核心页。,BUILD_P1
/seedance/open-source,SUBPAGE,P1,NEW,SEO_SUBPAGE,/seedance-api;/seedance/versions,"Is Seedance Open Source? GitHub, Hugging Face, ComfyUI & Local Use",Is Seedance Open Source?,5,PRIMARY,seedance 2.5 open source,seedance 2.5 open source,CANONICAL,3170,79,35,KEEP_P1,HAS_VOLUME,Open Source / Local / Ecosystem,普通子页面：用于稳定、长期、功能型或明确独立意图；围绕主题完整回答并链接核心页。,BUILD_P1
/seedance/open-source,SUBPAGE,P1,NEW,SEO_SUBPAGE,/seedance-api;/seedance/versions,"Is Seedance Open Source? GitHub, Hugging Face, ComfyUI & Local Use",Is Seedance Open Source?,6,PRIMARY,is seedance open source,is seedance open source,CANONICAL,3040,1574,38,KEEP_P1,HAS_VOLUME,Open Source / Local / Ecosystem,普通子页面：用于稳定、长期、功能型或明确独立意图；围绕主题完整回答并链接核心页。,BUILD_P1
/seedance/open-source,SUBPAGE,P1,NEW,SEO_SUBPAGE,/seedance-api;/seedance/versions,"Is Seedance Open Source? GitHub, Hugging Face, ComfyUI & Local Use",Is Seedance Open Source?,7,PRIMARY,seedance 2.0 open source,seedance 2.0 open source,CANONICAL,2990,2310,48,KEEP_P1,HAS_VOLUME,Open Source / Local / Ecosystem,普通子页面：用于稳定、长期、功能型或明确独立意图；围绕主题完整回答并链接核心页。,BUILD_P1
/seedance/open-source,SUBPAGE,P1,NEW,SEO_SUBPAGE,/seedance-api;/seedance/versions,"Is Seedance Open Source? GitHub, Hugging Face, ComfyUI & Local Use",Is Seedance Open Source?,8,PRIMARY,seedance 2 open source,seedance 2 open source,CANONICAL,1830,374,--,KEEP_P1,HAS_VOLUME,Open Source / Local / Ecosystem,普通子页面：用于稳定、长期、功能型或明确独立意图；围绕主题完整回答并链接核心页。,BUILD_P1
/seedance/open-source,SUBPAGE,P1,NEW,SEO_SUBPAGE,/seedance-api;/seedance/versions,"Is Seedance Open Source? GitHub, Hugging Face, ComfyUI & Local Use",Is Seedance Open Source?,9,SECONDARY,seedance 2.5 comfyui,seedance 2.5 comfyui,CANONICAL,1520,0,--,KEEP_P1,HAS_VOLUME,Open Source / Local / Ecosystem,普通子页面：用于稳定、长期、功能型或明确独立意图；围绕主题完整回答并链接核心页。,BUILD_P1
/seedance/open-source,SUBPAGE,P1,NEW,SEO_SUBPAGE,/seedance-api;/seedance/versions,"Is Seedance Open Source? GitHub, Hugging Face, ComfyUI & Local Use",Is Seedance Open Source?,10,SECONDARY,seedance 2.0 huggingface,seedance 2.0 huggingface,CANONICAL,1440,1489,36,KEEP_P1,HAS_VOLUME,Open Source / Local / Ecosystem,普通子页面：用于稳定、长期、功能型或明确独立意图；围绕主题完整回答并链接核心页。,BUILD_P1
/seedance/open-source,SUBPAGE,P1,NEW,SEO_SUBPAGE,/seedance-api;/seedance/versions,"Is Seedance Open Source? GitHub, Hugging Face, ComfyUI & Local Use",Is Seedance Open Source?,11,SECONDARY,seedance 2.0 github,seedance 2.0 github,CANONICAL,1400,1468,18,KEEP_P1,HAS_VOLUME,Open Source / Local / Ecosystem,普通子页面：用于稳定、长期、功能型或明确独立意图；围绕主题完整回答并链接核心页。,BUILD_P1
/seedance/open-source,SUBPAGE,P1,NEW,SEO_SUBPAGE,/seedance-api;/seedance/versions,"Is Seedance Open Source? GitHub, Hugging Face, ComfyUI & Local Use",Is Seedance Open Source?,12,SECONDARY,seedance 2.0 comfyui,seedance 2.0 comfyui,CANONICAL,1340,2250,1,KEEP_P1,HAS_VOLUME,Open Source / Local / Ecosystem,普通子页面：用于稳定、长期、功能型或明确独立意图；围绕主题完整回答并链接核心页。,BUILD_P1
/seedance/open-source,SUBPAGE,P1,NEW,SEO_SUBPAGE,/seedance-api;/seedance/versions,"Is Seedance Open Source? GitHub, Hugging Face, ComfyUI & Local Use",Is Seedance Open Source?,13,SECONDARY,seedance alternative open source,seedance alternative open source,CANONICAL,1310,68,--,KEEP_P1,HAS_VOLUME,Open Source / Local / Ecosystem,普通子页面：用于稳定、长期、功能型或明确独立意图；围绕主题完整回答并链接核心页。,BUILD_P1
/seedance/open-source,SUBPAGE,P1,NEW,SEO_SUBPAGE,/seedance-api;/seedance/versions,"Is Seedance Open Source? GitHub, Hugging Face, ComfyUI & Local Use",Is Seedance Open Source?,14,SECONDARY,seedance github,seedance github,CANONICAL,1300,654,13,KEEP_P1,HAS_VOLUME,Open Source / Local / Ecosystem,普通子页面：用于稳定、长期、功能型或明确独立意图；围绕主题完整回答并链接核心页。,BUILD_P1
/seedance/open-source,SUBPAGE,P1,NEW,SEO_SUBPAGE,/seedance-api;/seedance/versions,"Is Seedance Open Source? GitHub, Hugging Face, ComfyUI & Local Use",Is Seedance Open Source?,15,SECONDARY,github emily2040 seedance 2.0,github emily2040 seedance 2.0,CANONICAL,1060,26,--,KEEP_P1,HAS_VOLUME,Open Source / Local / Ecosystem,普通子页面：用于稳定、长期、功能型或明确独立意图；围绕主题完整回答并链接核心页。,BUILD_P1
/seedance/open-source,SUBPAGE,P1,NEW,SEO_SUBPAGE,/seedance-api;/seedance/versions,"Is Seedance Open Source? GitHub, Hugging Face, ComfyUI & Local Use",Is Seedance Open Source?,16,SECONDARY,quantos gb de vram precios para rodar seedance 2.5 no comfyui?,quantos gb de vram precios para rodar seedance 2.5 no comfyui?,CANONICAL,1000,0,--,KEEP_P1,HAS_VOLUME,Open Source / Local / Ecosystem,普通子页面：用于稳定、长期、功能型或明确独立意图；围绕主题完整回答并链接核心页。,BUILD_P1
/seedance/open-source,SUBPAGE,P1,NEW,SEO_SUBPAGE,/seedance-api;/seedance/versions,"Is Seedance Open Source? GitHub, Hugging Face, ComfyUI & Local Use",Is Seedance Open Source?,17,SECONDARY,seedance huggingface,seedance huggingface,CANONICAL,980,863,--,KEEP_P2,HAS_VOLUME,Open Source / Local / Ecosystem,普通子页面：用于稳定、长期、功能型或明确独立意图；围绕主题完整回答并链接核心页。,BUILD_P1
/seedance/open-source,SUBPAGE,P1,NEW,SEO_SUBPAGE,/seedance-api;/seedance/versions,"Is Seedance Open Source? GitHub, Hugging Face, ComfyUI & Local Use",Is Seedance Open Source?,18,SECONDARY,seedance local model,seedance local model,CANONICAL,860,32,--,KEEP_P2,HAS_VOLUME,Open Source / Local / Ecosystem,普通子页面：用于稳定、长期、功能型或明确独立意图；围绕主题完整回答并链接核心页。,BUILD_P1
/seedance/open-source,SUBPAGE,P1,NEW,SEO_SUBPAGE,/seedance-api;/seedance/versions,"Is Seedance Open Source? GitHub, Hugging Face, ComfyUI & Local Use",Is Seedance Open Source?,19,SECONDARY,comfyui seedance,comfyui seedance,CANONICAL,810,630,--,KEEP_P2,HAS_VOLUME,Open Source / Local / Ecosystem,普通子页面：用于稳定、长期、功能型或明确独立意图；围绕主题完整回答并链接核心页。,BUILD_P1
/seedance/open-source,SUBPAGE,P1,NEW,SEO_SUBPAGE,/seedance-api;/seedance/versions,"Is Seedance Open Source? GitHub, Hugging Face, ComfyUI & Local Use",Is Seedance Open Source?,20,SECONDARY,seedance 2.5 github,seedance 2.5 github,CANONICAL,810,0,--,KEEP_P2,HAS_VOLUME,Open Source / Local / Ecosystem,普通子页面：用于稳定、长期、功能型或明确独立意图；围绕主题完整回答并链接核心页。,BUILD_P1
/seedance/open-source,SUBPAGE,P1,NEW,SEO_SUBPAGE,/seedance-api;/seedance/versions,"Is Seedance Open Source? GitHub, Hugging Face, ComfyUI & Local Use",Is Seedance Open Source?,21,SECONDARY,hugging face seedance,hugging face seedance,CANONICAL,780,86,--,KEEP_P2,HAS_VOLUME,Open Source / Local / Ecosystem,普通子页面：用于稳定、长期、功能型或明确独立意图；围绕主题完整回答并链接核心页。,BUILD_P1
/seedance/open-source,SUBPAGE,P1,NEW,SEO_SUBPAGE,/seedance-api;/seedance/versions,"Is Seedance Open Source? GitHub, Hugging Face, ComfyUI & Local Use",Is Seedance Open Source?,22,SECONDARY,comfyui seedance 2.0,comfyui seedance 2.0,CANONICAL,760,1159,1,KEEP_P1,HAS_VOLUME,Open Source / Local / Ecosystem,普通子页面：用于稳定、长期、功能型或明确独立意图；围绕主题完整回答并链接核心页。,BUILD_P1
/seedance/open-source,SUBPAGE,P1,NEW,SEO_SUBPAGE,/seedance-api;/seedance/versions,"Is Seedance Open Source? GitHub, Hugging Face, ComfyUI & Local Use",Is Seedance Open Source?,23,SECONDARY,seedance on comfyui,seedance on comfyui,CANONICAL,740,0,--,KEEP_P2,HAS_VOLUME,Open Source / Local / Ecosystem,普通子页面：用于稳定、长期、功能型或明确独立意图；围绕主题完整回答并链接核心页。,BUILD_P1
/seedance/open-source,SUBPAGE,P1,NEW,SEO_SUBPAGE,/seedance-api;/seedance/versions,"Is Seedance Open Source? GitHub, Hugging Face, ComfyUI & Local Use",Is Seedance Open Source?,24,SECONDARY,seedance 2 huggingface,seedance 2 huggingface,CANONICAL,710,268,--,KEEP_P2,HAS_VOLUME,Open Source / Local / Ecosystem,普通子页面：用于稳定、长期、功能型或明确独立意图；围绕主题完整回答并链接核心页。,BUILD_P1
/seedance/open-source,SUBPAGE,P1,NEW,SEO_SUBPAGE,/seedance-api;/seedance/versions,"Is Seedance Open Source? GitHub, Hugging Face, ComfyUI & Local Use",Is Seedance Open Source?,25,SECONDARY,seedance2 model download,seedance2 model download,CANONICAL,700,24,--,KEEP_P2,HAS_VOLUME,Open Source / Local / Ecosystem,普通子页面：用于稳定、长期、功能型或明确独立意图；围绕主题完整回答并链接核心页。,BUILD_P1
/seedance/open-source,SUBPAGE,P1,NEW,SEO_SUBPAGE,/seedance-api;/seedance/versions,"Is Seedance Open Source? GitHub, Hugging Face, ComfyUI & Local Use",Is Seedance Open Source?,26,TYPO_SUPPORT,is seed dance 2.5 open source,is seedance 2.5 open source,TYPO,680,17,--,KEEP_P2,HAS_VOLUME,Open Source / Local / Ecosystem,普通子页面：用于稳定、长期、功能型或明确独立意图；围绕主题完整回答并链接核心页。,BUILD_P1
/seedance/open-source,SUBPAGE,P1,NEW,SEO_SUBPAGE,/seedance-api;/seedance/versions,"Is Seedance Open Source? GitHub, Hugging Face, ComfyUI & Local Use",Is Seedance Open Source?,27,SECONDARY,comfyui seedance 2.5,comfyui seedance 2.5,CANONICAL,640,0,--,KEEP_P2,HAS_VOLUME,Open Source / Local / Ecosystem,普通子页面：用于稳定、长期、功能型或明确独立意图；围绕主题完整回答并链接核心页。,BUILD_P1
/seedance/open-source,SUBPAGE,P1,NEW,SEO_SUBPAGE,/seedance-api;/seedance/versions,"Is Seedance Open Source? GitHub, Hugging Face, ComfyUI & Local Use",Is Seedance Open Source?,28,SECONDARY,github seedance 2.5,github seedance 2.5,CANONICAL,640,0,--,KEEP_P2,HAS_VOLUME,Open Source / Local / Ecosystem,普通子页面：用于稳定、长期、功能型或明确独立意图；围绕主题完整回答并链接核心页。,BUILD_P1
/seedance/open-source,SUBPAGE,P1,NEW,SEO_SUBPAGE,/seedance-api;/seedance/versions,"Is Seedance Open Source? GitHub, Hugging Face, ComfyUI & Local Use",Is Seedance Open Source?,29,SECONDARY,seedance 2.0 open source alternative,seedance 2.0 open source alternative,CANONICAL,620,95,--,KEEP_P2,HAS_VOLUME,Open Source / Local / Ecosystem,普通子页面：用于稳定、长期、功能型或明确独立意图；围绕主题完整回答并链接核心页。,BUILD_P1
/seedance/open-source,SUBPAGE,P1,NEW,SEO_SUBPAGE,/seedance-api;/seedance/versions,"Is Seedance Open Source? GitHub, Hugging Face, ComfyUI & Local Use",Is Seedance Open Source?,30,SECONDARY,seedance 2 comfyui,seedance 2 comfyui,CANONICAL,590,185,--,KEEP_P2,HAS_VOLUME,Open Source / Local / Ecosystem,普通子页面：用于稳定、长期、功能型或明确独立意图；围绕主题完整回答并链接核心页。,BUILD_P1
/seedance/open-source,SUBPAGE,P1,NEW,SEO_SUBPAGE,/seedance-api;/seedance/versions,"Is Seedance Open Source? GitHub, Hugging Face, ComfyUI & Local Use",Is Seedance Open Source?,31,SECONDARY,seedance 2.5 image to video github,seedance 2.5 image to video github,CANONICAL,560,0,--,KEEP_P2,HAS_VOLUME,Open Source / Local / Ecosystem,普通子页面：用于稳定、长期、功能型或明确独立意图；围绕主题完整回答并链接核心页。,BUILD_P1
/seedance/open-source,SUBPAGE,P1,NEW,SEO_SUBPAGE,/seedance-api;/seedance/versions,"Is Seedance Open Source? GitHub, Hugging Face, ComfyUI & Local Use",Is Seedance Open Source?,32,SECONDARY,seedance 1.5 comfyui,seedance 1.5 comfyui,CANONICAL,540,29,--,KEEP_P2,HAS_VOLUME,Open Source / Local / Ecosystem,普通子页面：用于稳定、长期、功能型或明确独立意图；围绕主题完整回答并链接核心页。,BUILD_P1
/seedance/open-source,SUBPAGE,P1,NEW,SEO_SUBPAGE,/seedance-api;/seedance/versions,"Is Seedance Open Source? GitHub, Hugging Face, ComfyUI & Local Use",Is Seedance Open Source?,33,SECONDARY,seedance 2.0 opensource,seedance 2.0 opensource,CANONICAL,510,223,43,KEEP_P1,HAS_VOLUME,2.0 Core / Generator,普通子页面：用于稳定、长期、功能型或明确独立意图；围绕主题完整回答并链接核心页。,BUILD_P1
/seedance/open-source,SUBPAGE,P1,NEW,SEO_SUBPAGE,/seedance-api;/seedance/versions,"Is Seedance Open Source? GitHub, Hugging Face, ComfyUI & Local Use",Is Seedance Open Source?,34,SECONDARY,can i run https://github.com/bytedance-seedance/seedance-2.0 on my own pc,can i run https://github.com/bytedance-seedance/seedance-2.0 on my own pc,CANONICAL,510,65,--,KEEP_P2,HAS_VOLUME,Open Source / Local / Ecosystem,普通子页面：用于稳定、长期、功能型或明确独立意图；围绕主题完整回答并链接核心页。,BUILD_P1
/seedance/open-source,SUBPAGE,P1,NEW,SEO_SUBPAGE,/seedance-api;/seedance/versions,"Is Seedance Open Source? GitHub, Hugging Face, ComfyUI & Local Use",Is Seedance Open Source?,35,SECONDARY,seedance 2.0 is open source,seedance 2.0 is open source,CANONICAL,500,152,50,KEEP_P2,HAS_VOLUME,Open Source / Local / Ecosystem,普通子页面：用于稳定、长期、功能型或明确独立意图；围绕主题完整回答并链接核心页。,BUILD_P1
/seedance/open-source,SUBPAGE,P1,NEW,SEO_SUBPAGE,/seedance-api;/seedance/versions,"Is Seedance Open Source? GitHub, Hugging Face, ComfyUI & Local Use",Is Seedance Open Source?,36,SECONDARY,can we add seedance into comfyui,can we add seedance into comfyui,CANONICAL,480,0,--,KEEP_P2,HAS_VOLUME,Open Source / Local / Ecosystem,普通子页面：用于稳定、长期、功能型或明确独立意图；围绕主题完整回答并链接核心页。,BUILD_P1
/seedance/open-source,SUBPAGE,P1,NEW,SEO_SUBPAGE,/seedance-api;/seedance/versions,"Is Seedance Open Source? GitHub, Hugging Face, ComfyUI & Local Use",Is Seedance Open Source?,37,SECONDARY,comfyui using seedance and keyframing,comfyui using seedance and keyframing,CANONICAL,480,0,--,KEEP_P2,HAS_VOLUME,Open Source / Local / Ecosystem,普通子页面：用于稳定、长期、功能型或明确独立意图；围绕主题完整回答并链接核心页。,BUILD_P1
/seedance/open-source,SUBPAGE,P1,NEW,SEO_SUBPAGE,/seedance-api;/seedance/versions,"Is Seedance Open Source? GitHub, Hugging Face, ComfyUI & Local Use",Is Seedance Open Source?,38,SECONDARY,como usar seedance 2.5 en huggingface,como usar seedance 2.5 en huggingface,CANONICAL,480,0,--,KEEP_P2,HAS_VOLUME,Open Source / Local / Ecosystem,普通子页面：用于稳定、长期、功能型或明确独立意图；围绕主题完整回答并链接核心页。,BUILD_P1
/seedance/open-source,SUBPAGE,P1,NEW,SEO_SUBPAGE,/seedance-api;/seedance/versions,"Is Seedance Open Source? GitHub, Hugging Face, ComfyUI & Local Use",Is Seedance Open Source?,39,SECONDARY,seedance on comfyui storyboard,seedance on comfyui storyboard,CANONICAL,460,0,--,KEEP_P2,HAS_VOLUME,Open Source / Local / Ecosystem,普通子页面：用于稳定、长期、功能型或明确独立意图；围绕主题完整回答并链接核心页。,BUILD_P1
/seedance/open-source,SUBPAGE,P1,NEW,SEO_SUBPAGE,/seedance-api;/seedance/versions,"Is Seedance Open Source? GitHub, Hugging Face, ComfyUI & Local Use",Is Seedance Open Source?,40,SECONDARY,kie.ai seedance comfyui,kie.ai seedance comfyui,CANONICAL,420,0,--,KEEP_P2,HAS_VOLUME,Open Source / Local / Ecosystem,普通子页面：用于稳定、长期、功能型或明确独立意图；围绕主题完整回答并链接核心页。,BUILD_P1
/seedance/open-source,SUBPAGE,P1,NEW,SEO_SUBPAGE,/seedance-api;/seedance/versions,"Is Seedance Open Source? GitHub, Hugging Face, ComfyUI & Local Use",Is Seedance Open Source?,41,SECONDARY,opensource seedance 2.5,opensource seedance 2.5,CANONICAL,420,0,--,KEEP_P1,HAS_VOLUME,2.5 Core Hub,普通子页面：用于稳定、长期、功能型或明确独立意图；围绕主题完整回答并链接核心页。,BUILD_P1
/seedance/open-source,SUBPAGE,P1,NEW,SEO_SUBPAGE,/seedance-api;/seedance/versions,"Is Seedance Open Source? GitHub, Hugging Face, ComfyUI & Local Use",Is Seedance Open Source?,42,SECONDARY,seedance 本地部署可以做porn吗,seedance 本地部署可以做porn吗,CANONICAL,400,0,--,KEEP_P2,HAS_VOLUME,Homepage / Generic Seedance,普通子页面：用于稳定、长期、功能型或明确独立意图；围绕主题完整回答并链接核心页。,BUILD_P1
/seedance/open-source,SUBPAGE,P1,NEW,SEO_SUBPAGE,/seedance-api;/seedance/versions,"Is Seedance Open Source? GitHub, Hugging Face, ComfyUI & Local Use",Is Seedance Open Source?,43,SECONDARY,seedance comfyui,seedance comfyui,CANONICAL,390,952,--,KEEP_P2,HAS_VOLUME,Open Source / Local / Ecosystem,普通子页面：用于稳定、长期、功能型或明确独立意图；围绕主题完整回答并链接核心页。,BUILD_P1
/seedance/open-source,SUBPAGE,P1,NEW,SEO_SUBPAGE,/seedance-api;/seedance/versions,"Is Seedance Open Source? GitHub, Hugging Face, ComfyUI & Local Use",Is Seedance Open Source?,44,SECONDARY,comfyui seedance2.0,comfyui seedance2.0,CANONICAL,380,83,--,KEEP_P2,HAS_VOLUME,Open Source / Local / Ecosystem,普通子页面：用于稳定、长期、功能型或明确独立意图；围绕主题完整回答并链接核心页。,BUILD_P1
/seedance/open-source,SUBPAGE,P1,NEW,SEO_SUBPAGE,/seedance-api;/seedance/versions,"Is Seedance Open Source? GitHub, Hugging Face, ComfyUI & Local Use",Is Seedance Open Source?,45,SECONDARY,usar seedance i comfyui sin pagar,usar seedance i comfyui sin pagar,CANONICAL,340,42,--,KEEP_P2,HAS_VOLUME,Open Source / Local / Ecosystem,普通子页面：用于稳定、长期、功能型或明确独立意图；围绕主题完整回答并链接核心页。,BUILD_P1
/seedance/open-source,SUBPAGE,P1,NEW,SEO_SUBPAGE,/seedance-api;/seedance/versions,"Is Seedance Open Source? GitHub, Hugging Face, ComfyUI & Local Use",Is Seedance Open Source?,46,SECONDARY,seedance ai model download,seedance ai model download,CANONICAL,340,31,--,KEEP_P2,HAS_VOLUME,Open Source / Local / Ecosystem,普通子页面：用于稳定、长期、功能型或明确独立意图；围绕主题完整回答并链接核心页。,BUILD_P1
/seedance/open-source,SUBPAGE,P1,NEW,SEO_SUBPAGE,/seedance-api;/seedance/versions,"Is Seedance Open Source? GitHub, Hugging Face, ComfyUI & Local Use",Is Seedance Open Source?,47,SECONDARY,huggingface seedance 2.5,huggingface seedance 2.5,CANONICAL,340,0,--,KEEP_P2,HAS_VOLUME,Open Source / Local / Ecosystem,普通子页面：用于稳定、长期、功能型或明确独立意图；围绕主题完整回答并链接核心页。,BUILD_P1
/seedance/open-source,SUBPAGE,P1,NEW,SEO_SUBPAGE,/seedance-api;/seedance/versions,"Is Seedance Open Source? GitHub, Hugging Face, ComfyUI & Local Use",Is Seedance Open Source?,48,SECONDARY,comfyui seedance 2,comfyui seedance 2,CANONICAL,330,105,--,KEEP_P2,HAS_VOLUME,Open Source / Local / Ecosystem,普通子页面：用于稳定、长期、功能型或明确独立意图；围绕主题完整回答并链接核心页。,BUILD_P1
/seedance/open-source,SUBPAGE,P1,NEW,SEO_SUBPAGE,/seedance-api;/seedance/versions,"Is Seedance Open Source? GitHub, Hugging Face, ComfyUI & Local Use",Is Seedance Open Source?,49,SECONDARY,seedance 2.0 in comfyui,seedance 2.0 in comfyui,CANONICAL,320,48,1,KEEP_P2,HAS_VOLUME,Open Source / Local / Ecosystem,普通子页面：用于稳定、长期、功能型或明确独立意图；围绕主题完整回答并链接核心页。,BUILD_P1
/seedance/open-source,SUBPAGE,P1,NEW,SEO_SUBPAGE,/seedance-api;/seedance/versions,"Is Seedance Open Source? GitHub, Hugging Face, ComfyUI & Local Use",Is Seedance Open Source?,50,SECONDARY,how to reference images for seedance in comfyui?,how to reference images for seedance in comfyui?,CANONICAL,320,0,--,KEEP_P2,HAS_VOLUME,Open Source / Local / Ecosystem,普通子页面：用于稳定、长期、功能型或明确独立意图；围绕主题完整回答并链接核心页。,BUILD_P1
/seedance/open-source,SUBPAGE,P1,NEW,SEO_SUBPAGE,/seedance-api;/seedance/versions,"Is Seedance Open Source? GitHub, Hugging Face, ComfyUI & Local Use",Is Seedance Open Source?,51,SECONDARY,seedance 2.0 open weights,seedance 2.0 open weights,CANONICAL,320,0,--,KEEP_P2,HAS_VOLUME,Open Source / Local / Ecosystem,普通子页面：用于稳定、长期、功能型或明确独立意图；围绕主题完整回答并链接核心页。,BUILD_P1
/seedance/open-source,SUBPAGE,P1,NEW,SEO_SUBPAGE,/seedance-api;/seedance/versions,"Is Seedance Open Source? GitHub, Hugging Face, ComfyUI & Local Use",Is Seedance Open Source?,52,SECONDARY,seedance 2 on comfyui,seedance 2 on comfyui,CANONICAL,310,276,1,KEEP_P2,HAS_VOLUME,Open Source / Local / Ecosystem,普通子页面：用于稳定、长期、功能型或明确独立意图；围绕主题完整回答并链接核心页。,BUILD_P1
/seedance/open-source,SUBPAGE,P1,NEW,SEO_SUBPAGE,/seedance-api;/seedance/versions,"Is Seedance Open Source? GitHub, Hugging Face, ComfyUI & Local Use",Is Seedance Open Source?,53,SECONDARY,seedance2 github,seedance2 github,CANONICAL,300,58,--,KEEP_P2,HAS_VOLUME,Open Source / Local / Ecosystem,普通子页面：用于稳定、长期、功能型或明确独立意图；围绕主题完整回答并链接核心页。,BUILD_P1
/seedance/open-source,SUBPAGE,P1,NEW,SEO_SUBPAGE,/seedance-api;/seedance/versions,"Is Seedance Open Source? GitHub, Hugging Face, ComfyUI & Local Use",Is Seedance Open Source?,54,TYPO_SUPPORT,higgsfield sedance 4k hugging face,higgsfield seedance 4k hugging face,TYPO,290,65,75,KEEP_P2,HAS_VOLUME,Open Source / Local / Ecosystem,普通子页面：用于稳定、长期、功能型或明确独立意图；围绕主题完整回答并链接核心页。,BUILD_P1
/seedance/open-source,SUBPAGE,P1,NEW,SEO_SUBPAGE,/seedance-api;/seedance/versions,"Is Seedance Open Source? GitHub, Hugging Face, ComfyUI & Local Use",Is Seedance Open Source?,55,SECONDARY,github seedance,github seedance,CANONICAL,280,170,--,KEEP_P2,HAS_VOLUME,Open Source / Local / Ecosystem,普通子页面：用于稳定、长期、功能型或明确独立意图；围绕主题完整回答并链接核心页。,BUILD_P1
/seedance/open-source,SUBPAGE,P1,NEW,SEO_SUBPAGE,/seedance-api;/seedance/versions,"Is Seedance Open Source? GitHub, Hugging Face, ComfyUI & Local Use",Is Seedance Open Source?,56,SECONDARY,seedance 2.0 comfyui local,seedance 2.0 comfyui local,CANONICAL,280,58,--,KEEP_P2,HAS_VOLUME,Open Source / Local / Ecosystem,普通子页面：用于稳定、长期、功能型或明确独立意图；围绕主题完整回答并链接核心页。,BUILD_P1
/seedance/open-source,SUBPAGE,P1,NEW,SEO_SUBPAGE,/seedance-api;/seedance/versions,"Is Seedance Open Source? GitHub, Hugging Face, ComfyUI & Local Use",Is Seedance Open Source?,57,SECONDARY,seedance is opensource?,seedance is opensource?,CANONICAL,280,9,--,KEEP_P1,HAS_VOLUME,Homepage / Generic Seedance,普通子页面：用于稳定、长期、功能型或明确独立意图；围绕主题完整回答并链接核心页。,BUILD_P1
/seedance/open-source,SUBPAGE,P1,NEW,SEO_SUBPAGE,/seedance-api;/seedance/versions,"Is Seedance Open Source? GitHub, Hugging Face, ComfyUI & Local Use",Is Seedance Open Source?,58,SECONDARY,seedance 2.5 comfyui local,seedance 2.5 comfyui local,CANONICAL,280,0,--,KEEP_P2,HAS_VOLUME,Open Source / Local / Ecosystem,普通子页面：用于稳定、长期、功能型或明确独立意图；围绕主题完整回答并链接核心页。,BUILD_P1
/seedance/open-source,SUBPAGE,P1,NEW,SEO_SUBPAGE,/seedance-api;/seedance/versions,"Is Seedance Open Source? GitHub, Hugging Face, ComfyUI & Local Use",Is Seedance Open Source?,59,SECONDARY,open source seedance 2.0,open source seedance 2.0,CANONICAL,270,118,--,KEEP_P2,HAS_VOLUME,Open Source / Local / Ecosystem,普通子页面：用于稳定、长期、功能型或明确独立意图；围绕主题完整回答并链接核心页。,BUILD_P1
/seedance/open-source,SUBPAGE,P1,NEW,SEO_SUBPAGE,/seedance-api;/seedance/versions,"Is Seedance Open Source? GitHub, Hugging Face, ComfyUI & Local Use",Is Seedance Open Source?,60,SECONDARY,seedance open weights,seedance open weights,CANONICAL,240,17,--,KEEP_P2,HAS_VOLUME,Open Source / Local / Ecosystem,普通子页面：用于稳定、长期、功能型或明确独立意图；围绕主题完整回答并链接核心页。,BUILD_P1
/seedance/open-source,SUBPAGE,P1,NEW,SEO_SUBPAGE,/seedance-api;/seedance/versions,"Is Seedance Open Source? GitHub, Hugging Face, ComfyUI & Local Use",Is Seedance Open Source?,61,ZERO_VOLUME_SUPPORT,seedance 2.0 hugging face,seedance 2.0 hugging face,CANONICAL,0,343,44,KEEP_P2,ZERO_VOLUME_RELEVANT,Open Source / Local / Ecosystem,普通子页面：用于稳定、长期、功能型或明确独立意图；围绕主题完整回答并链接核心页。,BUILD_P1
/seedance/open-source,SUBPAGE,P1,NEW,SEO_SUBPAGE,/seedance-api;/seedance/versions,"Is Seedance Open Source? GitHub, Hugging Face, ComfyUI & Local Use",Is Seedance Open Source?,62,ZERO_VOLUME_SUPPORT,seedance opensource,seedance opensource,CANONICAL,0,295,36,KEEP_P1,ZERO_VOLUME_RELEVANT,Homepage / Generic Seedance,普通子页面：用于稳定、长期、功能型或明确独立意图；围绕主题完整回答并链接核心页。,BUILD_P1
/seedance/open-source,SUBPAGE,P1,NEW,SEO_SUBPAGE,/seedance-api;/seedance/versions,"Is Seedance Open Source? GitHub, Hugging Face, ComfyUI & Local Use",Is Seedance Open Source?,63,ZERO_VOLUME_SUPPORT,huggingface seedance,huggingface seedance,CANONICAL,0,204,--,KEEP_P2,ZERO_VOLUME_RELEVANT,Open Source / Local / Ecosystem,普通子页面：用于稳定、长期、功能型或明确独立意图；围绕主题完整回答并链接核心页。,BUILD_P1
/seedance/open-source,SUBPAGE,P1,NEW,SEO_SUBPAGE,/seedance-api;/seedance/versions,"Is Seedance Open Source? GitHub, Hugging Face, ComfyUI & Local Use",Is Seedance Open Source?,64,ZERO_VOLUME_SUPPORT,seedance 2 github,seedance 2 github,CANONICAL,0,186,--,KEEP_P2,ZERO_VOLUME_RELEVANT,Open Source / Local / Ecosystem,普通子页面：用于稳定、长期、功能型或明确独立意图；围绕主题完整回答并链接核心页。,BUILD_P1
/seedance/open-source,SUBPAGE,P1,NEW,SEO_SUBPAGE,/seedance-api;/seedance/versions,"Is Seedance Open Source? GitHub, Hugging Face, ComfyUI & Local Use",Is Seedance Open Source?,65,ZERO_VOLUME_SUPPORT,hugging face seedance 2.0,hugging face seedance 2.0,CANONICAL,0,145,--,KEEP_P2,ZERO_VOLUME_RELEVANT,Open Source / Local / Ecosystem,普通子页面：用于稳定、长期、功能型或明确独立意图；围绕主题完整回答并链接核心页。,BUILD_P1
/seedance/open-source,SUBPAGE,P1,NEW,SEO_SUBPAGE,/seedance-api;/seedance/versions,"Is Seedance Open Source? GitHub, Hugging Face, ComfyUI & Local Use",Is Seedance Open Source?,66,ZERO_VOLUME_SUPPORT,seedance 2.0 本地部署,seedance 2.0 本地部署,CANONICAL,0,122,--,KEEP_P0,ZERO_VOLUME_RELEVANT,2.0 Core / Generator,普通子页面：用于稳定、长期、功能型或明确独立意图；围绕主题完整回答并链接核心页。,BUILD_P1
/seedance/open-source,SUBPAGE,P1,NEW,SEO_SUBPAGE,/seedance-api;/seedance/versions,"Is Seedance Open Source? GitHub, Hugging Face, ComfyUI & Local Use",Is Seedance Open Source?,67,ZERO_VOLUME_SUPPORT,seedance 1.5 huggingface,seedance 1.5 huggingface,CANONICAL,0,118,26,KEEP_P2,ZERO_VOLUME_RELEVANT,Open Source / Local / Ecosystem,普通子页面：用于稳定、长期、功能型或明确独立意图；围绕主题完整回答并链接核心页。,BUILD_P1
/seedance/open-source,SUBPAGE,P1,NEW,SEO_SUBPAGE,/seedance-api;/seedance/versions,"Is Seedance Open Source? GitHub, Hugging Face, ComfyUI & Local Use",Is Seedance Open Source?,68,ZERO_VOLUME_SUPPORT,huggingface seedance 2.0,huggingface seedance 2.0,CANONICAL,0,114,41,KEEP_P2,ZERO_VOLUME_RELEVANT,Open Source / Local / Ecosystem,普通子页面：用于稳定、长期、功能型或明确独立意图；围绕主题完整回答并链接核心页。,BUILD_P1
/seedance/open-source,SUBPAGE,P1,NEW,SEO_SUBPAGE,/seedance-api;/seedance/versions,"Is Seedance Open Source? GitHub, Hugging Face, ComfyUI & Local Use",Is Seedance Open Source?,69,ZERO_VOLUME_SUPPORT,seedance2.0 github,seedance2.0 github,CANONICAL,0,108,--,KEEP_P2,ZERO_VOLUME_RELEVANT,Open Source / Local / Ecosystem,普通子页面：用于稳定、长期、功能型或明确独立意图；围绕主题完整回答并链接核心页。,BUILD_P1
/seedance/open-source,SUBPAGE,P1,NEW,SEO_SUBPAGE,/seedance-api;/seedance/versions,"Is Seedance Open Source? GitHub, Hugging Face, ComfyUI & Local Use",Is Seedance Open Source?,70,ZERO_VOLUME_SUPPORT,seedance 2.0 prompts github,seedance 2.0 prompts github,CANONICAL,0,95,--,KEEP_P2,ZERO_VOLUME_RELEVANT,Open Source / Local / Ecosystem,普通子页面：用于稳定、长期、功能型或明确独立意图；围绕主题完整回答并链接核心页。,BUILD_P1
/seedance/open-source,SUBPAGE,P1,NEW,SEO_SUBPAGE,/seedance-api;/seedance/versions,"Is Seedance Open Source? GitHub, Hugging Face, ComfyUI & Local Use",Is Seedance Open Source?,71,ZERO_VOLUME_SUPPORT,open source alternative to seedance 2,open source alternative to seedance 2,CANONICAL,0,65,--,KEEP_P2,ZERO_VOLUME_RELEVANT,Open Source / Local / Ecosystem,普通子页面：用于稳定、长期、功能型或明确独立意图；围绕主题完整回答并链接核心页。,BUILD_P1
/seedance/open-source,SUBPAGE,P1,NEW,SEO_SUBPAGE,/seedance-api;/seedance/versions,"Is Seedance Open Source? GitHub, Hugging Face, ComfyUI & Local Use",Is Seedance Open Source?,72,ZERO_VOLUME_SUPPORT,seedance2.0 comfyui,seedance2.0 comfyui,CANONICAL,0,60,--,KEEP_P2,ZERO_VOLUME_RELEVANT,Open Source / Local / Ecosystem,普通子页面：用于稳定、长期、功能型或明确独立意图；围绕主题完整回答并链接核心页。,BUILD_P1
/seedance/open-source,SUBPAGE,P1,NEW,SEO_SUBPAGE,/seedance-api;/seedance/versions,"Is Seedance Open Source? GitHub, Hugging Face, ComfyUI & Local Use",Is Seedance Open Source?,73,ZERO_VOLUME_SUPPORT,seedance is experiencing censorship problems on higgsfield github,seedance is experiencing censorship problems on higgsfield github,CANONICAL,0,56,--,KEEP_P2,ZERO_VOLUME_RELEVANT,Open Source / Local / Ecosystem,普通子页面：用于稳定、长期、功能型或明确独立意图；围绕主题完整回答并链接核心页。,BUILD_P1
/seedance/open-source,SUBPAGE,P1,NEW,SEO_SUBPAGE,/seedance-api;/seedance/versions,"Is Seedance Open Source? GitHub, Hugging Face, ComfyUI & Local Use",Is Seedance Open Source?,74,ZERO_VOLUME_SUPPORT,seedance storyboard generator github,seedance storyboard generator github,CANONICAL,0,54,--,KEEP_P2,ZERO_VOLUME_RELEVANT,Open Source / Local / Ecosystem,普通子页面：用于稳定、长期、功能型或明确独立意图；围绕主题完整回答并链接核心页。,BUILD_P1
/seedance/open-source,SUBPAGE,P1,NEW,SEO_SUBPAGE,/seedance-api;/seedance/versions,"Is Seedance Open Source? GitHub, Hugging Face, ComfyUI & Local Use",Is Seedance Open Source?,75,ZERO_VOLUME_SUPPORT,seedance 2.0 closed or open source,seedance 2.0 closed or open source,CANONICAL,0,53,38,KEEP_P2,ZERO_VOLUME_RELEVANT,Open Source / Local / Ecosystem,普通子页面：用于稳定、长期、功能型或明确独立意图；围绕主题完整回答并链接核心页。,BUILD_P1
/seedance/open-source,SUBPAGE,P1,NEW,SEO_SUBPAGE,/seedance-api;/seedance/versions,"Is Seedance Open Source? GitHub, Hugging Face, ComfyUI & Local Use",Is Seedance Open Source?,76,ZERO_VOLUME_SUPPORT,opensource seedance,opensource seedance,CANONICAL,0,51,--,KEEP_P2,ZERO_VOLUME_RELEVANT,Homepage / Generic Seedance,普通子页面：用于稳定、长期、功能型或明确独立意图；围绕主题完整回答并链接核心页。,BUILD_P1
/seedance/open-source,SUBPAGE,P1,NEW,SEO_SUBPAGE,/seedance-api;/seedance/versions,"Is Seedance Open Source? GitHub, Hugging Face, ComfyUI & Local Use",Is Seedance Open Source?,77,ZERO_VOLUME_SUPPORT,comfyui .org seedance github,comfyui .org seedance github,CANONICAL,0,50,--,KEEP_P2,ZERO_VOLUME_RELEVANT,Open Source / Local / Ecosystem,普通子页面：用于稳定、长期、功能型或明确独立意图；围绕主题完整回答并链接核心页。,BUILD_P1
/seedance/open-source,SUBPAGE,P1,NEW,SEO_SUBPAGE,/seedance-api;/seedance/versions,"Is Seedance Open Source? GitHub, Hugging Face, ComfyUI & Local Use",Is Seedance Open Source?,78,ZERO_VOLUME_SUPPORT,seedance workflow comfyui,seedance workflow comfyui,CANONICAL,0,48,--,KEEP_P2,ZERO_VOLUME_RELEVANT,Open Source / Local / Ecosystem,普通子页面：用于稳定、长期、功能型或明确独立意图；围绕主题完整回答并链接核心页。,BUILD_P1
/seedance/open-source,SUBPAGE,P1,NEW,SEO_SUBPAGE,/seedance-api;/seedance/versions,"Is Seedance Open Source? GitHub, Hugging Face, ComfyUI & Local Use",Is Seedance Open Source?,79,ZERO_VOLUME_SUPPORT,seedance 2 prompt github,seedance 2 prompt github,CANONICAL,0,45,18,KEEP_P2,ZERO_VOLUME_RELEVANT,Open Source / Local / Ecosystem,普通子页面：用于稳定、长期、功能型或明确独立意图；围绕主题完整回答并链接核心页。,BUILD_P1
/seedance/open-source,SUBPAGE,P1,NEW,SEO_SUBPAGE,/seedance-api;/seedance/versions,"Is Seedance Open Source? GitHub, Hugging Face, ComfyUI & Local Use",Is Seedance Open Source?,80,ZERO_VOLUME_SUPPORT,seedance ai like model download hugging face,seedance ai like model download hugging face,CANONICAL,0,45,20,KEEP_P2,ZERO_VOLUME_RELEVANT,Open Source / Local / Ecosystem,普通子页面：用于稳定、长期、功能型或明确独立意图；围绕主题完整回答并链接核心页。,BUILD_P1
/seedance/open-source,SUBPAGE,P1,NEW,SEO_SUBPAGE,/seedance-api;/seedance/versions,"Is Seedance Open Source? GitHub, Hugging Face, ComfyUI & Local Use",Is Seedance Open Source?,81,ZERO_VOLUME_SUPPORT,how to use seedance 2.0 in comfyui,how to use seedance 2.0 in comfyui,CANONICAL,0,44,1,KEEP_P2,ZERO_VOLUME_RELEVANT,Open Source / Local / Ecosystem,普通子页面：用于稳定、长期、功能型或明确独立意图；围绕主题完整回答并链接核心页。,BUILD_P1
/seedance/open-source,SUBPAGE,P1,NEW,SEO_SUBPAGE,/seedance-api;/seedance/versions,"Is Seedance Open Source? GitHub, Hugging Face, ComfyUI & Local Use",Is Seedance Open Source?,82,ZERO_VOLUME_SUPPORT,seedance open source alternative,seedance open source alternative,CANONICAL,0,44,--,KEEP_P2,ZERO_VOLUME_RELEVANT,Open Source / Local / Ecosystem,普通子页面：用于稳定、长期、功能型或明确独立意图；围绕主题完整回答并链接核心页。,BUILD_P1
/seedance/open-source,SUBPAGE,P1,NEW,SEO_SUBPAGE,/seedance-api;/seedance/versions,"Is Seedance Open Source? GitHub, Hugging Face, ComfyUI & Local Use",Is Seedance Open Source?,83,ZERO_VOLUME_SUPPORT,any seedance 2.0 altenative for offline comfyui with low vram,any seedance 2.0 altenative for offline comfyui with low vram,CANONICAL,0,40,--,KEEP_P2,ZERO_VOLUME_RELEVANT,Open Source / Local / Ecosystem,普通子页面：用于稳定、长期、功能型或明确独立意图；围绕主题完整回答并链接核心页。,BUILD_P1
/seedance/open-source,SUBPAGE,P1,NEW,SEO_SUBPAGE,/seedance-api;/seedance/versions,"Is Seedance Open Source? GitHub, Hugging Face, ComfyUI & Local Use",Is Seedance Open Source?,84,ZERO_VOLUME_SUPPORT,seedance en github,seedance en github,CANONICAL,0,40,--,KEEP_P2,ZERO_VOLUME_RELEVANT,Open Source / Local / Ecosystem,普通子页面：用于稳定、长期、功能型或明确独立意图；围绕主题完整回答并链接核心页。,BUILD_P1
/seedance/open-source,SUBPAGE,P1,NEW,SEO_SUBPAGE,/seedance-api;/seedance/versions,"Is Seedance Open Source? GitHub, Hugging Face, ComfyUI & Local Use",Is Seedance Open Source?,85,ZERO_VOLUME_SUPPORT,seedance huggingface 2.0,seedance huggingface 2.0,CANONICAL,0,40,44,KEEP_P2,ZERO_VOLUME_RELEVANT,Open Source / Local / Ecosystem,普通子页面：用于稳定、长期、功能型或明确独立意图；围绕主题完整回答并链接核心页。,BUILD_P1
/seedance/platforms,SUBPAGE,P1,NEW,PLATFORM_HUB,/seedance-api;/seedance-2-0,"Where to Use Seedance: Platforms, Providers & Access",Seedance Platforms & Providers,1,PRIMARY,dreamina seedance 2.0,dreamina seedance 2.0,CANONICAL,20620,15616,52,KEEP_P0,HAS_VOLUME,Platforms / Providers,普通子页面：用于稳定、长期、功能型或明确独立意图；围绕主题完整回答并链接核心页。,BUILD_P1
/seedance/platforms,SUBPAGE,P1,NEW,PLATFORM_HUB,/seedance-api;/seedance-2-0,"Where to Use Seedance: Platforms, Providers & Access",Seedance Platforms & Providers,2,PRIMARY,higgsfield seedance 2.0,higgsfield seedance 2.0,CANONICAL,10020,6577,51,KEEP_P0,HAS_VOLUME,Platforms / Providers,普通子页面：用于稳定、长期、功能型或明确独立意图；围绕主题完整回答并链接核心页。,BUILD_P1
/seedance/platforms,SUBPAGE,P1,NEW,PLATFORM_HUB,/seedance-api;/seedance-2-0,"Where to Use Seedance: Platforms, Providers & Access",Seedance Platforms & Providers,3,PRIMARY,dreamina seedance,dreamina seedance,CANONICAL,7660,3496,39,KEEP_P0,HAS_VOLUME,Platforms / Providers,普通子页面：用于稳定、长期、功能型或明确独立意图；围绕主题完整回答并链接核心页。,BUILD_P1
/seedance/platforms,SUBPAGE,P1,NEW,PLATFORM_HUB,/seedance-api;/seedance-2-0,"Where to Use Seedance: Platforms, Providers & Access",Seedance Platforms & Providers,4,PRIMARY,capcut seedance 2.0,capcut seedance 2.0,CANONICAL,6180,4376,26,KEEP_P0,HAS_VOLUME,Platforms / Providers,普通子页面：用于稳定、长期、功能型或明确独立意图；围绕主题完整回答并链接核心页。,BUILD_P1
/seedance/platforms,SUBPAGE,P1,NEW,PLATFORM_HUB,/seedance-api;/seedance-2-0,"Where to Use Seedance: Platforms, Providers & Access",Seedance Platforms & Providers,5,PRIMARY,seedance higgsfield,seedance higgsfield,CANONICAL,5800,1588,39,KEEP_P0,HAS_VOLUME,Platforms / Providers,普通子页面：用于稳定、长期、功能型或明确独立意图；围绕主题完整回答并链接核心页。,BUILD_P1
/seedance/platforms,SUBPAGE,P1,NEW,PLATFORM_HUB,/seedance-api;/seedance-2-0,"Where to Use Seedance: Platforms, Providers & Access",Seedance Platforms & Providers,6,PRIMARY,capcut seedance,capcut seedance,CANONICAL,4800,2307,28,KEEP_P0,HAS_VOLUME,Platforms / Providers,普通子页面：用于稳定、长期、功能型或明确独立意图；围绕主题完整回答并链接核心页。,BUILD_P1
/seedance/platforms,SUBPAGE,P1,NEW,PLATFORM_HUB,/seedance-api;/seedance-2-0,"Where to Use Seedance: Platforms, Providers & Access",Seedance Platforms & Providers,7,PRIMARY,higgsfield seedance,higgsfield seedance,CANONICAL,3880,1700,61,KEEP_P0,HAS_VOLUME,Platforms / Providers,普通子页面：用于稳定、长期、功能型或明确独立意图；围绕主题完整回答并链接核心页。,BUILD_P1
/seedance/platforms,SUBPAGE,P1,NEW,PLATFORM_HUB,/seedance-api;/seedance-2-0,"Where to Use Seedance: Platforms, Providers & Access",Seedance Platforms & Providers,8,PRIMARY,seedance 2.0 higgsfield,seedance 2.0 higgsfield,CANONICAL,3750,4935,47,KEEP_P0,HAS_VOLUME,Platforms / Providers,普通子页面：用于稳定、长期、功能型或明确独立意图；围绕主题完整回答并链接核心页。,BUILD_P1
/seedance/platforms,SUBPAGE,P1,NEW,PLATFORM_HUB,/seedance-api;/seedance-2-0,"Where to Use Seedance: Platforms, Providers & Access",Seedance Platforms & Providers,9,SECONDARY,byteplus seedance,byteplus seedance,CANONICAL,3380,1635,25,KEEP_P0,HAS_VOLUME,Platforms / Providers,普通子页面：用于稳定、长期、功能型或明确独立意图；围绕主题完整回答并链接核心页。,BUILD_P1
/seedance/platforms,SUBPAGE,P1,NEW,PLATFORM_HUB,/seedance-api;/seedance-2-0,"Where to Use Seedance: Platforms, Providers & Access",Seedance Platforms & Providers,10,SECONDARY,seedance dreamina,seedance dreamina,CANONICAL,3170,838,53,KEEP_P0,HAS_VOLUME,Platforms / Providers,普通子页面：用于稳定、长期、功能型或明确独立意图；围绕主题完整回答并链接核心页。,BUILD_P1
/seedance/platforms,SUBPAGE,P1,NEW,PLATFORM_HUB,/seedance-api;/seedance-2-0,"Where to Use Seedance: Platforms, Providers & Access",Seedance Platforms & Providers,11,SECONDARY,seedance capcut,seedance capcut,CANONICAL,2980,1120,54,KEEP_P0,HAS_VOLUME,Platforms / Providers,普通子页面：用于稳定、长期、功能型或明确独立意图；围绕主题完整回答并链接核心页。,BUILD_P1
/seedance/platforms,SUBPAGE,P1,NEW,PLATFORM_HUB,/seedance-api;/seedance-2-0,"Where to Use Seedance: Platforms, Providers & Access",Seedance Platforms & Providers,12,SECONDARY,openrouter seedance 2.0,openrouter seedance 2.0,CANONICAL,1950,399,1,KEEP_P0,HAS_VOLUME,Platforms / Providers,普通子页面：用于稳定、长期、功能型或明确独立意图；围绕主题完整回答并链接核心页。,BUILD_P1
/seedance/platforms,SUBPAGE,P1,NEW,PLATFORM_HUB,/seedance-api;/seedance-2-0,"Where to Use Seedance: Platforms, Providers & Access",Seedance Platforms & Providers,13,SECONDARY,byteplus seedance 2.0,byteplus seedance 2.0,CANONICAL,1780,1810,34,KEEP_P0,HAS_VOLUME,Platforms / Providers,普通子页面：用于稳定、长期、功能型或明确独立意图；围绕主题完整回答并链接核心页。,BUILD_P1
/seedance/platforms,SUBPAGE,P1,NEW,PLATFORM_HUB,/seedance-api;/seedance-2-0,"Where to Use Seedance: Platforms, Providers & Access",Seedance Platforms & Providers,14,SECONDARY,runway seedance,runway seedance,CANONICAL,1550,923,25,KEEP_P0,HAS_VOLUME,Platforms / Providers,普通子页面：用于稳定、长期、功能型或明确独立意图；围绕主题完整回答并链接核心页。,BUILD_P1
/seedance/platforms,SUBPAGE,P1,NEW,PLATFORM_HUB,/seedance-api;/seedance-2-0,"Where to Use Seedance: Platforms, Providers & Access",Seedance Platforms & Providers,15,SECONDARY,higgsfield seedance2 5,higgsfield seedance2 5,CANONICAL,1450,0,--,KEEP_P0,HAS_VOLUME,Platforms / Providers,普通子页面：用于稳定、长期、功能型或明确独立意图；围绕主题完整回答并链接核心页。,BUILD_P1
/seedance/platforms,SUBPAGE,P1,NEW,PLATFORM_HUB,/seedance-api;/seedance-2-0,"Where to Use Seedance: Platforms, Providers & Access",Seedance Platforms & Providers,16,SECONDARY,elevenlabs seedance,elevenlabs seedance,CANONICAL,1410,62,--,KEEP_P0,HAS_VOLUME,Platforms / Providers,普通子页面：用于稳定、长期、功能型或明确独立意图；围绕主题完整回答并链接核心页。,BUILD_P1
/seedance/platforms,SUBPAGE,P1,NEW,PLATFORM_HUB,/seedance-api;/seedance-2-0,"Where to Use Seedance: Platforms, Providers & Access",Seedance Platforms & Providers,17,SECONDARY,image to video prompt using seedance 2.0 in magnific,image to video prompt using seedance 2.0 in magnific,CANONICAL,1380,77,--,KEEP_P0,HAS_VOLUME,Platforms / Providers,普通子页面：用于稳定、长期、功能型或明确独立意图；围绕主题完整回答并链接核心页。,BUILD_P1
/seedance/platforms,SUBPAGE,P1,NEW,PLATFORM_HUB,/seedance-api;/seedance-2-0,"Where to Use Seedance: Platforms, Providers & Access",Seedance Platforms & Providers,18,SECONDARY,dreamina-seedance-2.0-720p,dreamina-seedance-2.0-720p,CANONICAL,1340,470,37,KEEP_P0,HAS_VOLUME,Platforms / Providers,普通子页面：用于稳定、长期、功能型或明确独立意图；围绕主题完整回答并链接核心页。,BUILD_P1
/seedance/platforms,SUBPAGE,P1,NEW,PLATFORM_HUB,/seedance-api;/seedance-2-0,"Where to Use Seedance: Platforms, Providers & Access",Seedance Platforms & Providers,19,SECONDARY,alternativas gratuitas a dreamina seedance 2.0,alternativas gratuitas a dreamina seedance 2.0,CANONICAL,1310,0,--,KEEP_P0,HAS_VOLUME,Platforms / Providers,普通子页面：用于稳定、长期、功能型或明确独立意图；围绕主题完整回答并链接核心页。,BUILD_P1
/seedance/platforms,SUBPAGE,P1,NEW,PLATFORM_HUB,/seedance-api;/seedance-2-0,"Where to Use Seedance: Platforms, Providers & Access",Seedance Platforms & Providers,20,SECONDARY,seedance runway,seedance runway,CANONICAL,1250,227,52,KEEP_P0,HAS_VOLUME,Platforms / Providers,普通子页面：用于稳定、长期、功能型或明确独立意图；围绕主题完整回答并链接核心页。,BUILD_P1
/seedance/platforms,SUBPAGE,P1,NEW,PLATFORM_HUB,/seedance-api;/seedance-2-0,"Where to Use Seedance: Platforms, Providers & Access",Seedance Platforms & Providers,21,SECONDARY,qual plano assinar da higgsfield para usar o seedance,qual plano assinar da higgsfield para usar o seedance,CANONICAL,1180,0,--,KEEP_P0,HAS_VOLUME,Platforms / Providers,普通子页面：用于稳定、长期、功能型或明确独立意图；围绕主题完整回答并链接核心页。,BUILD_P1
/seedance/platforms,SUBPAGE,P1,NEW,PLATFORM_HUB,/seedance-api;/seedance-2-0,"Where to Use Seedance: Platforms, Providers & Access",Seedance Platforms & Providers,22,SECONDARY,dreamina-seedance,dreamina-seedance,CANONICAL,1170,168,--,KEEP_P0,HAS_VOLUME,Platforms / Providers,普通子页面：用于稳定、长期、功能型或明确独立意图；围绕主题完整回答并链接核心页。,BUILD_P1
/seedance/platforms,SUBPAGE,P1,NEW,PLATFORM_HUB,/seedance-api;/seedance-2-0,"Where to Use Seedance: Platforms, Providers & Access",Seedance Platforms & Providers,23,SECONDARY,seedance 2.0 via runway,seedance 2.0 via runway,CANONICAL,1160,155,35,KEEP_P0,HAS_VOLUME,Platforms / Providers,普通子页面：用于稳定、长期、功能型或明确独立意图；围绕主题完整回答并链接核心页。,BUILD_P1
/seedance/platforms,SUBPAGE,P1,NEW,PLATFORM_HUB,/seedance-api;/seedance-2-0,"Where to Use Seedance: Platforms, Providers & Access",Seedance Platforms & Providers,24,SECONDARY,seedance 2 capcut,seedance 2 capcut,CANONICAL,1080,515,--,KEEP_P0,HAS_VOLUME,Platforms / Providers,普通子页面：用于稳定、长期、功能型或明确独立意图；围绕主题完整回答并链接核心页。,BUILD_P1
/seedance/platforms,SUBPAGE,P1,NEW,PLATFORM_HUB,/seedance-api;/seedance-2-0,"Where to Use Seedance: Platforms, Providers & Access",Seedance Platforms & Providers,25,SECONDARY,how does higgsfield seedance unlimated wokr,how does higgsfield seedance unlimated wokr,CANONICAL,1070,0,--,KEEP_P0,HAS_VOLUME,Platforms / Providers,普通子页面：用于稳定、长期、功能型或明确独立意图；围绕主题完整回答并链接核心页。,BUILD_P1
/seedance/platforms,SUBPAGE,P1,NEW,PLATFORM_HUB,/seedance-api;/seedance-2-0,"Where to Use Seedance: Platforms, Providers & Access",Seedance Platforms & Providers,26,SECONDARY,why is now runway ml throwing seedance videos with terrible fps,why is now runway ml throwing seedance videos with terrible fps,CANONICAL,1070,0,--,KEEP_P0,HAS_VOLUME,Platforms / Providers,普通子页面：用于稳定、长期、功能型或明确独立意图；围绕主题完整回答并链接核心页。,BUILD_P1
/seedance/platforms,SUBPAGE,P1,NEW,PLATFORM_HUB,/seedance-api;/seedance-2-0,"Where to Use Seedance: Platforms, Providers & Access",Seedance Platforms & Providers,27,SECONDARY,fal ai seedance,fal ai seedance,CANONICAL,1050,930,70,KEEP_P0,HAS_VOLUME,Platforms / Providers,普通子页面：用于稳定、长期、功能型或明确独立意图；围绕主题完整回答并链接核心页。,BUILD_P1
/seedance/platforms,SUBPAGE,P1,NEW,PLATFORM_HUB,/seedance-api;/seedance-2-0,"Where to Use Seedance: Platforms, Providers & Access",Seedance Platforms & Providers,28,SECONDARY,byteplus seedance console,byteplus seedance console,CANONICAL,980,0,--,KEEP_P1,HAS_VOLUME,Platforms / Providers,普通子页面：用于稳定、长期、功能型或明确独立意图；围绕主题完整回答并链接核心页。,BUILD_P1
/seedance/platforms,SUBPAGE,P1,NEW,PLATFORM_HUB,/seedance-api;/seedance-2-0,"Where to Use Seedance: Platforms, Providers & Access",Seedance Platforms & Providers,29,SECONDARY,capcut seedance dremina é bom?,capcut seedance dremina é bom?,CANONICAL,980,0,--,KEEP_P1,HAS_VOLUME,Platforms / Providers,普通子页面：用于稳定、长期、功能型或明确独立意图；围绕主题完整回答并链接核心页。,BUILD_P1
/seedance/platforms,SUBPAGE,P1,NEW,PLATFORM_HUB,/seedance-api;/seedance-2-0,"Where to Use Seedance: Platforms, Providers & Access",Seedance Platforms & Providers,30,SECONDARY,runway seedance 2.0,runway seedance 2.0,CANONICAL,940,1170,7,KEEP_P0,HAS_VOLUME,Platforms / Providers,普通子页面：用于稳定、长期、功能型或明确独立意图；围绕主题完整回答并链接核心页。,BUILD_P1
/seedance/platforms,SUBPAGE,P1,NEW,PLATFORM_HUB,/seedance-api;/seedance-2-0,"Where to Use Seedance: Platforms, Providers & Access",Seedance Platforms & Providers,31,SECONDARY,tai sao nen dung higgsfield. seedance thì dùng tool khác được không,tai sao nen dung higgsfield. seedance thì dùng tool khác được không,CANONICAL,900,0,--,KEEP_P1,HAS_VOLUME,Platforms / Providers,普通子页面：用于稳定、长期、功能型或明确独立意图；围绕主题完整回答并链接核心页。,BUILD_P1
/seedance/platforms,SUBPAGE,P1,NEW,PLATFORM_HUB,/seedance-api;/seedance-2-0,"Where to Use Seedance: Platforms, Providers & Access",Seedance Platforms & Providers,32,SECONDARY,is seedance like higgsfield,is seedance like higgsfield,CANONICAL,870,0,--,KEEP_P1,HAS_VOLUME,Platforms / Providers,普通子页面：用于稳定、长期、功能型或明确独立意图；围绕主题完整回答并链接核心页。,BUILD_P1
/seedance/platforms,SUBPAGE,P1,NEW,PLATFORM_HUB,/seedance-api;/seedance-2-0,"Where to Use Seedance: Platforms, Providers & Access",Seedance Platforms & Providers,33,SECONDARY,seedance in higgsfield,seedance in higgsfield,CANONICAL,860,35,--,KEEP_P1,HAS_VOLUME,Platforms / Providers,普通子页面：用于稳定、长期、功能型或明确独立意图；围绕主题完整回答并链接核心页。,BUILD_P1
/seedance/platforms,SUBPAGE,P1,NEW,PLATFORM_HUB,/seedance-api;/seedance-2-0,"Where to Use Seedance: Platforms, Providers & Access",Seedance Platforms & Providers,34,SECONDARY,tutorial para usar o capcut seedance,tutorial para usar o capcut seedance,CANONICAL,860,0,--,KEEP_P1,HAS_VOLUME,Platforms / Providers,普通子页面：用于稳定、长期、功能型或明确独立意图；围绕主题完整回答并链接核心页。,BUILD_P1
/seedance/platforms,SUBPAGE,P1,NEW,PLATFORM_HUB,/seedance-api;/seedance-2-0,"Where to Use Seedance: Platforms, Providers & Access",Seedance Platforms & Providers,35,SECONDARY,who is owner of dreamina seedance 2.0,who is owner of dreamina seedance 2.0,CANONICAL,860,0,--,KEEP_P0,HAS_VOLUME,Platforms / Providers,普通子页面：用于稳定、长期、功能型或明确独立意图；围绕主题完整回答并链接核心页。,BUILD_P1
/seedance/platforms,SUBPAGE,P1,NEW,PLATFORM_HUB,/seedance-api;/seedance-2-0,"Where to Use Seedance: Platforms, Providers & Access",Seedance Platforms & Providers,36,SECONDARY,fal ai seedance 2,fal ai seedance 2,CANONICAL,830,277,--,KEEP_P1,HAS_VOLUME,Platforms / Providers,普通子页面：用于稳定、长期、功能型或明确独立意图；围绕主题完整回答并链接核心页。,BUILD_P1
/seedance/platforms,SUBPAGE,P1,NEW,PLATFORM_HUB,/seedance-api;/seedance-2-0,"Where to Use Seedance: Platforms, Providers & Access",Seedance Platforms & Providers,37,SECONDARY,biltrate seedance higgsfield,biltrate seedance higgsfield,CANONICAL,820,33,--,KEEP_P1,HAS_VOLUME,Platforms / Providers,普通子页面：用于稳定、长期、功能型或明确独立意图；围绕主题完整回答并链接核心页。,BUILD_P1
/seedance/platforms,SUBPAGE,P1,NEW,PLATFORM_HUB,/seedance-api;/seedance-2-0,"Where to Use Seedance: Platforms, Providers & Access",Seedance Platforms & Providers,38,SECONDARY,seedance 2.0 (higgsfield),seedance 2.0 (higgsfield),CANONICAL,810,77,--,KEEP_P0,HAS_VOLUME,Platforms / Providers,普通子页面：用于稳定、长期、功能型或明确独立意图；围绕主题完整回答并链接核心页。,BUILD_P1
/seedance/platforms,SUBPAGE,P1,NEW,PLATFORM_HUB,/seedance-api;/seedance-2-0,"Where to Use Seedance: Platforms, Providers & Access",Seedance Platforms & Providers,39,SECONDARY,is er seedance 2 bij capcut?,is er seedance 2 bij capcut?,CANONICAL,810,0,--,KEEP_P1,HAS_VOLUME,Platforms / Providers,普通子页面：用于稳定、长期、功能型或明确独立意图；围绕主题完整回答并链接核心页。,BUILD_P1
/seedance/platforms,SUBPAGE,P1,NEW,PLATFORM_HUB,/seedance-api;/seedance-2-0,"Where to Use Seedance: Platforms, Providers & Access",Seedance Platforms & Providers,40,SECONDARY,openart seedance 2.0,openart seedance 2.0,CANONICAL,790,1674,75,KEEP_P0,HAS_VOLUME,Platforms / Providers,普通子页面：用于稳定、长期、功能型或明确独立意图；围绕主题完整回答并链接核心页。,BUILD_P1
/seedance/platforms,SUBPAGE,P1,NEW,PLATFORM_HUB,/seedance-api;/seedance-2-0,"Where to Use Seedance: Platforms, Providers & Access",Seedance Platforms & Providers,41,SECONDARY,is seedance 2.0 a higgsfield model,is seedance 2.0 a higgsfield model,CANONICAL,750,0,--,KEEP_P0,HAS_VOLUME,Platforms / Providers,普通子页面：用于稳定、长期、功能型或明确独立意图；围绕主题完整回答并链接核心页。,BUILD_P1
/seedance/platforms,SUBPAGE,P1,NEW,PLATFORM_HUB,/seedance-api;/seedance-2-0,"Where to Use Seedance: Platforms, Providers & Access",Seedance Platforms & Providers,42,TYPO_SUPPORT,fal seeddance,fal seedance,TYPO,740,18,--,KEEP_P1,HAS_VOLUME,Platforms / Providers,普通子页面：用于稳定、长期、功能型或明确独立意图；围绕主题完整回答并链接核心页。,BUILD_P1
/seedance/platforms,SUBPAGE,P1,NEW,PLATFORM_HUB,/seedance-api;/seedance-2-0,"Where to Use Seedance: Platforms, Providers & Access",Seedance Platforms & Providers,43,SECONDARY,dreamina seedance logo,dreamina seedance logo,CANONICAL,730,31,--,KEEP_P1,HAS_VOLUME,Platforms / Providers,普通子页面：用于稳定、长期、功能型或明确独立意图；围绕主题完整回答并链接核心页。,BUILD_P1
/seedance/platforms,SUBPAGE,P1,NEW,PLATFORM_HUB,/seedance-api;/seedance-2-0,"Where to Use Seedance: Platforms, Providers & Access",Seedance Platforms & Providers,44,SECONDARY,dreamina seedance lipsync,dreamina seedance lipsync,CANONICAL,730,0,--,KEEP_P1,HAS_VOLUME,Platforms / Providers,普通子页面：用于稳定、长期、功能型或明确独立意图；围绕主题完整回答并链接核心页。,BUILD_P1
/seedance/platforms,SUBPAGE,P1,NEW,PLATFORM_HUB,/seedance-api;/seedance-2-0,"Where to Use Seedance: Platforms, Providers & Access",Seedance Platforms & Providers,45,SECONDARY,dreamina–seedance,dreamina–seedance,CANONICAL,720,0,--,KEEP_P1,HAS_VOLUME,Platforms / Providers,普通子页面：用于稳定、长期、功能型或明确独立意图；围绕主题完整回答并链接核心页。,BUILD_P1
/seedance/platforms,SUBPAGE,P1,NEW,PLATFORM_HUB,/seedance-api;/seedance-2-0,"Where to Use Seedance: Platforms, Providers & Access",Seedance Platforms & Providers,46,SECONDARY,o seedance é da higgsfield,o seedance é da higgsfield,CANONICAL,710,0,--,KEEP_P1,HAS_VOLUME,Platforms / Providers,普通子页面：用于稳定、长期、功能型或明确独立意图；围绕主题完整回答并链接核心页。,BUILD_P1
/seedance/platforms,SUBPAGE,P1,NEW,PLATFORM_HUB,/seedance-api;/seedance-2-0,"Where to Use Seedance: Platforms, Providers & Access",Seedance Platforms & Providers,47,SECONDARY,artlist seedance was ist das,artlist seedance was ist das,CANONICAL,700,0,--,KEEP_P1,HAS_VOLUME,Platforms / Providers,普通子页面：用于稳定、长期、功能型或明确独立意图；围绕主题完整回答并链接核心页。,BUILD_P1
/seedance/platforms,SUBPAGE,P1,NEW,PLATFORM_HUB,/seedance-api;/seedance-2-0,"Where to Use Seedance: Platforms, Providers & Access",Seedance Platforms & Providers,48,SECONDARY,artlist seedance was ist das alternativen,artlist seedance was ist das alternativen,CANONICAL,700,0,--,KEEP_P1,HAS_VOLUME,Platforms / Providers,普通子页面：用于稳定、长期、功能型或明确独立意图；围绕主题完整回答并链接核心页。,BUILD_P1
/seedance/platforms,SUBPAGE,P1,NEW,PLATFORM_HUB,/seedance-api;/seedance-2-0,"Where to Use Seedance: Platforms, Providers & Access",Seedance Platforms & Providers,49,SECONDARY,cuanto es 936 de creditos en seedance de capcut,cuanto es 936 de creditos en seedance de capcut,CANONICAL,700,0,--,KEEP_P1,HAS_VOLUME,Platforms / Providers,普通子页面：用于稳定、长期、功能型或明确独立意图；围绕主题完整回答并链接核心页。,BUILD_P1
/seedance/platforms,SUBPAGE,P1,NEW,PLATFORM_HUB,/seedance-api;/seedance-2-0,"Where to Use Seedance: Platforms, Providers & Access",Seedance Platforms & Providers,50,SECONDARY,seedance 2.0 dreamina ai,seedance 2.0 dreamina ai,CANONICAL,700,0,--,KEEP_P0,HAS_VOLUME,Platforms / Providers,普通子页面：用于稳定、长期、功能型或明确独立意图；围绕主题完整回答并链接核心页。,BUILD_P1
/seedance/platforms,SUBPAGE,P1,NEW,PLATFORM_HUB,/seedance-api;/seedance-2-0,"Where to Use Seedance: Platforms, Providers & Access",Seedance Platforms & Providers,51,SECONDARY,seedance.capcut,seedance.capcut,CANONICAL,700,0,--,KEEP_P1,HAS_VOLUME,Platforms / Providers,普通子页面：用于稳定、长期、功能型或明确独立意图；围绕主题完整回答并链接核心页。,BUILD_P1
/seedance/platforms,SUBPAGE,P1,NEW,PLATFORM_HUB,/seedance-api;/seedance-2-0,"Where to Use Seedance: Platforms, Providers & Access",Seedance Platforms & Providers,52,SECONDARY,dreamina seedance 2.0 luma problem,dreamina seedance 2.0 luma problem,CANONICAL,690,0,--,KEEP_P0,HAS_VOLUME,Platforms / Providers,普通子页面：用于稳定、长期、功能型或明确独立意图；围绕主题完整回答并链接核心页。,BUILD_P1
/seedance/platforms,SUBPAGE,P1,NEW,PLATFORM_HUB,/seedance-api;/seedance-2-0,"Where to Use Seedance: Platforms, Providers & Access",Seedance Platforms & Providers,53,SECONDARY,higgsfield seedance 無限,higgsfield seedance 無限,CANONICAL,680,0,--,KEEP_P1,HAS_VOLUME,Platforms / Providers,普通子页面：用于稳定、长期、功能型或明确独立意图；围绕主题完整回答并链接核心页。,BUILD_P1
/seedance/platforms,SUBPAGE,P1,NEW,PLATFORM_HUB,/seedance-api;/seedance-2-0,"Where to Use Seedance: Platforms, Providers & Access",Seedance Platforms & Providers,54,SECONDARY,how to use dreamina seedance extend,how to use dreamina seedance extend,CANONICAL,680,0,--,KEEP_P1,HAS_VOLUME,Platforms / Providers,普通子页面：用于稳定、长期、功能型或明确独立意图；围绕主题完整回答并链接核心页。,BUILD_P1
/seedance/platforms,SUBPAGE,P1,NEW,PLATFORM_HUB,/seedance-api;/seedance-2-0,"Where to Use Seedance: Platforms, Providers & Access",Seedance Platforms & Providers,55,SECONDARY,seedance 2.0 capcut,seedance 2.0 capcut,CANONICAL,650,1939,9,KEEP_P0,HAS_VOLUME,Platforms / Providers,普通子页面：用于稳定、长期、功能型或明确独立意图；围绕主题完整回答并链接核心页。,BUILD_P1
/seedance/platforms,SUBPAGE,P1,NEW,PLATFORM_HUB,/seedance-api;/seedance-2-0,"Where to Use Seedance: Platforms, Providers & Access",Seedance Platforms & Providers,56,SECONDARY,fal seedance 2.0,fal seedance 2.0,CANONICAL,650,550,65,KEEP_P0,HAS_VOLUME,Platforms / Providers,普通子页面：用于稳定、长期、功能型或明确独立意图；围绕主题完整回答并链接核心页。,BUILD_P1
/seedance/platforms,SUBPAGE,P1,NEW,PLATFORM_HUB,/seedance-api;/seedance-2-0,"Where to Use Seedance: Platforms, Providers & Access",Seedance Platforms & Providers,57,SECONDARY,higgsfield seedance .20,higgsfield seedance .20,CANONICAL,650,0,--,KEEP_P1,HAS_VOLUME,Platforms / Providers,普通子页面：用于稳定、长期、功能型或明确独立意图；围绕主题完整回答并链接核心页。,BUILD_P1
/seedance/platforms,SUBPAGE,P1,NEW,PLATFORM_HUB,/seedance-api;/seedance-2-0,"Where to Use Seedance: Platforms, Providers & Access",Seedance Platforms & Providers,58,TYPO_SUPPORT,artlist seedence,artlist seedance,TYPO,640,0,--,KEEP_P1,HAS_VOLUME,Platforms / Providers,普通子页面：用于稳定、长期、功能型或明确独立意图；围绕主题完整回答并链接核心页。,BUILD_P1
/seedance/platforms,SUBPAGE,P1,NEW,PLATFORM_HUB,/seedance-api;/seedance-2-0,"Where to Use Seedance: Platforms, Providers & Access",Seedance Platforms & Providers,59,SECONDARY,replicate seedance,replicate seedance,CANONICAL,630,482,--,KEEP_P1,HAS_VOLUME,Platforms / Providers,普通子页面：用于稳定、长期、功能型或明确独立意图；围绕主题完整回答并链接核心页。,BUILD_P1
/seedance/platforms,SUBPAGE,P1,NEW,PLATFORM_HUB,/seedance-api;/seedance-2-0,"Where to Use Seedance: Platforms, Providers & Access",Seedance Platforms & Providers,60,SECONDARY,byteplus seedance 2.0 playground,byteplus seedance 2.0 playground,CANONICAL,630,8,--,KEEP_P0,HAS_VOLUME,Platforms / Providers,普通子页面：用于稳定、长期、功能型或明确独立意图；围绕主题完整回答并链接核心页。,BUILD_P1
/seedance/platforms,SUBPAGE,P1,NEW,PLATFORM_HUB,/seedance-api;/seedance-2-0,"Where to Use Seedance: Platforms, Providers & Access",Seedance Platforms & Providers,61,ZERO_VOLUME_SUPPORT,seedance 2.0 fal,seedance 2.0 fal,CANONICAL,0,870,--,KEEP_P0,ZERO_VOLUME_RELEVANT,Platforms / Providers,普通子页面：用于稳定、长期、功能型或明确独立意图；围绕主题完整回答并链接核心页。,BUILD_P1
/seedance/platforms,SUBPAGE,P1,NEW,PLATFORM_HUB,/seedance-api;/seedance-2-0,"Where to Use Seedance: Platforms, Providers & Access",Seedance Platforms & Providers,62,ZERO_VOLUME_SUPPORT,higgsfield ai seedance 2.0,higgsfield ai seedance 2.0,CANONICAL,0,757,51,KEEP_P0,ZERO_VOLUME_RELEVANT,Platforms / Providers,普通子页面：用于稳定、长期、功能型或明确独立意图；围绕主题完整回答并链接核心页。,BUILD_P1
/seedance/platforms,SUBPAGE,P1,NEW,PLATFORM_HUB,/seedance-api;/seedance-2-0,"Where to Use Seedance: Platforms, Providers & Access",Seedance Platforms & Providers,63,ZERO_VOLUME_SUPPORT,seedance 2.0 on openart ai,seedance 2.0 on openart ai,CANONICAL,0,457,39,KEEP_P0,ZERO_VOLUME_RELEVANT,Platforms / Providers,普通子页面：用于稳定、长期、功能型或明确独立意图；围绕主题完整回答并链接核心页。,BUILD_P1
/seedance/platforms,SUBPAGE,P1,NEW,PLATFORM_HUB,/seedance-api;/seedance-2-0,"Where to Use Seedance: Platforms, Providers & Access",Seedance Platforms & Providers,64,ZERO_VOLUME_SUPPORT,seedance replicate,seedance replicate,CANONICAL,0,411,--,KEEP_P1,ZERO_VOLUME_RELEVANT,Platforms / Providers,普通子页面：用于稳定、长期、功能型或明确独立意图；围绕主题完整回答并链接核心页。,BUILD_P1
/seedance/platforms,SUBPAGE,P1,NEW,PLATFORM_HUB,/seedance-api;/seedance-2-0,"Where to Use Seedance: Platforms, Providers & Access",Seedance Platforms & Providers,65,ZERO_VOLUME_SUPPORT,byteplus seedance 2,byteplus seedance 2,CANONICAL,0,378,--,KEEP_P1,ZERO_VOLUME_RELEVANT,Platforms / Providers,普通子页面：用于稳定、长期、功能型或明确独立意图；围绕主题完整回答并链接核心页。,BUILD_P1
/seedance/platforms,SUBPAGE,P1,NEW,PLATFORM_HUB,/seedance-api;/seedance-2-0,"Where to Use Seedance: Platforms, Providers & Access",Seedance Platforms & Providers,66,ZERO_VOLUME_SUPPORT,seedance 2.0 byteplus,seedance 2.0 byteplus,CANONICAL,0,321,48,KEEP_P0,ZERO_VOLUME_RELEVANT,Platforms / Providers,普通子页面：用于稳定、长期、功能型或明确独立意图；围绕主题完整回答并链接核心页。,BUILD_P1
/seedance/platforms,SUBPAGE,P1,NEW,PLATFORM_HUB,/seedance-api;/seedance-2-0,"Where to Use Seedance: Platforms, Providers & Access",Seedance Platforms & Providers,67,ZERO_VOLUME_SUPPORT,micro saas using seedance higgsfield ai,micro saas using seedance higgsfield ai,CANONICAL,0,282,--,KEEP_P1,ZERO_VOLUME_RELEVANT,Platforms / Providers,普通子页面：用于稳定、长期、功能型或明确独立意图；围绕主题完整回答并链接核心页。,BUILD_P1
/seedance/platforms,SUBPAGE,P1,NEW,PLATFORM_HUB,/seedance-api;/seedance-2-0,"Where to Use Seedance: Platforms, Providers & Access",Seedance Platforms & Providers,68,ZERO_VOLUME_SUPPORT,wavespeed seedance 2.0,wavespeed seedance 2.0,CANONICAL,0,276,--,KEEP_P0,ZERO_VOLUME_RELEVANT,Platforms / Providers,普通子页面：用于稳定、长期、功能型或明确独立意图；围绕主题完整回答并链接核心页。,BUILD_P1
/seedance/platforms,SUBPAGE,P1,NEW,PLATFORM_HUB,/seedance-api;/seedance-2-0,"Where to Use Seedance: Platforms, Providers & Access",Seedance Platforms & Providers,69,ZERO_VOLUME_SUPPORT,seedance fal ai,seedance fal ai,CANONICAL,0,236,--,KEEP_P1,ZERO_VOLUME_RELEVANT,Platforms / Providers,普通子页面：用于稳定、长期、功能型或明确独立意图；围绕主题完整回答并链接核心页。,BUILD_P1
/seedance/platforms,SUBPAGE,P1,NEW,PLATFORM_HUB,/seedance-api;/seedance-2-0,"Where to Use Seedance: Platforms, Providers & Access",Seedance Platforms & Providers,70,ZERO_VOLUME_SUPPORT,"dreamina seedance 2.0,","dreamina seedance 2.0,",CANONICAL,0,189,75,KEEP_P0,ZERO_VOLUME_RELEVANT,Platforms / Providers,普通子页面：用于稳定、长期、功能型或明确独立意图；围绕主题完整回答并链接核心页。,BUILD_P1
/seedance/platforms,SUBPAGE,P1,NEW,PLATFORM_HUB,/seedance-api;/seedance-2-0,"Where to Use Seedance: Platforms, Providers & Access",Seedance Platforms & Providers,71,ZERO_VOLUME_SUPPORT,豆包 seedance 2.0,豆包 seedance 2.0,CANONICAL,0,162,36,KEEP_P0,ZERO_VOLUME_RELEVANT,2.0 Core / Generator,普通子页面：用于稳定、长期、功能型或明确独立意图；围绕主题完整回答并链接核心页。,BUILD_P1
/seedance/platforms,SUBPAGE,P1,NEW,PLATFORM_HUB,/seedance-api;/seedance-2-0,"Where to Use Seedance: Platforms, Providers & Access",Seedance Platforms & Providers,72,ZERO_VOLUME_SUPPORT,dreamina capcut seedance 2.0,dreamina capcut seedance 2.0,CANONICAL,0,158,78,KEEP_P0,ZERO_VOLUME_RELEVANT,Platforms / Providers,普通子页面：用于稳定、长期、功能型或明确独立意图；围绕主题完整回答并链接核心页。,BUILD_P1
/seedance/platforms,SUBPAGE,P1,NEW,PLATFORM_HUB,/seedance-api;/seedance-2-0,"Where to Use Seedance: Platforms, Providers & Access",Seedance Platforms & Providers,73,ZERO_VOLUME_SUPPORT,seedance 2 dreamina,seedance 2 dreamina,CANONICAL,0,150,--,KEEP_P1,ZERO_VOLUME_RELEVANT,Platforms / Providers,普通子页面：用于稳定、长期、功能型或明确独立意图；围绕主题完整回答并链接核心页。,BUILD_P1
/seedance/platforms,SUBPAGE,P1,NEW,PLATFORM_HUB,/seedance-api;/seedance-2-0,"Where to Use Seedance: Platforms, Providers & Access",Seedance Platforms & Providers,74,ZERO_VOLUME_SUPPORT,what is dreamina seedance 2.0,what is dreamina seedance 2.0,CANONICAL,0,148,--,KEEP_P0,ZERO_VOLUME_RELEVANT,Platforms / Providers,普通子页面：用于稳定、长期、功能型或明确独立意图；围绕主题完整回答并链接核心页。,BUILD_P1
/seedance/platforms,SUBPAGE,P1,NEW,PLATFORM_HUB,/seedance-api;/seedance-2-0,"Where to Use Seedance: Platforms, Providers & Access",Seedance Platforms & Providers,75,ZERO_VOLUME_SUPPORT,dreamina seedance 2.0  from how,dreamina seedance 2.0 from how,CANONICAL,0,124,--,KEEP_P0,ZERO_VOLUME_RELEVANT,Platforms / Providers,普通子页面：用于稳定、长期、功能型或明确独立意图；围绕主题完整回答并链接核心页。,BUILD_P1
/seedance/platforms,SUBPAGE,P1,NEW,PLATFORM_HUB,/seedance-api;/seedance-2-0,"Where to Use Seedance: Platforms, Providers & Access",Seedance Platforms & Providers,76,ZERO_VOLUME_SUPPORT,replicate seedance 2,replicate seedance 2,CANONICAL,0,119,--,KEEP_P1,ZERO_VOLUME_RELEVANT,Platforms / Providers,普通子页面：用于稳定、长期、功能型或明确独立意图；围绕主题完整回答并链接核心页。,BUILD_P1
/seedance/platforms,SUBPAGE,P1,NEW,PLATFORM_HUB,/seedance-api;/seedance-2-0,"Where to Use Seedance: Platforms, Providers & Access",Seedance Platforms & Providers,77,ZERO_VOLUME_SUPPORT,runway tem seedance 2.0 ?,runway tem seedance 2.0 ?,CANONICAL,0,119,1,KEEP_P1,ZERO_VOLUME_RELEVANT,Platforms / Providers,普通子页面：用于稳定、长期、功能型或明确独立意图；围绕主题完整回答并链接核心页。,BUILD_P1
/seedance/platforms,SUBPAGE,P1,NEW,PLATFORM_HUB,/seedance-api;/seedance-2-0,"Where to Use Seedance: Platforms, Providers & Access",Seedance Platforms & Providers,78,ZERO_VOLUME_SUPPORT,capcutseedance2,capcutseedance2,CANONICAL,0,118,--,KEEP_P1,ZERO_VOLUME_RELEVANT,Platforms / Providers,普通子页面：用于稳定、长期、功能型或明确独立意图；围绕主题完整回答并链接核心页。,BUILD_P1
/seedance/platforms,SUBPAGE,P1,NEW,PLATFORM_HUB,/seedance-api;/seedance-2-0,"Where to Use Seedance: Platforms, Providers & Access",Seedance Platforms & Providers,79,ZERO_VOLUME_SUPPORT,runway ai seedance,runway ai seedance,CANONICAL,0,116,--,KEEP_P1,ZERO_VOLUME_RELEVANT,Platforms / Providers,普通子页面：用于稳定、长期、功能型或明确独立意图；围绕主题完整回答并链接核心页。,BUILD_P1
/seedance/platforms,SUBPAGE,P1,NEW,PLATFORM_HUB,/seedance-api;/seedance-2-0,"Where to Use Seedance: Platforms, Providers & Access",Seedance Platforms & Providers,80,ZERO_VOLUME_SUPPORT,seedance 2.0 elevenlabs,seedance 2.0 elevenlabs,CANONICAL,0,110,--,KEEP_P0,ZERO_VOLUME_RELEVANT,Platforms / Providers,普通子页面：用于稳定、长期、功能型或明确独立意图；围绕主题完整回答并链接核心页。,BUILD_P1
/seedance/platforms,SUBPAGE,P1,NEW,PLATFORM_HUB,/seedance-api;/seedance-2-0,"Where to Use Seedance: Platforms, Providers & Access",Seedance Platforms & Providers,81,ZERO_VOLUME_SUPPORT,dreamina seedance 2.0 omni reference,dreamina seedance 2.0 omni reference,CANONICAL,0,106,53,KEEP_P0,ZERO_VOLUME_RELEVANT,Platforms / Providers,普通子页面：用于稳定、长期、功能型或明确独立意图；围绕主题完整回答并链接核心页。,BUILD_P1
/seedance/platforms,SUBPAGE,P1,NEW,PLATFORM_HUB,/seedance-api;/seedance-2-0,"Where to Use Seedance: Platforms, Providers & Access",Seedance Platforms & Providers,82,ZERO_VOLUME_SUPPORT,how many seedance video can i create in openart,how many seedance video can i create in openart,CANONICAL,0,106,35,KEEP_P1,ZERO_VOLUME_RELEVANT,Platforms / Providers,普通子页面：用于稳定、长期、功能型或明确独立意图；围绕主题完整回答并链接核心页。,BUILD_P1
/seedance/platforms,SUBPAGE,P1,NEW,PLATFORM_HUB,/seedance-api;/seedance-2-0,"Where to Use Seedance: Platforms, Providers & Access",Seedance Platforms & Providers,83,ZERO_VOLUME_SUPPORT,capcut seedance2.0,capcut seedance2.0,CANONICAL,0,105,--,KEEP_P0,ZERO_VOLUME_RELEVANT,Platforms / Providers,普通子页面：用于稳定、长期、功能型或明确独立意图；围绕主题完整回答并链接核心页。,BUILD_P1
/seedance/platforms,SUBPAGE,P1,NEW,PLATFORM_HUB,/seedance-api;/seedance-2-0,"Where to Use Seedance: Platforms, Providers & Access",Seedance Platforms & Providers,84,ZERO_VOLUME_SUPPORT,capcut’s seedance workspace,capcut’s seedance workspace,CANONICAL,0,105,--,KEEP_P1,ZERO_VOLUME_RELEVANT,Platforms / Providers,普通子页面：用于稳定、长期、功能型或明确独立意图；围绕主题完整回答并链接核心页。,BUILD_P1
/seedance/platforms,SUBPAGE,P1,NEW,PLATFORM_HUB,/seedance-api;/seedance-2-0,"Where to Use Seedance: Platforms, Providers & Access",Seedance Platforms & Providers,85,ZERO_VOLUME_SUPPORT,seedance ai dreamina,seedance ai dreamina,CANONICAL,0,105,--,KEEP_P1,ZERO_VOLUME_RELEVANT,Platforms / Providers,普通子页面：用于稳定、长期、功能型或明确独立意图；围绕主题完整回答并链接核心页。,BUILD_P1
/seedance/platforms,SUBPAGE,P1,NEW,PLATFORM_HUB,/seedance-api;/seedance-2-0,"Where to Use Seedance: Platforms, Providers & Access",Seedance Platforms & Providers,86,TYPO_SUPPORT,dreamina sedance 2.0,dreamina seedance 2.0,TYPO,430,10,--,KEEP_P0,HAS_VOLUME,Platforms / Providers,普通子页面：用于稳定、长期、功能型或明确独立意图；围绕主题完整回答并链接核心页。,BUILD_P1
/seedance/platforms,SUBPAGE,P1,NEW,PLATFORM_HUB,/seedance-api;/seedance-2-0,"Where to Use Seedance: Platforms, Providers & Access",Seedance Platforms & Providers,87,TYPO_SUPPORT,higgsfield sedance 4k,higgsfield seedance 4k,TYPO,170,28,--,KEEP_P1,HAS_VOLUME,Platforms / Providers,普通子页面：用于稳定、长期、功能型或明确独立意图；围绕主题完整回答并链接核心页。,BUILD_P1
/seedance/troubleshooting,SUBPAGE,P1,NEW,SUPPORT,/how-to-use-seedance;/seedance-2-0,"Seedance Troubleshooting: Failed Generations, Quality & Common Errors",Seedance Troubleshooting,1,PRIMARY,seedance prominent people error,seedance prominent people error,CANONICAL,750,0,--,KEEP_P2,HAS_VOLUME,Troubleshooting / Support,普通子页面：用于稳定、长期、功能型或明确独立意图；围绕主题完整回答并链接核心页。,BUILD_P1
/seedance/troubleshooting,SUBPAGE,P1,NEW,SUPPORT,/how-to-use-seedance;/seedance-2-0,"Seedance Troubleshooting: Failed Generations, Quality & Common Errors",Seedance Troubleshooting,2,PRIMARY,artcraft seedance 2.0 contain real person error,artcraft seedance 2.0 contain real person error,CANONICAL,730,30,--,KEEP_P2,HAS_VOLUME,Troubleshooting / Support,普通子页面：用于稳定、长期、功能型或明确独立意图；围绕主题完整回答并链接核心页。,BUILD_P1
/seedance/troubleshooting,SUBPAGE,P1,NEW,SUPPORT,/how-to-use-seedance;/seedance-2-0,"Seedance Troubleshooting: Failed Generations, Quality & Common Errors",Seedance Troubleshooting,3,PRIMARY,slow motion in seedance,slow motion in seedance,CANONICAL,640,0,--,KEEP_P2,HAS_VOLUME,Troubleshooting / Support,普通子页面：用于稳定、长期、功能型或明确独立意图；围绕主题完整回答并链接核心页。,BUILD_P1
/seedance/troubleshooting,SUBPAGE,P1,NEW,SUPPORT,/how-to-use-seedance;/seedance-2-0,"Seedance Troubleshooting: Failed Generations, Quality & Common Errors",Seedance Troubleshooting,4,PRIMARY,seedance 2.0 supported languages,seedance 2.0 supported languages,CANONICAL,510,307,40,KEEP_P0,HAS_VOLUME,2.0 Core / Generator,普通子页面：用于稳定、长期、功能型或明确独立意图；围绕主题完整回答并链接核心页。,BUILD_P1
/seedance/troubleshooting,SUBPAGE,P1,NEW,SUPPORT,/how-to-use-seedance;/seedance-2-0,"Seedance Troubleshooting: Failed Generations, Quality & Common Errors",Seedance Troubleshooting,5,PRIMARY,is there an issue with seedance flagging everything even original stuff,is there an issue with seedance flagging everything even original stuff,CANONICAL,370,0,--,KEEP_P2,HAS_VOLUME,Troubleshooting / Support,普通子页面：用于稳定、长期、功能型或明确独立意图；围绕主题完整回答并链接核心页。,BUILD_P1
/seedance/troubleshooting,SUBPAGE,P1,NEW,SUPPORT,/how-to-use-seedance;/seedance-2-0,"Seedance Troubleshooting: Failed Generations, Quality & Common Errors",Seedance Troubleshooting,6,PRIMARY,face id seedance error a una imagen que no contiene nada de marca,face id seedance error a una imagen que no contiene nada de marca,CANONICAL,340,0,--,KEEP_P2,HAS_VOLUME,Troubleshooting / Support,普通子页面：用于稳定、长期、功能型或明确独立意图；围绕主题完整回答并链接核心页。,BUILD_P1
/seedance/troubleshooting,SUBPAGE,P1,NEW,SUPPORT,/how-to-use-seedance;/seedance-2-0,"Seedance Troubleshooting: Failed Generations, Quality & Common Errors",Seedance Troubleshooting,7,PRIMARY,seedance error face id,seedance error face id,CANONICAL,340,0,--,KEEP_P2,HAS_VOLUME,Troubleshooting / Support,普通子页面：用于稳定、长期、功能型或明确独立意图；围绕主题完整回答并链接核心页。,BUILD_P1
/seedance/troubleshooting,SUBPAGE,P1,NEW,SUPPORT,/how-to-use-seedance;/seedance-2-0,"Seedance Troubleshooting: Failed Generations, Quality & Common Errors",Seedance Troubleshooting,8,PRIMARY,the request failed because the input video 'content[1]' may contain real person seedance,the request failed because the input video 'content[1]' may contain real person seedance,CANONICAL,330,0,--,KEEP_P0,HAS_VOLUME,Homepage / Generic Seedance,普通子页面：用于稳定、长期、功能型或明确独立意图；围绕主题完整回答并链接核心页。,BUILD_P1
/seedance/troubleshooting,SUBPAGE,P1,NEW,SUPPORT,/how-to-use-seedance;/seedance-2-0,"Seedance Troubleshooting: Failed Generations, Quality & Common Errors",Seedance Troubleshooting,9,SECONDARY,rejected due to copyright restrictions higgsfield seedance 2.0 even though its my own content,rejected due to copyright restrictions higgsfield seedance 2.0 even though its my own content,CANONICAL,320,13,--,KEEP_P0,HAS_VOLUME,Platforms / Providers,普通子页面：用于稳定、长期、功能型或明确独立意图；围绕主题完整回答并链接核心页。,BUILD_P1
/seedance/troubleshooting,SUBPAGE,P1,NEW,SUPPORT,/how-to-use-seedance;/seedance-2-0,"Seedance Troubleshooting: Failed Generations, Quality & Common Errors",Seedance Troubleshooting,10,SECONDARY,seedance2.0 rejected due to copyright restrictions bypass,seedance2.0 rejected due to copyright restrictions bypass,CANONICAL,310,0,--,KEEP_P2,HAS_VOLUME,Watermark / Copyright / Commercial Use,普通子页面：用于稳定、长期、功能型或明确独立意图；围绕主题完整回答并链接核心页。,BUILD_P1
/seedance/troubleshooting,SUBPAGE,P1,NEW,SUPPORT,/how-to-use-seedance;/seedance-2-0,"Seedance Troubleshooting: Failed Generations, Quality & Common Errors",Seedance Troubleshooting,11,SECONDARY,seedance real person error,seedance real person error,CANONICAL,240,95,--,KEEP_P2,HAS_VOLUME,Troubleshooting / Support,普通子页面：用于稳定、长期、功能型或明确独立意图；围绕主题完整回答并链接核心页。,BUILD_P1
/seedance/troubleshooting,SUBPAGE,P1,NEW,SUPPORT,/how-to-use-seedance;/seedance-2-0,"Seedance Troubleshooting: Failed Generations, Quality & Common Errors",Seedance Troubleshooting,12,SECONDARY,"seedance error, creditos no bajan","seedance error, creditos no bajan",CANONICAL,230,0,--,KEEP_P2,HAS_VOLUME,Troubleshooting / Support,普通子页面：用于稳定、长期、功能型或明确独立意图；围绕主题完整回答并链接核心页。,BUILD_P1
/seedance/troubleshooting,SUBPAGE,P1,NEW,SUPPORT,/how-to-use-seedance;/seedance-2-0,"Seedance Troubleshooting: Failed Generations, Quality & Common Errors",Seedance Troubleshooting,13,SECONDARY,seedance 2.0 issues,seedance 2.0 issues,CANONICAL,210,0,--,KEEP_P2,HAS_VOLUME,Troubleshooting / Support,普通子页面：用于稳定、长期、功能型或明确独立意图；围绕主题完整回答并链接核心页。,BUILD_P1
/seedance/troubleshooting,SUBPAGE,P1,NEW,SUPPORT,/how-to-use-seedance;/seedance-2-0,"Seedance Troubleshooting: Failed Generations, Quality & Common Errors",Seedance Troubleshooting,14,SECONDARY,seedance billing issue,seedance billing issue,CANONICAL,170,15,--,KEEP_P2,HAS_VOLUME,Troubleshooting / Support,普通子页面：用于稳定、长期、功能型或明确独立意图；围绕主题完整回答并链接核心页。,BUILD_P1
/seedance/troubleshooting,SUBPAGE,P1,NEW,SUPPORT,/how-to-use-seedance;/seedance-2-0,"Seedance Troubleshooting: Failed Generations, Quality & Common Errors",Seedance Troubleshooting,15,SECONDARY,seedance stuck processing,seedance stuck processing,CANONICAL,170,0,--,KEEP_P2,HAS_VOLUME,Troubleshooting / Support,普通子页面：用于稳定、长期、功能型或明确独立意图；围绕主题完整回答并链接核心页。,BUILD_P1
/seedance/troubleshooting,SUBPAGE,P1,NEW,SUPPORT,/how-to-use-seedance;/seedance-2-0,"Seedance Troubleshooting: Failed Generations, Quality & Common Errors",Seedance Troubleshooting,16,SECONDARY,seedance stuck processing can't cancel through site,seedance stuck processing can't cancel through site,CANONICAL,170,0,--,KEEP_P2,HAS_VOLUME,Troubleshooting / Support,普通子页面：用于稳定、长期、功能型或明确独立意图；围绕主题完整回答并链接核心页。,BUILD_P1
/seedance/troubleshooting,SUBPAGE,P1,NEW,SUPPORT,/how-to-use-seedance;/seedance-2-0,"Seedance Troubleshooting: Failed Generations, Quality & Common Errors",Seedance Troubleshooting,17,SECONDARY,how can higgsfield bypass seedance human reference error,how can higgsfield bypass seedance human reference error,CANONICAL,160,0,--,KEEP_P1,HAS_VOLUME,Platforms / Providers,普通子页面：用于稳定、长期、功能型或明确独立意图；围绕主题完整回答并链接核心页。,BUILD_P1
/seedance/troubleshooting,SUBPAGE,P1,NEW,SUPPORT,/how-to-use-seedance;/seedance-2-0,"Seedance Troubleshooting: Failed Generations, Quality & Common Errors",Seedance Troubleshooting,18,SECONDARY,bytedance seedance the request failed because the input image 'content[1]' may contain real person.,bytedance seedance the request failed because the input image 'content[1]' may contain real person.,CANONICAL,140,0,--,KEEP_P0,HAS_VOLUME,Homepage / Generic Seedance,普通子页面：用于稳定、长期、功能型或明确独立意图；围绕主题完整回答并链接核心页。,BUILD_P1
/seedance/troubleshooting,SUBPAGE,P1,NEW,SUPPORT,/how-to-use-seedance;/seedance-2-0,"Seedance Troubleshooting: Failed Generations, Quality & Common Errors",Seedance Troubleshooting,19,SECONDARY,how to fix the overlay text error on higgsfield seedance,how to fix the overlay text error on higgsfield seedance,CANONICAL,130,9,--,KEEP_P1,HAS_VOLUME,Platforms / Providers,普通子页面：用于稳定、长期、功能型或明确独立意图；围绕主题完整回答并链接核心页。,BUILD_P1
/seedance/troubleshooting,SUBPAGE,P1,NEW,SUPPORT,/how-to-use-seedance;/seedance-2-0,"Seedance Troubleshooting: Failed Generations, Quality & Common Errors",Seedance Troubleshooting,20,SECONDARY,seedance speech quality issues non english language,seedance speech quality issues non english language,CANONICAL,110,0,--,KEEP_P2,HAS_VOLUME,Troubleshooting / Support,普通子页面：用于稳定、长期、功能型或明确独立意图；围绕主题完整回答并链接核心页。,BUILD_P1
/seedance/troubleshooting,SUBPAGE,P1,NEW,SUPPORT,/how-to-use-seedance;/seedance-2-0,"Seedance Troubleshooting: Failed Generations, Quality & Common Errors",Seedance Troubleshooting,21,SECONDARY,seedance voice quality issues,seedance voice quality issues,CANONICAL,110,0,--,KEEP_P2,HAS_VOLUME,Troubleshooting / Support,普通子页面：用于稳定、长期、功能型或明确独立意图；围绕主题完整回答并链接核心页。,BUILD_P1
/seedance/troubleshooting,SUBPAGE,P1,NEW,SUPPORT,/how-to-use-seedance;/seedance-2-0,"Seedance Troubleshooting: Failed Generations, Quality & Common Errors",Seedance Troubleshooting,22,SECONDARY,seedance 2.0 sensitive content error,seedance 2.0 sensitive content error,CANONICAL,100,0,--,KEEP_P2,HAS_VOLUME,Troubleshooting / Support,普通子页面：用于稳定、长期、功能型或明确独立意图；围绕主题完整回答并链接核心页。,BUILD_P1
/seedance/troubleshooting,SUBPAGE,P1,NEW,SUPPORT,/how-to-use-seedance;/seedance-2-0,"Seedance Troubleshooting: Failed Generations, Quality & Common Errors",Seedance Troubleshooting,23,SECONDARY,seedream to seedance realistic human rejected,seedream to seedance realistic human rejected,CANONICAL,100,0,--,KEEP_P1,HAS_VOLUME,Homepage / Generic Seedance,普通子页面：用于稳定、长期、功能型或明确独立意图；围绕主题完整回答并链接核心页。,BUILD_P1
/seedance/troubleshooting,SUBPAGE,P1,NEW,SUPPORT,/how-to-use-seedance;/seedance-2-0,"Seedance Troubleshooting: Failed Generations, Quality & Common Errors",Seedance Troubleshooting,24,SECONDARY,seedance 2.0 generation failed troubleshooting,seedance 2.0 generation failed troubleshooting,CANONICAL,30,71,--,KEEP_P2,HAS_VOLUME,Troubleshooting / Support,普通子页面：用于稳定、长期、功能型或明确独立意图；围绕主题完整回答并链接核心页。,BUILD_P1
/seedance/troubleshooting,SUBPAGE,P1,NEW,SUPPORT,/how-to-use-seedance;/seedance-2-0,"Seedance Troubleshooting: Failed Generations, Quality & Common Errors",Seedance Troubleshooting,25,SECONDARY,seedance error,seedance error,CANONICAL,30,10,--,KEEP_P2,HAS_VOLUME,Troubleshooting / Support,普通子页面：用于稳定、长期、功能型或明确独立意图；围绕主题完整回答并链接核心页。,BUILD_P1
/seedance/troubleshooting,SUBPAGE,P1,NEW,SUPPORT,/how-to-use-seedance;/seedance-2-0,"Seedance Troubleshooting: Failed Generations, Quality & Common Errors",Seedance Troubleshooting,26,ZERO_VOLUME_SUPPORT,seedance 2.0 error material too large,seedance 2.0 error material too large,CANONICAL,0,46,--,KEEP_P2,ZERO_VOLUME_RELEVANT,Troubleshooting / Support,普通子页面：用于稳定、长期、功能型或明确独立意图；围绕主题完整回答并链接核心页。,BUILD_P1
/seedance/troubleshooting,SUBPAGE,P1,NEW,SUPPORT,/how-to-use-seedance;/seedance-2-0,"Seedance Troubleshooting: Failed Generations, Quality & Common Errors",Seedance Troubleshooting,27,ZERO_VOLUME_SUPPORT,how to tell seedance 2.0 to pan camera to the right slowly,how to tell seedance 2.0 to pan camera to the right slowly,CANONICAL,0,40,2,KEEP_P2,ZERO_VOLUME_RELEVANT,Troubleshooting / Support,普通子页面：用于稳定、长期、功能型或明确独立意图；围绕主题完整回答并链接核心页。,BUILD_P1
/seedance/troubleshooting,SUBPAGE,P1,NEW,SUPPORT,/how-to-use-seedance;/seedance-2-0,"Seedance Troubleshooting: Failed Generations, Quality & Common Errors",Seedance Troubleshooting,28,ZERO_VOLUME_SUPPORT,seedance mini s bad quality,seedance mini s bad quality,CANONICAL,0,36,--,KEEP_P2,ZERO_VOLUME_RELEVANT,Troubleshooting / Support,普通子页面：用于稳定、长期、功能型或明确独立意图；围绕主题完整回答并链接核心页。,BUILD_P1
/seedance/troubleshooting,SUBPAGE,P1,NEW,SUPPORT,/how-to-use-seedance;/seedance-2-0,"Seedance Troubleshooting: Failed Generations, Quality & Common Errors",Seedance Troubleshooting,29,ZERO_VOLUME_SUPPORT,failed to process video file seedance,failed to process video file seedance,CANONICAL,0,34,--,KEEP_P0,ZERO_VOLUME_RELEVANT,Homepage / Generic Seedance,普通子页面：用于稳定、长期、功能型或明确独立意图；围绕主题完整回答并链接核心页。,BUILD_P1
/seedance/troubleshooting,SUBPAGE,P1,NEW,SUPPORT,/how-to-use-seedance;/seedance-2-0,"Seedance Troubleshooting: Failed Generations, Quality & Common Errors",Seedance Troubleshooting,30,ZERO_VOLUME_SUPPORT,seedance failed to precess file,seedance failed to precess file,CANONICAL,0,34,--,KEEP_P2,ZERO_VOLUME_RELEVANT,Homepage / Generic Seedance,普通子页面：用于稳定、长期、功能型或明确独立意图；围绕主题完整回答并链接核心页。,BUILD_P1
/seedance/troubleshooting,SUBPAGE,P1,NEW,SUPPORT,/how-to-use-seedance;/seedance-2-0,"Seedance Troubleshooting: Failed Generations, Quality & Common Errors",Seedance Troubleshooting,31,ZERO_VOLUME_SUPPORT,seedance 2.0 refereances ugc error,seedance 2.0 refereances ugc error,CANONICAL,0,32,--,KEEP_P2,ZERO_VOLUME_RELEVANT,Troubleshooting / Support,普通子页面：用于稳定、长期、功能型或明确独立意图；围绕主题完整回答并链接核心页。,BUILD_P1
/seedance/troubleshooting,SUBPAGE,P1,NEW,SUPPORT,/how-to-use-seedance;/seedance-2-0,"Seedance Troubleshooting: Failed Generations, Quality & Common Errors",Seedance Troubleshooting,32,ZERO_VOLUME_SUPPORT,seedance something went wrong refresh and try again error,seedance something went wrong refresh and try again error,CANONICAL,0,29,--,KEEP_P2,ZERO_VOLUME_RELEVANT,Troubleshooting / Support,普通子页面：用于稳定、长期、功能型或明确独立意图；围绕主题完整回答并链接核心页。,BUILD_P1
/seedance/troubleshooting,SUBPAGE,P1,NEW,SUPPORT,/how-to-use-seedance;/seedance-2-0,"Seedance Troubleshooting: Failed Generations, Quality & Common Errors",Seedance Troubleshooting,33,ZERO_VOLUME_SUPPORT,seedance is slow today,seedance is slow today,CANONICAL,0,27,--,KEEP_P2,ZERO_VOLUME_RELEVANT,Troubleshooting / Support,普通子页面：用于稳定、长期、功能型或明确独立意图；围绕主题完整回答并链接核心页。,BUILD_P1
/seedance/troubleshooting,SUBPAGE,P1,NEW,SUPPORT,/how-to-use-seedance;/seedance-2-0,"Seedance Troubleshooting: Failed Generations, Quality & Common Errors",Seedance Troubleshooting,34,ZERO_VOLUME_SUPPORT,higgsfield seedance cli stuck processing,higgsfield seedance cli stuck processing,CANONICAL,0,26,--,KEEP_P2,ZERO_VOLUME_RELEVANT,Platforms / Providers,普通子页面：用于稳定、长期、功能型或明确独立意图；围绕主题完整回答并链接核心页。,BUILD_P1
/seedance/troubleshooting,SUBPAGE,P1,NEW,SUPPORT,/how-to-use-seedance;/seedance-2-0,"Seedance Troubleshooting: Failed Generations, Quality & Common Errors",Seedance Troubleshooting,35,ZERO_VOLUME_SUPPORT,seedance queue times,seedance queue times,CANONICAL,0,23,--,KEEP_P2,ZERO_VOLUME_RELEVANT,Troubleshooting / Support,普通子页面：用于稳定、长期、功能型或明确独立意图；围绕主题完整回答并链接核心页。,BUILD_P1
/seedance/troubleshooting,SUBPAGE,P1,NEW,SUPPORT,/how-to-use-seedance;/seedance-2-0,"Seedance Troubleshooting: Failed Generations, Quality & Common Errors",Seedance Troubleshooting,36,ZERO_VOLUME_SUPPORT,seedance mini 2.0 flagging issue,seedance mini 2.0 flagging issue,CANONICAL,0,18,--,KEEP_P2,ZERO_VOLUME_RELEVANT,Troubleshooting / Support,普通子页面：用于稳定、长期、功能型或明确独立意图；围绕主题完整回答并链接核心页。,BUILD_P1
/seedance/troubleshooting,SUBPAGE,P1,NEW,SUPPORT,/how-to-use-seedance;/seedance-2-0,"Seedance Troubleshooting: Failed Generations, Quality & Common Errors",Seedance Troubleshooting,37,ZERO_VOLUME_SUPPORT,seedance 2 remove slow motion,seedance 2 remove slow motion,CANONICAL,0,16,--,KEEP_P2,ZERO_VOLUME_RELEVANT,Troubleshooting / Support,普通子页面：用于稳定、长期、功能型或明确独立意图；围绕主题完整回答并链接核心页。,BUILD_P1
/seedance/troubleshooting,SUBPAGE,P1,NEW,SUPPORT,/how-to-use-seedance;/seedance-2-0,"Seedance Troubleshooting: Failed Generations, Quality & Common Errors",Seedance Troubleshooting,38,ZERO_VOLUME_SUPPORT,seedance audio issues,seedance audio issues,CANONICAL,0,16,--,KEEP_P2,ZERO_VOLUME_RELEVANT,Troubleshooting / Support,普通子页面：用于稳定、长期、功能型或明确独立意图；围绕主题完整回答并链接核心页。,BUILD_P1
/seedance/troubleshooting,SUBPAGE,P1,NEW,SUPPORT,/how-to-use-seedance;/seedance-2-0,"Seedance Troubleshooting: Failed Generations, Quality & Common Errors",Seedance Troubleshooting,39,ZERO_VOLUME_SUPPORT,issuewire.com      seedance2.com,issuewire.com seedance2.com,CANONICAL,0,9,--,KEEP_P2,ZERO_VOLUME_RELEVANT,Troubleshooting / Support,普通子页面：用于稳定、长期、功能型或明确独立意图；围绕主题完整回答并链接核心页。,BUILD_P1
/seedance/troubleshooting,SUBPAGE,P1,NEW,SUPPORT,/how-to-use-seedance;/seedance-2-0,"Seedance Troubleshooting: Failed Generations, Quality & Common Errors",Seedance Troubleshooting,40,ZERO_VOLUME_SUPPORT,issuewire.com      seedance20.com,issuewire.com seedance20.com,CANONICAL,0,9,--,KEEP_P2,ZERO_VOLUME_RELEVANT,Troubleshooting / Support,普通子页面：用于稳定、长期、功能型或明确独立意图；围绕主题完整回答并链接核心页。,BUILD_P1
/seedance/troubleshooting,SUBPAGE,P1,NEW,SUPPORT,/how-to-use-seedance;/seedance-2-0,"Seedance Troubleshooting: Failed Generations, Quality & Common Errors",Seedance Troubleshooting,41,ZERO_VOLUME_SUPPORT,issuewire.com        seedance2.so,issuewire.com seedance2.so,CANONICAL,0,8,--,KEEP_P2,ZERO_VOLUME_RELEVANT,Troubleshooting / Support,普通子页面：用于稳定、长期、功能型或明确独立意图；围绕主题完整回答并链接核心页。,BUILD_P1
/seedance/troubleshooting,SUBPAGE,P1,NEW,SUPPORT,/how-to-use-seedance;/seedance-2-0,"Seedance Troubleshooting: Failed Generations, Quality & Common Errors",Seedance Troubleshooting,42,ZERO_VOLUME_SUPPORT,issuewire.com       seedance2ai.io,issuewire.com seedance2ai.io,CANONICAL,0,8,--,KEEP_P2,ZERO_VOLUME_RELEVANT,Troubleshooting / Support,普通子页面：用于稳定、长期、功能型或明确独立意图；围绕主题完整回答并链接核心页。,BUILD_P1
/seedance/troubleshooting,SUBPAGE,P1,NEW,SUPPORT,/how-to-use-seedance;/seedance-2-0,"Seedance Troubleshooting: Failed Generations, Quality & Common Errors",Seedance Troubleshooting,43,ZERO_VOLUME_SUPPORT,seedance2 / issue wire,seedance2 / issue wire,CANONICAL,0,5,--,KEEP_P2,ZERO_VOLUME_RELEVANT,Troubleshooting / Support,普通子页面：用于稳定、长期、功能型或明确独立意图；围绕主题完整回答并链接核心页。,BUILD_P1
/seedance/troubleshooting,SUBPAGE,P1,NEW,SUPPORT,/how-to-use-seedance;/seedance-2-0,"Seedance Troubleshooting: Failed Generations, Quality & Common Errors",Seedance Troubleshooting,44,ZERO_VOLUME_SUPPORT,seedance2.0不能用人脸,seedance2.0不能用人脸,CANONICAL,0,0,--,KEEP_P0,ZERO_VOLUME_RELEVANT,Other / Contextual,普通子页面：用于稳定、长期、功能型或明确独立意图；围绕主题完整回答并链接核心页。,BUILD_P1
/seedance/versions,SUBPAGE,P1,NEW,SEO_SUBPAGE,/seedance-2-0;/seedance-2-5,"Seedance Versions: 1.0, 1.5 Pro, 2.0 and 2.5 Explained",Seedance Versions,1,PRIMARY,seedance 1.5,seedance 1.5,CANONICAL,3280,7909,19,KEEP_P1,HAS_VOLUME,Versions / Legacy Models,普通子页面：用于稳定、长期、功能型或明确独立意图；围绕主题完整回答并链接核心页。,BUILD_P1
/seedance/versions,SUBPAGE,P1,NEW,SEO_SUBPAGE,/seedance-2-0;/seedance-2-5,"Seedance Versions: 1.0, 1.5 Pro, 2.0 and 2.5 Explained",Seedance Versions,2,PRIMARY,seedance 1.5 pro,seedance 1.5 pro,CANONICAL,2390,14404,33,KEEP_P1,HAS_VOLUME,Versions / Legacy Models,普通子页面：用于稳定、长期、功能型或明确独立意图；围绕主题完整回答并链接核心页。,BUILD_P1
/seedance/versions,SUBPAGE,P1,NEW,SEO_SUBPAGE,/seedance-2-0;/seedance-2-5,"Seedance Versions: 1.0, 1.5 Pro, 2.0 and 2.5 Explained",Seedance Versions,3,PRIMARY,seedance 1,seedance 1,CANONICAL,1980,525,--,KEEP_P1,HAS_VOLUME,Versions / Legacy Models,普通子页面：用于稳定、长期、功能型或明确独立意图；围绕主题完整回答并链接核心页。,BUILD_P1
/seedance/versions,SUBPAGE,P1,NEW,SEO_SUBPAGE,/seedance-2-0;/seedance-2-5,"Seedance Versions: 1.0, 1.5 Pro, 2.0 and 2.5 Explained",Seedance Versions,4,PRIMARY,seedance 1.0,seedance 1.0,CANONICAL,1280,23611,36,KEEP_P1,HAS_VOLUME,Versions / Legacy Models,普通子页面：用于稳定、长期、功能型或明确独立意图；围绕主题完整回答并链接核心页。,BUILD_P1
/seedance/versions,SUBPAGE,P1,NEW,SEO_SUBPAGE,/seedance-2-0;/seedance-2-5,"Seedance Versions: 1.0, 1.5 Pro, 2.0 and 2.5 Explained",Seedance Versions,5,PRIMARY,seedance 1 existe til ?,seedance 1 existe til ?,CANONICAL,1000,0,--,KEEP_P1,HAS_VOLUME,Versions / Legacy Models,普通子页面：用于稳定、长期、功能型或明确独立意图；围绕主题完整回答并链接核心页。,BUILD_P1
/seedance/versions,SUBPAGE,P1,NEW,SEO_SUBPAGE,/seedance-2-0;/seedance-2-5,"Seedance Versions: 1.0, 1.5 Pro, 2.0 and 2.5 Explained",Seedance Versions,6,PRIMARY,does seedance 1.5 have audio,does seedance 1.5 have audio,CANONICAL,890,0,--,KEEP_P2,HAS_VOLUME,Versions / Legacy Models,普通子页面：用于稳定、长期、功能型或明确独立意图；围绕主题完整回答并链接核心页。,BUILD_P1
/seedance/versions,SUBPAGE,P1,NEW,SEO_SUBPAGE,/seedance-2-0;/seedance-2-5,"Seedance Versions: 1.0, 1.5 Pro, 2.0 and 2.5 Explained",Seedance Versions,7,PRIMARY,seedance 1.5 local,seedance 1.5 local,CANONICAL,710,46,--,KEEP_P2,HAS_VOLUME,Versions / Legacy Models,普通子页面：用于稳定、长期、功能型或明确独立意图；围绕主题完整回答并链接核心页。,BUILD_P1
/seedance/versions,SUBPAGE,P1,NEW,SEO_SUBPAGE,/seedance-2-0;/seedance-2-5,"Seedance Versions: 1.0, 1.5 Pro, 2.0 and 2.5 Explained",Seedance Versions,8,ZERO_VOLUME_SUPPORT,which one is better? seedance 1.5 pro or seedance 2.0?,which one is better? seedance 1.5 pro or seedance 2.0?,CANONICAL,0,94,--,KEEP_P2,ZERO_VOLUME_RELEVANT,Versions / Legacy Models,普通子页面：用于稳定、长期、功能型或明确独立意图；围绕主题完整回答并链接核心页。,BUILD_P1
/seedance/versions,SUBPAGE,P1,NEW,SEO_SUBPAGE,/seedance-2-0;/seedance-2-5,"Seedance Versions: 1.0, 1.5 Pro, 2.0 and 2.5 Explained",Seedance Versions,9,ZERO_VOLUME_SUPPORT,which one is better at fighting scene using ai? seedance 1.5 pro or pixverse v6?,which one is better at fighting scene using ai? seedance 1.5 pro or pixverse v6?,CANONICAL,0,60,--,KEEP_P2,ZERO_VOLUME_RELEVANT,Versions / Legacy Models,普通子页面：用于稳定、长期、功能型或明确独立意图；围绕主题完整回答并链接核心页。,BUILD_P1
/seedance/versions,SUBPAGE,P1,NEW,SEO_SUBPAGE,/seedance-2-0;/seedance-2-5,"Seedance Versions: 1.0, 1.5 Pro, 2.0 and 2.5 Explained",Seedance Versions,10,ZERO_VOLUME_SUPPORT,is seedance 1.0 or 1.5 pro better?,is seedance 1.0 or 1.5 pro better?,CANONICAL,0,43,--,KEEP_P2,ZERO_VOLUME_RELEVANT,Versions / Legacy Models,普通子页面：用于稳定、长期、功能型或明确独立意图；围绕主题完整回答并链接核心页。,BUILD_P1
/seedance/versions,SUBPAGE,P1,NEW,SEO_SUBPAGE,/seedance-2-0;/seedance-2-5,"Seedance Versions: 1.0, 1.5 Pro, 2.0 and 2.5 Explained",Seedance Versions,11,ZERO_VOLUME_SUPPORT,kling v1 seedance 1.0 fast,kling v1 seedance 1.0 fast,CANONICAL,0,41,32,KEEP_P2,ZERO_VOLUME_RELEVANT,Versions / Legacy Models,普通子页面：用于稳定、长期、功能型或明确独立意图；围绕主题完整回答并链接核心页。,BUILD_P1
/seedance/versions,SUBPAGE,P1,NEW,SEO_SUBPAGE,/seedance-2-0;/seedance-2-5,"Seedance Versions: 1.0, 1.5 Pro, 2.0 and 2.5 Explained",Seedance Versions,12,ZERO_VOLUME_SUPPORT,seedance 1.5 pro 20 lakh credit,seedance 1.5 pro 20 lakh credit,CANONICAL,0,28,--,KEEP_P2,ZERO_VOLUME_RELEVANT,Versions / Legacy Models,普通子页面：用于稳定、长期、功能型或明确独立意图；围绕主题完整回答并链接核心页。,BUILD_P1
/seedance/versions,SUBPAGE,P1,NEW,SEO_SUBPAGE,/seedance-2-0;/seedance-2-5,"Seedance Versions: 1.0, 1.5 Pro, 2.0 and 2.5 Explained",Seedance Versions,13,ZERO_VOLUME_SUPPORT,seedance 1.0 ai video generato lovart,seedance 1.0 ai video generato lovart,CANONICAL,0,8,--,KEEP_P2,ZERO_VOLUME_RELEVANT,Versions / Legacy Models,普通子页面：用于稳定、长期、功能型或明确独立意图；围绕主题完整回答并链接核心页。,BUILD_P1
/seedance/video-to-video,SUBPAGE,P1,NEW,WORKFLOW,/seedance-2-5;/how-to-use-seedance,Seedance Video-to-Video & Video Editing Guide,Seedance Video-to-Video,1,PRIMARY,seedance video to video,seedance video to video,CANONICAL,1070,439,--,KEEP_P1,HAS_VOLUME,Video-to-Video / Editing,普通子页面：用于稳定、长期、功能型或明确独立意图；围绕主题完整回答并链接核心页。,BUILD_P1
/seedance/video-to-video,SUBPAGE,P1,NEW,WORKFLOW,/seedance-2-5;/how-to-use-seedance,Seedance Video-to-Video & Video Editing Guide,Seedance Video-to-Video,2,PRIMARY,ia seedance 2.0 video to video prova,ia seedance 2.0 video to video prova,CANONICAL,1060,0,--,KEEP_P1,HAS_VOLUME,Video-to-Video / Editing,普通子页面：用于稳定、长期、功能型或明确独立意图；围绕主题完整回答并链接核心页。,BUILD_P1
/seedance/video-to-video,SUBPAGE,P1,NEW,WORKFLOW,/seedance-2-5;/how-to-use-seedance,Seedance Video-to-Video & Video Editing Guide,Seedance Video-to-Video,3,PRIMARY,higgsfield edit video seedance,higgsfield edit video seedance,CANONICAL,870,0,--,KEEP_P1,HAS_VOLUME,Platforms / Providers,普通子页面：用于稳定、长期、功能型或明确独立意图；围绕主题完整回答并链接核心页。,BUILD_P1
/seedance/video-to-video,SUBPAGE,P1,NEW,WORKFLOW,/seedance-2-5;/how-to-use-seedance,Seedance Video-to-Video & Video Editing Guide,Seedance Video-to-Video,4,PRIMARY,seedance 2.5 video inpaint,seedance 2.5 video inpaint,CANONICAL,490,0,--,KEEP_P2,HAS_VOLUME,Video-to-Video / Editing,普通子页面：用于稳定、长期、功能型或明确独立意图；围绕主题完整回答并链接核心页。,BUILD_P1
/seedance/video-to-video,SUBPAGE,P1,NEW,WORKFLOW,/seedance-2-5;/how-to-use-seedance,Seedance Video-to-Video & Video Editing Guide,Seedance Video-to-Video,5,PRIMARY,dreamina → seedance 2.5 → video-to-video,dreamina → seedance 2.5 → video-to-video,CANONICAL,450,0,--,KEEP_P1,HAS_VOLUME,Platforms / Providers,普通子页面：用于稳定、长期、功能型或明确独立意图；围绕主题完整回答并链接核心页。,BUILD_P1
/seedance/video-to-video,SUBPAGE,P1,NEW,WORKFLOW,/seedance-2-5;/how-to-use-seedance,Seedance Video-to-Video & Video Editing Guide,Seedance Video-to-Video,6,PRIMARY,seedance 2 5 video editing,seedance 2 5 video editing,CANONICAL,430,0,--,KEEP_P2,HAS_VOLUME,Video-to-Video / Editing,普通子页面：用于稳定、长期、功能型或明确独立意图；围绕主题完整回答并链接核心页。,BUILD_P1
/seedance/video-to-video,SUBPAGE,P1,NEW,WORKFLOW,/seedance-2-5;/how-to-use-seedance,Seedance Video-to-Video & Video Editing Guide,Seedance Video-to-Video,7,PRIMARY,video to video seedance 2 frame drop,video to video seedance 2 frame drop,CANONICAL,350,0,--,KEEP_P2,HAS_VOLUME,Video-to-Video / Editing,普通子页面：用于稳定、长期、功能型或明确独立意图；围绕主题完整回答并链接核心页。,BUILD_P1
/seedance/video-to-video,SUBPAGE,P1,NEW,WORKFLOW,/seedance-2-5;/how-to-use-seedance,Seedance Video-to-Video & Video Editing Guide,Seedance Video-to-Video,8,PRIMARY,seedance edit videos,seedance edit videos,CANONICAL,290,11,--,KEEP_P2,HAS_VOLUME,Video-to-Video / Editing,普通子页面：用于稳定、长期、功能型或明确独立意图；围绕主题完整回答并链接核心页。,BUILD_P1
/seedance/video-to-video,SUBPAGE,P1,NEW,WORKFLOW,/seedance-2-5;/how-to-use-seedance,Seedance Video-to-Video & Video Editing Guide,Seedance Video-to-Video,9,SECONDARY,how can you edit videos once seedance has created them higgsfield,how can you edit videos once seedance has created them higgsfield,CANONICAL,290,0,--,KEEP_P1,HAS_VOLUME,Platforms / Providers,普通子页面：用于稳定、长期、功能型或明确独立意图；围绕主题完整回答并链接核心页。,BUILD_P1
/seedance/video-to-video,SUBPAGE,P1,NEW,WORKFLOW,/seedance-2-5;/how-to-use-seedance,Seedance Video-to-Video & Video Editing Guide,Seedance Video-to-Video,10,SECONDARY,seedance 2.0 video to video,seedance 2.0 video to video,CANONICAL,200,153,--,KEEP_P2,HAS_VOLUME,Video-to-Video / Editing,普通子页面：用于稳定、长期、功能型或明确独立意图；围绕主题完整回答并链接核心页。,BUILD_P1
/seedance/video-to-video,SUBPAGE,P1,NEW,WORKFLOW,/seedance-2-5;/how-to-use-seedance,Seedance Video-to-Video & Video Editing Guide,Seedance Video-to-Video,11,SECONDARY,higgsfield how edit video seedance,higgsfield how edit video seedance,CANONICAL,90,27,--,KEEP_P2,HAS_VOLUME,Platforms / Providers,普通子页面：用于稳定、长期、功能型或明确独立意图；围绕主题完整回答并链接核心页。,BUILD_P1
/seedance/video-to-video,SUBPAGE,P1,NEW,WORKFLOW,/seedance-2-5;/how-to-use-seedance,Seedance Video-to-Video & Video Editing Guide,Seedance Video-to-Video,12,SECONDARY,higgsfield how to use  edit video seedance,higgsfield how to use edit video seedance,CANONICAL,90,27,--,KEEP_P2,HAS_VOLUME,Platforms / Providers,普通子页面：用于稳定、长期、功能型或明确独立意图；围绕主题完整回答并链接核心页。,BUILD_P1
/seedance/video-to-video,SUBPAGE,P1,NEW,WORKFLOW,/seedance-2-5;/how-to-use-seedance,Seedance Video-to-Video & Video Editing Guide,Seedance Video-to-Video,13,SECONDARY,seedance 2.5 edit video,seedance 2.5 edit video,CANONICAL,90,0,--,KEEP_P2,HAS_VOLUME,Video-to-Video / Editing,普通子页面：用于稳定、长期、功能型或明确独立意图；围绕主题完整回答并链接核心页。,BUILD_P1
/seedance/video-to-video,SUBPAGE,P1,NEW,WORKFLOW,/seedance-2-5;/how-to-use-seedance,Seedance Video-to-Video & Video Editing Guide,Seedance Video-to-Video,14,ZERO_VOLUME_SUPPORT,seedance video editing prompt,seedance video editing prompt,CANONICAL,0,74,45,KEEP_P2,ZERO_VOLUME_RELEVANT,Generic Prompts,普通子页面：用于稳定、长期、功能型或明确独立意图；围绕主题完整回答并链接核心页。,BUILD_P1
/seedance/video-to-video,SUBPAGE,P1,NEW,WORKFLOW,/seedance-2-5;/how-to-use-seedance,Seedance Video-to-Video & Video Editing Guide,Seedance Video-to-Video,15,ZERO_VOLUME_SUPPORT,ai edit video seedance,ai edit video seedance,CANONICAL,0,47,44,KEEP_P2,ZERO_VOLUME_RELEVANT,Video-to-Video / Editing,普通子页面：用于稳定、长期、功能型或明确独立意图；围绕主题完整回答并链接核心页。,BUILD_P1
/seedance/video-to-video,SUBPAGE,P1,NEW,WORKFLOW,/seedance-2-5;/how-to-use-seedance,Seedance Video-to-Video & Video Editing Guide,Seedance Video-to-Video,16,ZERO_VOLUME_SUPPORT,seedance green screen compositinv,seedance green screen compositinv,CANONICAL,0,38,--,KEEP_P2,ZERO_VOLUME_RELEVANT,Video-to-Video / Editing,普通子页面：用于稳定、长期、功能型或明确独立意图；围绕主题完整回答并链接核心页。,BUILD_P1
/seedance/video-to-video,SUBPAGE,P1,NEW,WORKFLOW,/seedance-2-5;/how-to-use-seedance,Seedance Video-to-Video & Video Editing Guide,Seedance Video-to-Video,17,ZERO_VOLUME_SUPPORT,seedance 2.0 video to video 換臉,seedance 2.0 video to video 換臉,CANONICAL,0,14,--,KEEP_P2,ZERO_VOLUME_RELEVANT,Video-to-Video / Editing,普通子页面：用于稳定、长期、功能型或明确独立意图；围绕主题完整回答并链接核心页。,BUILD_P1
/seedance/video-to-video,SUBPAGE,P1,NEW,WORKFLOW,/seedance-2-5;/how-to-use-seedance,Seedance Video-to-Video & Video Editing Guide,Seedance Video-to-Video,18,ZERO_VOLUME_SUPPORT,seedance replocate video to video,seedance replocate video to video,CANONICAL,0,10,--,KEEP_P2,ZERO_VOLUME_RELEVANT,Video-to-Video / Editing,普通子页面：用于稳定、长期、功能型或明确独立意图；围绕主题完整回答并链接核心页。,BUILD_P1
/seedance/video-to-video,SUBPAGE,P1,NEW,WORKFLOW,/seedance-2-5;/how-to-use-seedance,Seedance Video-to-Video & Video Editing Guide,Seedance Video-to-Video,19,ZERO_VOLUME_SUPPORT,seedance video to video replicate,seedance video to video replicate,CANONICAL,0,8,--,KEEP_P2,ZERO_VOLUME_RELEVANT,Platforms / Providers,普通子页面：用于稳定、长期、功能型或明确独立意图；围绕主题完整回答并链接核心页。,BUILD_P1
/seedance/video-to-video,SUBPAGE,P1,NEW,WORKFLOW,/seedance-2-5;/how-to-use-seedance,Seedance Video-to-Video & Video Editing Guide,Seedance Video-to-Video,20,TYPO_SUPPORT,seeddance 2 background replacement,seedance 2 background replacement,TYPO,0,0,--,KEEP_P2,ZERO_VOLUME_RELEVANT,Video-to-Video / Editing,普通子页面：用于稳定、长期、功能型或明确独立意图；围绕主题完整回答并链接核心页。,BUILD_P1
/seedance/watermark-copyright,SUBPAGE,P1,NEW,SEO_SUBPAGE,/seedance-pricing;/seedance-2-0,"Seedance Watermark, Copyright & Commercial Use Explained","Seedance Watermark, Copyright & Commercial Use",1,PRIMARY,seedance watermark remover,seedance watermark remover,CANONICAL,2290,482,--,KEEP_P1,HAS_VOLUME,Watermark / Copyright / Commercial Use,普通子页面：用于稳定、长期、功能型或明确独立意图；围绕主题完整回答并链接核心页。,BUILD_P1
/seedance/watermark-copyright,SUBPAGE,P1,NEW,SEO_SUBPAGE,/seedance-pricing;/seedance-2-0,"Seedance Watermark, Copyright & Commercial Use Explained","Seedance Watermark, Copyright & Commercial Use",2,PRIMARY,seedance 2.0 copyright bypass,seedance 2.0 copyright bypass,CANONICAL,880,66,--,KEEP_P2,HAS_VOLUME,Watermark / Copyright / Commercial Use,普通子页面：用于稳定、长期、功能型或明确独立意图；围绕主题完整回答并链接核心页。,BUILD_P1
/seedance/watermark-copyright,SUBPAGE,P1,NEW,SEO_SUBPAGE,/seedance-pricing;/seedance-2-0,"Seedance Watermark, Copyright & Commercial Use Explained","Seedance Watermark, Copyright & Commercial Use",3,PRIMARY,does higgsfield seedance 2.0 have watermark,does higgsfield seedance 2.0 have watermark,CANONICAL,830,21,--,KEEP_P0,HAS_VOLUME,Platforms / Providers,普通子页面：用于稳定、长期、功能型或明确独立意图；围绕主题完整回答并链接核心页。,BUILD_P1
/seedance/watermark-copyright,SUBPAGE,P1,NEW,SEO_SUBPAGE,/seedance-pricing;/seedance-2-0,"Seedance Watermark, Copyright & Commercial Use Explained","Seedance Watermark, Copyright & Commercial Use",4,PRIMARY,seedance 2.5 商用利用,seedance 2.5 商用利用,CANONICAL,720,0,--,KEEP_P0,HAS_VOLUME,2.5 Core Hub,普通子页面：用于稳定、长期、功能型或明确独立意图；围绕主题完整回答并链接核心页。,BUILD_P1
/seedance/watermark-copyright,SUBPAGE,P1,NEW,SEO_SUBPAGE,/seedance-pricing;/seedance-2-0,"Seedance Watermark, Copyright & Commercial Use Explained","Seedance Watermark, Copyright & Commercial Use",5,PRIMARY,seedance filigran watermark,seedance filigran watermark,CANONICAL,610,0,--,KEEP_P2,HAS_VOLUME,Watermark / Copyright / Commercial Use,普通子页面：用于稳定、长期、功能型或明确独立意图；围绕主题完整回答并链接核心页。,BUILD_P1
/seedance/watermark-copyright,SUBPAGE,P1,NEW,SEO_SUBPAGE,/seedance-pricing;/seedance-2-0,"Seedance Watermark, Copyright & Commercial Use Explained","Seedance Watermark, Copyright & Commercial Use",6,PRIMARY,can seedance 2.0 create copyright characters,can seedance 2.0 create copyright characters,CANONICAL,580,0,--,KEEP_P2,HAS_VOLUME,Watermark / Copyright / Commercial Use,普通子页面：用于稳定、长期、功能型或明确独立意图；围绕主题完整回答并链接核心页。,BUILD_P1
/seedance/watermark-copyright,SUBPAGE,P1,NEW,SEO_SUBPAGE,/seedance-pricing;/seedance-2-0,"Seedance Watermark, Copyright & Commercial Use Explained","Seedance Watermark, Copyright & Commercial Use",7,PRIMARY,seedance 2 去水印,seedance 2 去水印,CANONICAL,550,0,--,KEEP_P2,HAS_VOLUME,Homepage / Generic Seedance,普通子页面：用于稳定、长期、功能型或明确独立意图；围绕主题完整回答并链接核心页。,BUILD_P1
/seedance/watermark-copyright,SUBPAGE,P1,NEW,SEO_SUBPAGE,/seedance-pricing;/seedance-2-0,"Seedance Watermark, Copyright & Commercial Use Explained","Seedance Watermark, Copyright & Commercial Use",8,PRIMARY,remove seedance 2.5 watermark,remove seedance 2.5 watermark,CANONICAL,500,0,--,KEEP_P2,HAS_VOLUME,Watermark / Copyright / Commercial Use,普通子页面：用于稳定、长期、功能型或明确独立意图；围绕主题完整回答并链接核心页。,BUILD_P1
/seedance/watermark-copyright,SUBPAGE,P1,NEW,SEO_SUBPAGE,/seedance-pricing;/seedance-2-0,"Seedance Watermark, Copyright & Commercial Use Explained","Seedance Watermark, Copyright & Commercial Use",9,SECONDARY,seedance 2 copyright workaround,seedance 2 copyright workaround,CANONICAL,450,43,--,KEEP_P2,HAS_VOLUME,Watermark / Copyright / Commercial Use,普通子页面：用于稳定、长期、功能型或明确独立意图；围绕主题完整回答并链接核心页。,BUILD_P1
/seedance/watermark-copyright,SUBPAGE,P1,NEW,SEO_SUBPAGE,/seedance-pricing;/seedance-2-0,"Seedance Watermark, Copyright & Commercial Use Explained","Seedance Watermark, Copyright & Commercial Use",10,SECONDARY,seedance 商用,seedance 商用,CANONICAL,420,14,--,KEEP_P2,HAS_VOLUME,Homepage / Generic Seedance,普通子页面：用于稳定、长期、功能型或明确独立意图；围绕主题完整回答并链接核心页。,BUILD_P1
/seedance/watermark-copyright,SUBPAGE,P1,NEW,SEO_SUBPAGE,/seedance-pricing;/seedance-2-0,"Seedance Watermark, Copyright & Commercial Use Explained","Seedance Watermark, Copyright & Commercial Use",11,SECONDARY,remove seedance watermark,remove seedance watermark,CANONICAL,360,106,--,KEEP_P2,HAS_VOLUME,Watermark / Copyright / Commercial Use,普通子页面：用于稳定、长期、功能型或明确独立意图；围绕主题完整回答并链接核心页。,BUILD_P1
/seedance/watermark-copyright,SUBPAGE,P1,NEW,SEO_SUBPAGE,/seedance-pricing;/seedance-2-0,"Seedance Watermark, Copyright & Commercial Use Explained","Seedance Watermark, Copyright & Commercial Use",12,SECONDARY,seedance copyright music,seedance copyright music,CANONICAL,340,0,--,KEEP_P2,HAS_VOLUME,Watermark / Copyright / Commercial Use,普通子页面：用于稳定、长期、功能型或明确独立意图；围绕主题完整回答并链接核心页。,BUILD_P1
/seedance/watermark-copyright,SUBPAGE,P1,NEW,SEO_SUBPAGE,/seedance-pricing;/seedance-2-0,"Seedance Watermark, Copyright & Commercial Use Explained","Seedance Watermark, Copyright & Commercial Use",13,SECONDARY,seedance 2.0 copyright bypass githjub,seedance 2.0 copyright bypass githjub,CANONICAL,310,0,--,KEEP_P2,HAS_VOLUME,Watermark / Copyright / Commercial Use,普通子页面：用于稳定、长期、功能型或明确独立意图；围绕主题完整回答并链接核心页。,BUILD_P1
/seedance/watermark-copyright,SUBPAGE,P1,NEW,SEO_SUBPAGE,/seedance-pricing;/seedance-2-0,"Seedance Watermark, Copyright & Commercial Use Explained","Seedance Watermark, Copyright & Commercial Use",14,SECONDARY,seedance watermark,seedance watermark,CANONICAL,290,151,--,KEEP_P2,HAS_VOLUME,Watermark / Copyright / Commercial Use,普通子页面：用于稳定、长期、功能型或明确独立意图；围绕主题完整回答并链接核心页。,BUILD_P1
/seedance/watermark-copyright,SUBPAGE,P1,NEW,SEO_SUBPAGE,/seedance-pricing;/seedance-2-0,"Seedance Watermark, Copyright & Commercial Use Explained","Seedance Watermark, Copyright & Commercial Use",15,SECONDARY,how to fix higgsfield copyright when generate using seedance 2.0,how to fix higgsfield copyright when generate using seedance 2.0,CANONICAL,280,0,--,KEEP_P0,HAS_VOLUME,Platforms / Providers,普通子页面：用于稳定、长期、功能型或明确独立意图；围绕主题完整回答并链接核心页。,BUILD_P1
/seedance/watermark-copyright,SUBPAGE,P1,NEW,SEO_SUBPAGE,/seedance-pricing;/seedance-2-0,"Seedance Watermark, Copyright & Commercial Use Explained","Seedance Watermark, Copyright & Commercial Use",16,SECONDARY,how to bypass copyright restrictions on seedance,how to bypass copyright restrictions on seedance,CANONICAL,270,0,--,KEEP_P2,HAS_VOLUME,Watermark / Copyright / Commercial Use,普通子页面：用于稳定、长期、功能型或明确独立意图；围绕主题完整回答并链接核心页。,BUILD_P1
/seedance/watermark-copyright,SUBPAGE,P1,NEW,SEO_SUBPAGE,/seedance-pricing;/seedance-2-0,"Seedance Watermark, Copyright & Commercial Use Explained","Seedance Watermark, Copyright & Commercial Use",17,SECONDARY,seedance 2 watermark remover,seedance 2 watermark remover,CANONICAL,240,15,--,KEEP_P2,HAS_VOLUME,Watermark / Copyright / Commercial Use,普通子页面：用于稳定、长期、功能型或明确独立意图；围绕主题完整回答并链接核心页。,BUILD_P1
/seedance/watermark-copyright,SUBPAGE,P1,NEW,SEO_SUBPAGE,/seedance-pricing;/seedance-2-0,"Seedance Watermark, Copyright & Commercial Use Explained","Seedance Watermark, Copyright & Commercial Use",18,SECONDARY,seedance audio copyright restrictions,seedance audio copyright restrictions,CANONICAL,230,0,--,KEEP_P2,HAS_VOLUME,Watermark / Copyright / Commercial Use,普通子页面：用于稳定、长期、功能型或明确独立意图；围绕主题完整回答并链接核心页。,BUILD_P1
/seedance/watermark-copyright,SUBPAGE,P1,NEW,SEO_SUBPAGE,/seedance-pricing;/seedance-2-0,"Seedance Watermark, Copyright & Commercial Use Explained","Seedance Watermark, Copyright & Commercial Use",19,SECONDARY,seedance 2.5 watermark remvoer,seedance 2.5 watermark remvoer,CANONICAL,150,0,--,KEEP_P2,HAS_VOLUME,Watermark / Copyright / Commercial Use,普通子页面：用于稳定、长期、功能型或明确独立意图；围绕主题完整回答并链接核心页。,BUILD_P1
/seedance/watermark-copyright,SUBPAGE,P1,NEW,SEO_SUBPAGE,/seedance-pricing;/seedance-2-0,"Seedance Watermark, Copyright & Commercial Use Explained","Seedance Watermark, Copyright & Commercial Use",20,SECONDARY,which public seedance model doesn't have copyright restrictions,which public seedance model doesn't have copyright restrictions,CANONICAL,150,0,--,KEEP_P2,HAS_VOLUME,Watermark / Copyright / Commercial Use,普通子页面：用于稳定、长期、功能型或明确独立意图；围绕主题完整回答并链接核心页。,BUILD_P1
/seedance/watermark-copyright,SUBPAGE,P1,NEW,SEO_SUBPAGE,/seedance-pricing;/seedance-2-0,"Seedance Watermark, Copyright & Commercial Use Explained","Seedance Watermark, Copyright & Commercial Use",21,SECONDARY,how to avoid copyright from seedance,how to avoid copyright from seedance,CANONICAL,120,0,--,KEEP_P2,HAS_VOLUME,Watermark / Copyright / Commercial Use,普通子页面：用于稳定、长期、功能型或明确独立意图；围绕主题完整回答并链接核心页。,BUILD_P1
/seedance/watermark-copyright,SUBPAGE,P1,NEW,SEO_SUBPAGE,/seedance-pricing;/seedance-2-0,"Seedance Watermark, Copyright & Commercial Use Explained","Seedance Watermark, Copyright & Commercial Use",22,SECONDARY,seedance 2.5 without watermark,seedance 2.5 without watermark,CANONICAL,110,0,--,KEEP_P2,HAS_VOLUME,Watermark / Copyright / Commercial Use,普通子页面：用于稳定、长期、功能型或明确独立意图；围绕主题完整回答并链接核心页。,BUILD_P1
/seedance/watermark-copyright,SUBPAGE,P1,NEW,SEO_SUBPAGE,/seedance-pricing;/seedance-2-0,"Seedance Watermark, Copyright & Commercial Use Explained","Seedance Watermark, Copyright & Commercial Use",23,SECONDARY,seedance ai copyright,seedance ai copyright,CANONICAL,100,0,--,KEEP_P2,HAS_VOLUME,Watermark / Copyright / Commercial Use,普通子页面：用于稳定、长期、功能型或明确独立意图；围绕主题完整回答并链接核心页。,BUILD_P1
/seedance/watermark-copyright,SUBPAGE,P1,NEW,SEO_SUBPAGE,/seedance-pricing;/seedance-2-0,"Seedance Watermark, Copyright & Commercial Use Explained","Seedance Watermark, Copyright & Commercial Use",24,SECONDARY,seedance 版权,seedance 版权,CANONICAL,70,35,--,KEEP_P2,HAS_VOLUME,Homepage / Generic Seedance,普通子页面：用于稳定、长期、功能型或明确独立意图；围绕主题完整回答并链接核心页。,BUILD_P1
/seedance/watermark-copyright,SUBPAGE,P1,NEW,SEO_SUBPAGE,/seedance-pricing;/seedance-2-0,"Seedance Watermark, Copyright & Commercial Use Explained","Seedance Watermark, Copyright & Commercial Use",25,SECONDARY,bypass seedance copyright,bypass seedance copyright,CANONICAL,20,34,--,KEEP_P2,HAS_VOLUME,Watermark / Copyright / Commercial Use,普通子页面：用于稳定、长期、功能型或明确独立意图；围绕主题完整回答并链接核心页。,BUILD_P1
/seedance/watermark-copyright,SUBPAGE,P1,NEW,SEO_SUBPAGE,/seedance-pricing;/seedance-2-0,"Seedance Watermark, Copyright & Commercial Use Explained","Seedance Watermark, Copyright & Commercial Use",26,SECONDARY,seedance 2.0 watermark remover,seedance 2.0 watermark remover,CANONICAL,10,128,--,KEEP_P2,HAS_VOLUME,Watermark / Copyright / Commercial Use,普通子页面：用于稳定、长期、功能型或明确独立意图；围绕主题完整回答并链接核心页。,BUILD_P1
/seedance/watermark-copyright,SUBPAGE,P1,NEW,SEO_SUBPAGE,/seedance-pricing;/seedance-2-0,"Seedance Watermark, Copyright & Commercial Use Explained","Seedance Watermark, Copyright & Commercial Use",27,SECONDARY,can seedance 2.0 use copyrighted images,can seedance 2.0 use copyrighted images,CANONICAL,10,76,--,KEEP_P2,HAS_VOLUME,Watermark / Copyright / Commercial Use,普通子页面：用于稳定、长期、功能型或明确独立意图；围绕主题完整回答并链接核心页。,BUILD_P1
/seedance/watermark-copyright,SUBPAGE,P1,NEW,SEO_SUBPAGE,/seedance-pricing;/seedance-2-0,"Seedance Watermark, Copyright & Commercial Use Explained","Seedance Watermark, Copyright & Commercial Use",28,SECONDARY,seedance ai watermark remove capcut,seedance ai watermark remove capcut,CANONICAL,10,11,--,KEEP_P2,HAS_VOLUME,Platforms / Providers,普通子页面：用于稳定、长期、功能型或明确独立意图；围绕主题完整回答并链接核心页。,BUILD_P1
/seedance/watermark-copyright,SUBPAGE,P1,NEW,SEO_SUBPAGE,/seedance-pricing;/seedance-2-0,"Seedance Watermark, Copyright & Commercial Use Explained","Seedance Watermark, Copyright & Commercial Use",29,ZERO_VOLUME_SUPPORT,backdoor in seedance for copyright,backdoor in seedance for copyright,CANONICAL,0,63,20,KEEP_P2,ZERO_VOLUME_RELEVANT,Watermark / Copyright / Commercial Use,普通子页面：用于稳定、长期、功能型或明确独立意图；围绕主题完整回答并链接核心页。,BUILD_P1
/seedance/watermark-copyright,SUBPAGE,P1,NEW,SEO_SUBPAGE,/seedance-pricing;/seedance-2-0,"Seedance Watermark, Copyright & Commercial Use Explained","Seedance Watermark, Copyright & Commercial Use",30,ZERO_VOLUME_SUPPORT,is dreamina seedance still have watermark,is dreamina seedance still have watermark,CANONICAL,0,50,--,KEEP_P2,ZERO_VOLUME_RELEVANT,Platforms / Providers,普通子页面：用于稳定、长期、功能型或明确独立意图；围绕主题完整回答并链接核心页。,BUILD_P1
/seedance/watermark-copyright,SUBPAGE,P1,NEW,SEO_SUBPAGE,/seedance-pricing;/seedance-2-0,"Seedance Watermark, Copyright & Commercial Use Explained","Seedance Watermark, Copyright & Commercial Use",31,ZERO_VOLUME_SUPPORT,"how to remove ""ai generated"" watermark seedance 2.0","how to remove ""ai generated"" watermark seedance 2.0",CANONICAL,0,29,--,KEEP_P2,ZERO_VOLUME_RELEVANT,Watermark / Copyright / Commercial Use,普通子页面：用于稳定、长期、功能型或明确独立意图；围绕主题完整回答并链接核心页。,BUILD_P1
/seedance/watermark-copyright,SUBPAGE,P1,NEW,SEO_SUBPAGE,/seedance-pricing;/seedance-2-0,"Seedance Watermark, Copyright & Commercial Use Explained","Seedance Watermark, Copyright & Commercial Use",32,ZERO_VOLUME_SUPPORT,remove ai watermark from video seedance in app,remove ai watermark from video seedance in app,CANONICAL,0,29,--,KEEP_P2,ZERO_VOLUME_RELEVANT,Watermark / Copyright / Commercial Use,普通子页面：用于稳定、长期、功能型或明确独立意图；围绕主题完整回答并链接核心页。,BUILD_P1
/seedance/watermark-copyright,SUBPAGE,P1,NEW,SEO_SUBPAGE,/seedance-pricing;/seedance-2-0,"Seedance Watermark, Copyright & Commercial Use Explained","Seedance Watermark, Copyright & Commercial Use",33,ZERO_VOLUME_SUPPORT,seedance ai generated watermark,seedance ai generated watermark,CANONICAL,0,29,--,KEEP_P2,ZERO_VOLUME_RELEVANT,Watermark / Copyright / Commercial Use,普通子页面：用于稳定、长期、功能型或明确独立意图；围绕主题完整回答并链接核心页。,BUILD_P1
/seedance/watermark-copyright,SUBPAGE,P1,NEW,SEO_SUBPAGE,/seedance-pricing;/seedance-2-0,"Seedance Watermark, Copyright & Commercial Use Explained","Seedance Watermark, Copyright & Commercial Use",34,ZERO_VOLUME_SUPPORT,"seedance 2.0 — fastest, no watermark","seedance 2.0 — fastest, no watermark",CANONICAL,0,27,--,KEEP_P2,ZERO_VOLUME_RELEVANT,Watermark / Copyright / Commercial Use,普通子页面：用于稳定、长期、功能型或明确独立意图；围绕主题完整回答并链接核心页。,BUILD_P1
/seedance/watermark-copyright,SUBPAGE,P1,NEW,SEO_SUBPAGE,/seedance-pricing;/seedance-2-0,"Seedance Watermark, Copyright & Commercial Use Explained","Seedance Watermark, Copyright & Commercial Use",35,ZERO_VOLUME_SUPPORT,can seedance 2 generate copyright material,can seedance 2 generate copyright material,CANONICAL,0,20,--,KEEP_P2,ZERO_VOLUME_RELEVANT,Watermark / Copyright / Commercial Use,普通子页面：用于稳定、长期、功能型或明确独立意图；围绕主题完整回答并链接核心页。,BUILD_P1
/seedance/watermark-copyright,SUBPAGE,P1,NEW,SEO_SUBPAGE,/seedance-pricing;/seedance-2-0,"Seedance Watermark, Copyright & Commercial Use Explained","Seedance Watermark, Copyright & Commercial Use",36,ZERO_VOLUME_SUPPORT,does seedance has an hidden watermark,does seedance has an hidden watermark,CANONICAL,0,6,--,KEEP_P2,ZERO_VOLUME_RELEVANT,Watermark / Copyright / Commercial Use,普通子页面：用于稳定、长期、功能型或明确独立意图；围绕主题完整回答并链接核心页。,BUILD_P1
/seedance/watermark-copyright,SUBPAGE,P1,NEW,SEO_SUBPAGE,/seedance-pricing;/seedance-2-0,"Seedance Watermark, Copyright & Commercial Use Explained","Seedance Watermark, Copyright & Commercial Use",37,ZERO_VOLUME_SUPPORT,seedance 2.0 (best for no watermarks),seedance 2.0 (best for no watermarks),CANONICAL,0,0,--,KEEP_P2,ZERO_VOLUME_RELEVANT,Watermark / Copyright / Commercial Use,普通子页面：用于稳定、长期、功能型或明确独立意图；围绕主题完整回答并链接核心页。,BUILD_P1
/seedance/watermark-copyright,SUBPAGE,P1,NEW,SEO_SUBPAGE,/seedance-pricing;/seedance-2-0,"Seedance Watermark, Copyright & Commercial Use Explained","Seedance Watermark, Copyright & Commercial Use",38,ZERO_VOLUME_SUPPORT,seedance 2.0 有水印,seedance 2.0 有水印,CANONICAL,0,0,--,KEEP_P0,ZERO_VOLUME_RELEVANT,2.0 Core / Generator,普通子页面：用于稳定、长期、功能型或明确独立意图；围绕主题完整回答并链接核心页。,BUILD_P1
/seedance/watermark-copyright,SUBPAGE,P1,NEW,SEO_SUBPAGE,/seedance-pricing;/seedance-2-0,"Seedance Watermark, Copyright & Commercial Use Explained","Seedance Watermark, Copyright & Commercial Use",39,ZERO_VOLUME_SUPPORT,seedance 卡版权扣费吗,seedance 卡版权扣费吗,CANONICAL,0,0,--,KEEP_P2,ZERO_VOLUME_RELEVANT,Homepage / Generic Seedance,普通子页面：用于稳定、长期、功能型或明确独立意图；围绕主题完整回答并链接核心页。,BUILD_P1
/seedance/watermark-copyright,SUBPAGE,P1,NEW,SEO_SUBPAGE,/seedance-pricing;/seedance-2-0,"Seedance Watermark, Copyright & Commercial Use Explained","Seedance Watermark, Copyright & Commercial Use",40,ZERO_VOLUME_SUPPORT,seedance 版权问题 训练港片,seedance 版权问题 训练港片,CANONICAL,0,0,--,KEEP_P2,ZERO_VOLUME_RELEVANT,Homepage / Generic Seedance,普通子页面：用于稳定、长期、功能型或明确独立意图；围绕主题完整回答并链接核心页。,BUILD_P1
/blog/seedance-2-5-features-vs-sora-runway,BLOG,P2,EXISTING_REFRESH,COMPARISON,/seedance-2-5;/compare,Seedance 2.5 vs Sora and Runway: Features & Workflow Comparison,Seedance 2.5 vs Sora & Runway,1,PRIMARY,seedance vs runway vs kling vs midjourney,seedance vs runway vs kling vs midjourney,CANONICAL,820,0,--,KEEP_P2,HAS_VOLUME,Competitor Comparison / Kling,Blog：用于时效性、观点/Review、实验性新主题或适合文章表达的教程；不要写成低质批量水文。,KEEP_OR_REFRESH
/blog/seedance-2-5-features-vs-sora-runway,BLOG,P2,EXISTING_REFRESH,COMPARISON,/seedance-2-5;/compare,Seedance 2.5 vs Sora and Runway: Features & Workflow Comparison,Seedance 2.5 vs Sora & Runway,2,PRIMARY,sora 2 vs seedance 2.0,sora 2 vs seedance 2.0,CANONICAL,450,87,--,KEEP_P2,HAS_VOLUME,Competitor Comparison / Sora / Runway,Blog：用于时效性、观点/Review、实验性新主题或适合文章表达的教程；不要写成低质批量水文。,KEEP_OR_REFRESH
/blog/seedance-2-5-features-vs-sora-runway,BLOG,P2,EXISTING_REFRESH,COMPARISON,/seedance-2-5;/compare,Seedance 2.5 vs Sora and Runway: Features & Workflow Comparison,Seedance 2.5 vs Sora & Runway,3,PRIMARY,seedance 2 vs sora vs pika pro b roll,seedance 2 vs sora vs pika pro b roll,CANONICAL,430,0,--,KEEP_P2,HAS_VOLUME,Competitor Comparison / Sora / Runway,Blog：用于时效性、观点/Review、实验性新主题或适合文章表达的教程；不要写成低质批量水文。,KEEP_OR_REFRESH
/blog/seedance-2-5-features-vs-sora-runway,BLOG,P2,EXISTING_REFRESH,COMPARISON,/seedance-2-5;/compare,Seedance 2.5 vs Sora and Runway: Features & Workflow Comparison,Seedance 2.5 vs Sora & Runway,4,PRIMARY,runway ai vs seedance,runway ai vs seedance,CANONICAL,420,0,--,KEEP_P2,HAS_VOLUME,Competitor Comparison / Sora / Runway,Blog：用于时效性、观点/Review、实验性新主题或适合文章表达的教程；不要写成低质批量水文。,KEEP_OR_REFRESH
/blog/seedance-2-5-features-vs-sora-runway,BLOG,P2,EXISTING_REFRESH,COMPARISON,/seedance-2-5;/compare,Seedance 2.5 vs Sora and Runway: Features & Workflow Comparison,Seedance 2.5 vs Sora & Runway,5,PRIMARY,sora 2 vs seedance 2.55,sora 2 vs seedance 2.55,CANONICAL,120,0,--,KEEP_P2,HAS_VOLUME,Competitor Comparison / Sora / Runway,Blog：用于时效性、观点/Review、实验性新主题或适合文章表达的教程；不要写成低质批量水文。,KEEP_OR_REFRESH
/blog/seedance-2-5-features-vs-sora-runway,BLOG,P2,EXISTING_REFRESH,COMPARISON,/seedance-2-5;/compare,Seedance 2.5 vs Sora and Runway: Features & Workflow Comparison,Seedance 2.5 vs Sora & Runway,6,PRIMARY,runway vs seedance,runway vs seedance,CANONICAL,70,332,11,KEEP_P2,HAS_VOLUME,Competitor Comparison / Sora / Runway,Blog：用于时效性、观点/Review、实验性新主题或适合文章表达的教程；不要写成低质批量水文。,KEEP_OR_REFRESH
/blog/seedance-2-5-features-vs-sora-runway,BLOG,P2,EXISTING_REFRESH,COMPARISON,/seedance-2-5;/compare,Seedance 2.5 vs Sora and Runway: Features & Workflow Comparison,Seedance 2.5 vs Sora & Runway,7,PRIMARY,runway vs seedance vs higgsfield,runway vs seedance vs higgsfield,CANONICAL,40,59,4,KEEP_P2,HAS_VOLUME,Competitor Comparison / Sora / Runway,Blog：用于时效性、观点/Review、实验性新主题或适合文章表达的教程；不要写成低质批量水文。,KEEP_OR_REFRESH
/blog/seedance-2-5-features-vs-sora-runway,BLOG,P2,EXISTING_REFRESH,COMPARISON,/seedance-2-5;/compare,Seedance 2.5 vs Sora and Runway: Features & Workflow Comparison,Seedance 2.5 vs Sora & Runway,8,PRIMARY,kling vs runway vs seedance,kling vs runway vs seedance,CANONICAL,40,26,--,KEEP_P2,HAS_VOLUME,Competitor Comparison / Kling,Blog：用于时效性、观点/Review、实验性新主题或适合文章表达的教程；不要写成低质批量水文。,KEEP_OR_REFRESH
/blog/seedance-2-5-features-vs-sora-runway,BLOG,P2,EXISTING_REFRESH,COMPARISON,/seedance-2-5;/compare,Seedance 2.5 vs Sora and Runway: Features & Workflow Comparison,Seedance 2.5 vs Sora & Runway,9,ZERO_VOLUME_SUPPORT,sora vs seedance,sora vs seedance,CANONICAL,0,136,--,KEEP_P2,ZERO_VOLUME_RELEVANT,Competitor Comparison / Sora / Runway,Blog：用于时效性、观点/Review、实验性新主题或适合文章表达的教程；不要写成低质批量水文。,KEEP_OR_REFRESH
/blog/seedance-2-5-features-vs-sora-runway,BLOG,P2,EXISTING_REFRESH,COMPARISON,/seedance-2-5;/compare,Seedance 2.5 vs Sora and Runway: Features & Workflow Comparison,Seedance 2.5 vs Sora & Runway,10,ZERO_VOLUME_SUPPORT,kling 3 vs wan 2.2 vs seedance vs hailuo vs sora vs wan 2.1,kling 3 vs wan 2.2 vs seedance vs hailuo vs sora vs wan 2.1,CANONICAL,0,47,7,KEEP_P2,ZERO_VOLUME_RELEVANT,Competitor Comparison / Kling,Blog：用于时效性、观点/Review、实验性新主题或适合文章表达的教程；不要写成低质批量水文。,KEEP_OR_REFRESH
/blog/seedance-2-5-features-vs-sora-runway,BLOG,P2,EXISTING_REFRESH,COMPARISON,/seedance-2-5;/compare,Seedance 2.5 vs Sora and Runway: Features & Workflow Comparison,Seedance 2.5 vs Sora & Runway,11,ZERO_VOLUME_SUPPORT,sora 2 pro vs seedance 2.0,sora 2 pro vs seedance 2.0,CANONICAL,0,46,--,KEEP_P2,ZERO_VOLUME_RELEVANT,Competitor Comparison / Sora / Runway,Blog：用于时效性、观点/Review、实验性新主题或适合文章表达的教程；不要写成低质批量水文。,KEEP_OR_REFRESH
/blog/seedance-2-5-features-vs-sora-runway,BLOG,P2,EXISTING_REFRESH,COMPARISON,/seedance-2-5;/compare,Seedance 2.5 vs Sora and Runway: Features & Workflow Comparison,Seedance 2.5 vs Sora & Runway,12,ZERO_VOLUME_SUPPORT,seedance vs sora 哪個好,seedance vs sora 哪個好,CANONICAL,0,16,--,KEEP_P2,ZERO_VOLUME_RELEVANT,Competitor Comparison / Sora / Runway,Blog：用于时效性、观点/Review、实验性新主题或适合文章表达的教程；不要写成低质批量水文。,KEEP_OR_REFRESH
/blog/seedance-2-5-features-vs-sora-runway,BLOG,P2,EXISTING_REFRESH,COMPARISON,/seedance-2-5;/compare,Seedance 2.5 vs Sora and Runway: Features & Workflow Comparison,Seedance 2.5 vs Sora & Runway,13,ZERO_VOLUME_SUPPORT,sora 2 vs seedance 2.0 prices,sora 2 vs seedance 2.0 prices,CANONICAL,0,8,--,KEEP_P2,ZERO_VOLUME_RELEVANT,2.0 Commercial / Generator,Blog：用于时效性、观点/Review、实验性新主题或适合文章表达的教程；不要写成低质批量水文。,KEEP_OR_REFRESH
/blog/seedance-2-5-greybox-blockout-guide,BLOG,P2,NEW,GUIDE,/seedance-2-5/reference-to-video,Seedance 2.5 Greybox & 3D Blockout to Video Guide,Seedance 2.5 Greybox & Blockout Guide,1,PRIMARY,seedance 2.5渲染插件，让白模视频即刻出片,seedance 2.5渲染插件，让白模视频即刻出片,CANONICAL,840,17,--,KEEP_P0,HAS_VOLUME,Homepage / Generic Seedance,Blog：用于时效性、观点/Review、实验性新主题或适合文章表达的教程；不要写成低质批量水文。,BUILD_P2
/blog/seedance-2-5-greybox-blockout-guide,BLOG,P2,NEW,GUIDE,/seedance-2-5/reference-to-video,Seedance 2.5 Greybox & 3D Blockout to Video Guide,Seedance 2.5 Greybox & Blockout Guide,2,PRIMARY,seedance 白模 是什么,seedance 白模 是什么,CANONICAL,200,0,--,KEEP_P2,HAS_VOLUME,Homepage / Generic Seedance,Blog：用于时效性、观点/Review、实验性新主题或适合文章表达的教程；不要写成低质批量水文。,BUILD_P2
/blog/seedance-2-5-greybox-blockout-guide,BLOG,P2,NEW,GUIDE,/seedance-2-5/reference-to-video,Seedance 2.5 Greybox & 3D Blockout to Video Guide,Seedance 2.5 Greybox & Blockout Guide,3,PRIMARY,白模生成 seedance,白模生成 seedance,CANONICAL,190,0,--,KEEP_P2,HAS_VOLUME,Homepage / Generic Seedance,Blog：用于时效性、观点/Review、实验性新主题或适合文章表达的教程；不要写成低质批量水文。,BUILD_P2
/blog/seedance-2-5-greybox-blockout-guide,BLOG,P2,NEW,GUIDE,/seedance-2-5/reference-to-video,Seedance 2.5 Greybox & 3D Blockout to Video Guide,Seedance 2.5 Greybox & Blockout Guide,4,PRIMARY,seedance 2.5 3d blockout,seedance 2.5 3d blockout,CANONICAL,60,46,--,KEEP_P2,HAS_VOLUME,Greybox / Blockout / Previs,Blog：用于时效性、观点/Review、实验性新主题或适合文章表达的教程；不要写成低质批量水文。,BUILD_P2
/blog/seedance-2-5-greybox-blockout-guide,BLOG,P2,NEW,GUIDE,/seedance-2-5/reference-to-video,Seedance 2.5 Greybox & 3D Blockout to Video Guide,Seedance 2.5 Greybox & Blockout Guide,5,ZERO_VOLUME_SUPPORT,"seedance 2.5 ""3d"" blockout","seedance 2.5 ""3d"" blockout",CANONICAL,0,20,--,KEEP_P2,ZERO_VOLUME_RELEVANT,Greybox / Blockout / Previs,Blog：用于时效性、观点/Review、实验性新主题或适合文章表达的教程；不要写成低质批量水文。,BUILD_P2
/blog/seedance-2-5-greybox-blockout-guide,BLOG,P2,NEW,GUIDE,/seedance-2-5/reference-to-video,Seedance 2.5 Greybox & 3D Blockout to Video Guide,Seedance 2.5 Greybox & Blockout Guide,6,ZERO_VOLUME_SUPPORT,seedance2.5 白模预演,seedance2.5 白模预演,CANONICAL,0,18,--,KEEP_P0,ZERO_VOLUME_RELEVANT,2.5 Core Hub,Blog：用于时效性、观点/Review、实验性新主题或适合文章表达的教程；不要写成低质批量水文。,BUILD_P2
/blog/seedance-2-5-greybox-blockout-guide,BLOG,P2,NEW,GUIDE,/seedance-2-5/reference-to-video,Seedance 2.5 Greybox & 3D Blockout to Video Guide,Seedance 2.5 Greybox & Blockout Guide,7,ZERO_VOLUME_SUPPORT,seedance 2.5 白模,seedance 2.5 白模,CANONICAL,0,4,--,KEEP_P0,ZERO_VOLUME_RELEVANT,2.5 Core Hub,Blog：用于时效性、观点/Review、实验性新主题或适合文章表达的教程；不要写成低质批量水文。,BUILD_P2
/blog/seedance-2-5-greybox-blockout-guide,BLOG,P2,NEW,GUIDE,/seedance-2-5/reference-to-video,Seedance 2.5 Greybox & 3D Blockout to Video Guide,Seedance 2.5 Greybox & Blockout Guide,8,ZERO_VOLUME_SUPPORT,previsão seedance 2.5,previsão seedance 2.5,CANONICAL,0,0,--,KEEP_P2,ZERO_VOLUME_RELEVANT,Greybox / Blockout / Previs,Blog：用于时效性、观点/Review、实验性新主题或适合文章表达的教程；不要写成低质批量水文。,BUILD_P2
/blog/seedance-2-5-long-video-extension-guide,BLOG,P2,NEW,GUIDE,/seedance-2-5,Seedance 2.5 Long Video & Extension Guide,Seedance 2.5 Long Video & Extension,1,PRIMARY,seedance 2.5 30 seconds,seedance 2.5 30 seconds,CANONICAL,910,0,--,KEEP_P2,HAS_VOLUME,2.5 Long Video / Extension,Blog：用于时效性、观点/Review、实验性新主题或适合文章表达的教程；不要写成低质批量水文。,BUILD_P2
/blog/seedance-2-5-long-video-extension-guide,BLOG,P2,NEW,GUIDE,/seedance-2-5,Seedance 2.5 Long Video & Extension Guide,Seedance 2.5 Long Video & Extension,2,PRIMARY,how muh is the dollar cost of 30 seconds seedance 2.5 in dollars,how muh is the dollar cost of 30 seconds seedance 2.5 in dollars,CANONICAL,770,0,--,KEEP_P0,HAS_VOLUME,Pricing / Free / Unlimited,Blog：用于时效性、观点/Review、实验性新主题或适合文章表达的教程；不要写成低质批量水文。,BUILD_P2
/blog/seedance-2-5-long-video-extension-guide,BLOG,P2,NEW,GUIDE,/seedance-2-5,Seedance 2.5 Long Video & Extension Guide,Seedance 2.5 Long Video & Extension,3,PRIMARY,seedance 2.5 price for a 30 second video,seedance 2.5 price for a 30 second video,CANONICAL,610,0,--,KEEP_P0,HAS_VOLUME,Pricing / Free / Unlimited,Blog：用于时效性、观点/Review、实验性新主题或适合文章表达的教程；不要写成低质批量水文。,BUILD_P2
/blog/seedance-2-5-long-video-extension-guide,BLOG,P2,NEW,GUIDE,/seedance-2-5,Seedance 2.5 Long Video & Extension Guide,Seedance 2.5 Long Video & Extension,4,PRIMARY,seedance 2.5 long form mode,seedance 2.5 long form mode,CANONICAL,490,0,--,KEEP_P2,HAS_VOLUME,2.5 Long Video / Extension,Blog：用于时效性、观点/Review、实验性新主题或适合文章表达的教程；不要写成低质批量水文。,BUILD_P2
/blog/seedance-2-5-long-video-extension-guide,BLOG,P2,NEW,GUIDE,/seedance-2-5,Seedance 2.5 Long Video & Extension Guide,Seedance 2.5 Long Video & Extension,5,PRIMARY,hoggsfield 30 second seedance 2.5,hoggsfield 30 second seedance 2.5,CANONICAL,290,0,--,KEEP_P2,HAS_VOLUME,2.5 Long Video / Extension,Blog：用于时效性、观点/Review、实验性新主题或适合文章表达的教程；不要写成低质批量水文。,BUILD_P2
/blog/seedance-2-5-long-video-extension-guide,BLOG,P2,NEW,GUIDE,/seedance-2-5,Seedance 2.5 Long Video & Extension Guide,Seedance 2.5 Long Video & Extension,6,PRIMARY,seedance 2.5 price for a 30 second video on dreamnia,seedance 2.5 price for a 30 second video on dreamnia,CANONICAL,290,0,--,KEEP_P0,HAS_VOLUME,Pricing / Free / Unlimited,Blog：用于时效性、观点/Review、实验性新主题或适合文章表达的教程；不要写成低质批量水文。,BUILD_P2
/blog/seedance-2-5-long-video-extension-guide,BLOG,P2,NEW,GUIDE,/seedance-2-5,Seedance 2.5 Long Video & Extension Guide,Seedance 2.5 Long Video & Extension,7,PRIMARY,cheapest seedance 2.5 cost per 30 second video,cheapest seedance 2.5 cost per 30 second video,CANONICAL,190,0,--,KEEP_P0,HAS_VOLUME,Pricing / Free / Unlimited,Blog：用于时效性、观点/Review、实验性新主题或适合文章表达的教程；不要写成低质批量水文。,BUILD_P2
/blog/seedance-2-5-long-video-extension-guide,BLOG,P2,NEW,GUIDE,/seedance-2-5,Seedance 2.5 Long Video & Extension Guide,Seedance 2.5 Long Video & Extension,8,PRIMARY,can i creae 60 seconds video in one go with seedance 2.5,can i creae 60 seconds video in one go with seedance 2.5,CANONICAL,140,0,--,KEEP_P2,HAS_VOLUME,2.5 Long Video / Extension,Blog：用于时效性、观点/Review、实验性新主题或适合文章表达的教程；不要写成低质批量水文。,BUILD_P2
/blog/seedance-2-5-long-video-extension-guide,BLOG,P2,NEW,GUIDE,/seedance-2-5,Seedance 2.5 Long Video & Extension Guide,Seedance 2.5 Long Video & Extension,9,ZERO_VOLUME_SUPPORT,time to generate 30 second seedance 2.5 video on higgsfield,time to generate 30 second seedance 2.5 video on higgsfield,CANONICAL,0,0,--,KEEP_P2,ZERO_VOLUME_RELEVANT,Platforms / Providers,Blog：用于时效性、观点/Review、实验性新主题或适合文章表达的教程；不要写成低质批量水文。,BUILD_P2
/blog/seedance-first-last-frame-guide,BLOG,P2,NEW,GUIDE,/how-to-use-seedance,Seedance First & Last Frame Guide: Start/End Frames and Keyframes,Seedance First & Last Frame Guide,1,PRIMARY,seedance has no keyframes on higgsfield?,seedance has no keyframes on higgsfield?,CANONICAL,2180,0,--,KEEP_P0,HAS_VOLUME,Platforms / Providers,Blog：用于时效性、观点/Review、实验性新主题或适合文章表达的教程；不要写成低质批量水文。,BUILD_P2
/blog/seedance-first-last-frame-guide,BLOG,P2,NEW,GUIDE,/how-to-use-seedance,Seedance First & Last Frame Guide: Start/End Frames and Keyframes,Seedance First & Last Frame Guide,2,PRIMARY,seedance first frame end frame ?,seedance first frame end frame ?,CANONICAL,460,47,--,KEEP_P2,HAS_VOLUME,First / Last Frame / Keyframes,Blog：用于时效性、观点/Review、实验性新主题或适合文章表达的教程；不要写成低质批量水文。,BUILD_P2
/blog/seedance-first-last-frame-guide,BLOG,P2,NEW,GUIDE,/how-to-use-seedance,Seedance First & Last Frame Guide: Start/End Frames and Keyframes,Seedance First & Last Frame Guide,3,PRIMARY,seedance start and end frame support?,seedance start and end frame support?,CANONICAL,410,28,--,KEEP_P2,HAS_VOLUME,First / Last Frame / Keyframes,Blog：用于时效性、观点/Review、实验性新主题或适合文章表达的教程；不要写成低质批量水文。,BUILD_P2
/blog/seedance-first-last-frame-guide,BLOG,P2,NEW,GUIDE,/how-to-use-seedance,Seedance First & Last Frame Guide: Start/End Frames and Keyframes,Seedance First & Last Frame Guide,4,PRIMARY,capcut seedance first frame last frame,capcut seedance first frame last frame,CANONICAL,30,53,--,KEEP_P2,HAS_VOLUME,Platforms / Providers,Blog：用于时效性、观点/Review、实验性新主题或适合文章表达的教程；不要写成低质批量水文。,BUILD_P2
/blog/seedance-first-last-frame-guide,BLOG,P2,NEW,GUIDE,/how-to-use-seedance,Seedance First & Last Frame Guide: Start/End Frames and Keyframes,Seedance First & Last Frame Guide,5,PRIMARY,long duration video on seedance first frame and last frame matching,long duration video on seedance first frame and last frame matching,CANONICAL,30,22,--,KEEP_P2,HAS_VOLUME,First / Last Frame / Keyframes,Blog：用于时效性、观点/Review、实验性新主题或适合文章表达的教程；不要写成低质批量水文。,BUILD_P2
/blog/seedance-first-last-frame-guide,BLOG,P2,NEW,GUIDE,/how-to-use-seedance,Seedance First & Last Frame Guide: Start/End Frames and Keyframes,Seedance First & Last Frame Guide,6,PRIMARY,seedance 2 first frame last frame,seedance 2 first frame last frame,CANONICAL,20,42,--,KEEP_P2,HAS_VOLUME,First / Last Frame / Keyframes,Blog：用于时效性、观点/Review、实验性新主题或适合文章表达的教程；不要写成低质批量水文。,BUILD_P2
/blog/seedance-first-last-frame-guide,BLOG,P2,NEW,GUIDE,/how-to-use-seedance,Seedance First & Last Frame Guide: Start/End Frames and Keyframes,Seedance First & Last Frame Guide,7,PRIMARY,seedance first and last frame free no watermark,seedance first and last frame free no watermark,CANONICAL,20,24,--,KEEP_P2,HAS_VOLUME,Generic Pricing / Free / Unlimited,Blog：用于时效性、观点/Review、实验性新主题或适合文章表达的教程；不要写成低质批量水文。,BUILD_P2
/blog/seedance-first-last-frame-guide,BLOG,P2,NEW,GUIDE,/how-to-use-seedance,Seedance First & Last Frame Guide: Start/End Frames and Keyframes,Seedance First & Last Frame Guide,8,ZERO_VOLUME_SUPPORT,in seedance 2.0 can i use first and last frame animation ikekling?,in seedance 2.0 can i use first and last frame animation ikekling?,CANONICAL,0,83,--,KEEP_P2,ZERO_VOLUME_RELEVANT,First / Last Frame / Keyframes,Blog：用于时效性、观点/Review、实验性新主题或适合文章表达的教程；不要写成低质批量水文。,BUILD_P2
/blog/seedance-first-last-frame-guide,BLOG,P2,NEW,GUIDE,/how-to-use-seedance,Seedance First & Last Frame Guide: Start/End Frames and Keyframes,Seedance First & Last Frame Guide,9,ZERO_VOLUME_SUPPORT,seedance comfyui character sheet   first frame,seedance comfyui character sheet first frame,CANONICAL,0,38,--,KEEP_P2,ZERO_VOLUME_RELEVANT,Open Source / Local / Ecosystem,Blog：用于时效性、观点/Review、实验性新主题或适合文章表达的教程；不要写成低质批量水文。,BUILD_P2
/blog/seedance-first-last-frame-guide,BLOG,P2,NEW,GUIDE,/how-to-use-seedance,Seedance First & Last Frame Guide: Start/End Frames and Keyframes,Seedance First & Last Frame Guide,10,ZERO_VOLUME_SUPPORT,seedance 2.0 extend video from last frame,seedance 2.0 extend video from last frame,CANONICAL,0,33,--,KEEP_P2,ZERO_VOLUME_RELEVANT,First / Last Frame / Keyframes,Blog：用于时效性、观点/Review、实验性新主题或适合文章表达的教程；不要写成低质批量水文。,BUILD_P2
/blog/seedance-first-last-frame-guide,BLOG,P2,NEW,GUIDE,/how-to-use-seedance,Seedance First & Last Frame Guide: Start/End Frames and Keyframes,Seedance First & Last Frame Guide,11,ZERO_VOLUME_SUPPORT,start end frame no seedance 2.0?,start end frame no seedance 2.0?,CANONICAL,0,11,--,KEEP_P2,ZERO_VOLUME_RELEVANT,First / Last Frame / Keyframes,Blog：用于时效性、观点/Review、实验性新主题或适合文章表达的教程；不要写成低质批量水文。,BUILD_P2
/blog/seedance-first-last-frame-guide,BLOG,P2,NEW,GUIDE,/how-to-use-seedance,Seedance First & Last Frame Guide: Start/End Frames and Keyframes,Seedance First & Last Frame Guide,12,ZERO_VOLUME_SUPPORT,dreamina seedance start and end frame,dreamina seedance start and end frame,CANONICAL,0,10,--,KEEP_P2,ZERO_VOLUME_RELEVANT,Platforms / Providers,Blog：用于时效性、观点/Review、实验性新主题或适合文章表达的教程；不要写成低质批量水文。,BUILD_P2
/blog/seedance-release-history,BLOG,P2,NEW,BLOG_NEWS,/seedance/versions,"Seedance Release History: Versions, Dates & Major Changes",Seedance Release History,1,PRIMARY,seedance 2.0 release date,seedance 2.0 release date,CANONICAL,3130,6797,68,KEEP_P1,HAS_VOLUME,Versions / Release History,Blog：用于时效性、观点/Review、实验性新主题或适合文章表达的教程；不要写成低质批量水文。,BUILD_P2
/blog/seedance-release-history,BLOG,P2,NEW,BLOG_NEWS,/seedance/versions,"Seedance Release History: Versions, Dates & Major Changes",Seedance Release History,2,PRIMARY,seedance 2.0何时发布的,seedance 2.0何时发布的,CANONICAL,750,0,--,KEEP_P0,HAS_VOLUME,Homepage / Generic Seedance,Blog：用于时效性、观点/Review、实验性新主题或适合文章表达的教程；不要写成低质批量水文。,BUILD_P2
/blog/seedance-release-history,BLOG,P2,NEW,BLOG_NEWS,/seedance/versions,"Seedance Release History: Versions, Dates & Major Changes",Seedance Release History,3,PRIMARY,when seedance 2/5 higgsfield release date,when seedance 2/5 higgsfield release date,CANONICAL,580,0,--,KEEP_P2,HAS_VOLUME,Versions / Release History,Blog：用于时效性、观点/Review、实验性新主题或适合文章表达的教程；不要写成低质批量水文。,BUILD_P2
/blog/seedance-release-history,BLOG,P2,NEW,BLOG_NEWS,/seedance/versions,"Seedance Release History: Versions, Dates & Major Changes",Seedance Release History,4,PRIMARY,has any new video generator released after seedance 2.0,has any new video generator released after seedance 2.0,CANONICAL,530,41,--,KEEP_P2,HAS_VOLUME,Versions / Release History,Blog：用于时效性、观点/Review、实验性新主题或适合文章表达的教程；不要写成低质批量水文。,BUILD_P2
/blog/seedance-release-history,BLOG,P2,NEW,BLOG_NEWS,/seedance/versions,"Seedance Release History: Versions, Dates & Major Changes",Seedance Release History,5,PRIMARY,when was seedance 2.0 released,when was seedance 2.0 released,CANONICAL,380,170,--,KEEP_P2,HAS_VOLUME,Versions / Release History,Blog：用于时效性、观点/Review、实验性新主题或适合文章表达的教程；不要写成低质批量水文。,BUILD_P2
/blog/seedance-release-history,BLOG,P2,NEW,BLOG_NEWS,/seedance/versions,"Seedance Release History: Versions, Dates & Major Changes",Seedance Release History,6,PRIMARY,seedance 2.0 fast vip 优惠到什么时候 官方链接,seedance 2.0 fast vip 优惠到什么时候 官方链接,CANONICAL,370,0,--,KEEP_P0,HAS_VOLUME,2.0 Core / Generator,Blog：用于时效性、观点/Review、实验性新主题或适合文章表达的教程；不要写成低质批量水文。,BUILD_P2
/blog/seedance-release-history,BLOG,P2,NEW,BLOG_NEWS,/seedance/versions,"Seedance Release History: Versions, Dates & Major Changes",Seedance Release History,7,PRIMARY,is seedance 2.0 available in usa,is seedance 2.0 available in usa,CANONICAL,220,386,50,KEEP_P0,HAS_VOLUME,2.0 Core / Generator,Blog：用于时效性、观点/Review、实验性新主题或适合文章表达的教程；不要写成低质批量水文。,BUILD_P2
/blog/seedance-release-history,BLOG,P2,NEW,BLOG_NEWS,/seedance/versions,"Seedance Release History: Versions, Dates & Major Changes",Seedance Release History,8,PRIMARY,seedance 2.0 free untill 2.5 launch,seedance 2.0 free untill 2.5 launch,CANONICAL,170,0,--,KEEP_P0,HAS_VOLUME,2.0 Commercial / Generator,Blog：用于时效性、观点/Review、实验性新主题或适合文章表达的教程；不要写成低质批量水文。,BUILD_P2
/blog/seedance-release-history,BLOG,P2,NEW,BLOG_NEWS,/seedance/versions,"Seedance Release History: Versions, Dates & Major Changes",Seedance Release History,9,SECONDARY,when is seedance 30 second generation available,when is seedance 30 second generation available,CANONICAL,60,50,--,KEEP_P2,HAS_VOLUME,Versions / Release History,Blog：用于时效性、观点/Review、实验性新主题或适合文章表达的教程；不要写成低质批量水文。,BUILD_P2
/blog/seedance-release-history,BLOG,P2,NEW,BLOG_NEWS,/seedance/versions,"Seedance Release History: Versions, Dates & Major Changes",Seedance Release History,10,SECONDARY,new version of seedance is coming out when on higgsfield ?,new version of seedance is coming out when on higgsfield ?,CANONICAL,20,105,--,KEEP_P2,HAS_VOLUME,Versions / Release History,Blog：用于时效性、观点/Review、实验性新主题或适合文章表达的教程；不要写成低质批量水文。,BUILD_P2
/blog/seedance-release-history,BLOG,P2,NEW,BLOG_NEWS,/seedance/versions,"Seedance Release History: Versions, Dates & Major Changes",Seedance Release History,11,ZERO_VOLUME_SUPPORT,is seedance 2.0 available,is seedance 2.0 available,CANONICAL,0,367,--,KEEP_P0,ZERO_VOLUME_RELEVANT,2.0 Core / Generator,Blog：用于时效性、观点/Review、实验性新主题或适合文章表达的教程；不要写成低质批量水文。,BUILD_P2
/blog/seedance-release-history,BLOG,P2,NEW,BLOG_NEWS,/seedance/versions,"Seedance Release History: Versions, Dates & Major Changes",Seedance Release History,12,ZERO_VOLUME_SUPPORT,seedance2.0什么时候上线？,seedance2.0什么时候上线？,CANONICAL,0,58,1,KEEP_P0,ZERO_VOLUME_RELEVANT,Other / Contextual,Blog：用于时效性、观点/Review、实验性新主题或适合文章表达的教程；不要写成低质批量水文。,BUILD_P2
/blog/seedance-release-history,BLOG,P2,NEW,BLOG_NEWS,/seedance/versions,"Seedance Release History: Versions, Dates & Major Changes",Seedance Release History,13,ZERO_VOLUME_SUPPORT,byteplus seedance 2.0 api official launch status,byteplus seedance 2.0 api official launch status,CANONICAL,0,57,24,KEEP_P2,ZERO_VOLUME_RELEVANT,API / Developer,Blog：用于时效性、观点/Review、实验性新主题或适合文章表达的教程；不要写成低质批量水文。,BUILD_P2
/blog/seedance-release-history,BLOG,P2,NEW,BLOG_NEWS,/seedance/versions,"Seedance Release History: Versions, Dates & Major Changes",Seedance Release History,14,ZERO_VOLUME_SUPPORT,is higgsfield unlimited seedance 2.0 available in cli and mcp,is higgsfield unlimited seedance 2.0 available in cli and mcp,CANONICAL,0,51,38,KEEP_P0,ZERO_VOLUME_RELEVANT,2.0 Commercial / Generator,Blog：用于时效性、观点/Review、实验性新主题或适合文章表达的教程；不要写成低质批量水文。,BUILD_P2
/blog/seedance-release-history,BLOG,P2,NEW,BLOG_NEWS,/seedance/versions,"Seedance Release History: Versions, Dates & Major Changes",Seedance Release History,15,ZERO_VOLUME_SUPPORT,in higgsfield seedance 2.0 fast unlimited is available in basic plan or not?,in higgsfield seedance 2.0 fast unlimited is available in basic plan or not?,CANONICAL,0,45,29,KEEP_P0,ZERO_VOLUME_RELEVANT,2.0 Commercial / Generator,Blog：用于时效性、观点/Review、实验性新主题或适合文章表达的教程；不要写成低质批量水文。,BUILD_P2
/blog/seedance-release-history,BLOG,P2,NEW,BLOG_NEWS,/seedance/versions,"Seedance Release History: Versions, Dates & Major Changes",Seedance Release History,16,ZERO_VOLUME_SUPPORT,seedance videos higgsfield coming out choppy,seedance videos higgsfield coming out choppy,CANONICAL,0,45,--,KEEP_P2,ZERO_VOLUME_RELEVANT,Versions / Release History,Blog：用于时效性、观点/Review、实验性新主题或适合文章表达的教程；不要写成低质批量水文。,BUILD_P2
/blog/seedance-release-history,BLOG,P2,NEW,BLOG_NEWS,/seedance/versions,"Seedance Release History: Versions, Dates & Major Changes",Seedance Release History,17,ZERO_VOLUME_SUPPORT,where are seedance 2.0 available for free,where are seedance 2.0 available for free,CANONICAL,0,44,91,KEEP_P0,ZERO_VOLUME_RELEVANT,2.0 Commercial / Generator,Blog：用于时效性、观点/Review、实验性新主题或适合文章表达的教程；不要写成低质批量水文。,BUILD_P2
/blog/seedance-release-history,BLOG,P2,NEW,BLOG_NEWS,/seedance/versions,"Seedance Release History: Versions, Dates & Major Changes",Seedance Release History,18,ZERO_VOLUME_SUPPORT,is seedance 2.0 only available on higgsfield,is seedance 2.0 only available on higgsfield,CANONICAL,0,43,--,KEEP_P0,ZERO_VOLUME_RELEVANT,Platforms / Providers,Blog：用于时效性、观点/Review、实验性新主题或适合文章表达的教程；不要写成低质批量水文。,BUILD_P2
/blog/seedance-release-history,BLOG,P2,NEW,BLOG_NEWS,/seedance/versions,"Seedance Release History: Versions, Dates & Major Changes",Seedance Release History,19,ZERO_VOLUME_SUPPORT,when did seedance 2.0 launch?,when did seedance 2.0 launch?,CANONICAL,0,26,--,KEEP_P0,ZERO_VOLUME_RELEVANT,2.0 Core / Generator,Blog：用于时效性、观点/Review、实验性新主题或适合文章表达的教程；不要写成低质批量水文。,BUILD_P2
/blog/seedance-release-history,BLOG,P2,NEW,BLOG_NEWS,/seedance/versions,"Seedance Release History: Versions, Dates & Major Changes",Seedance Release History,20,ZERO_VOLUME_SUPPORT,seedance 2.0 之前正式上线的时间是在上午还是下午？具体几点？,seedance 2.0 之前正式上线的时间是在上午还是下午？具体几点？,CANONICAL,0,24,--,KEEP_P0,ZERO_VOLUME_RELEVANT,2.0 Core / Generator,Blog：用于时效性、观点/Review、实验性新主题或适合文章表达的教程；不要写成低质批量水文。,BUILD_P2
/blog/seedance-release-history,BLOG,P2,NEW,BLOG_NEWS,/seedance/versions,"Seedance Release History: Versions, Dates & Major Changes",Seedance Release History,21,ZERO_VOLUME_SUPPORT,seedance 2.0 什么时候发布的,seedance 2.0 什么时候发布的,CANONICAL,0,23,--,KEEP_P0,ZERO_VOLUME_RELEVANT,2.0 Core / Generator,Blog：用于时效性、观点/Review、实验性新主题或适合文章表达的教程；不要写成低质批量水文。,BUILD_P2
/blog/seedance-release-history,BLOG,P2,NEW,BLOG_NEWS,/seedance/versions,"Seedance Release History: Versions, Dates & Major Changes",Seedance Release History,22,ZERO_VOLUME_SUPPORT,when was the seedance model released,when was the seedance model released,CANONICAL,0,8,--,KEEP_P2,ZERO_VOLUME_RELEVANT,Versions / Release History,Blog：用于时效性、观点/Review、实验性新主题或适合文章表达的教程；不要写成低质批量水文。,BUILD_P2
/blog/seedance-release-history,BLOG,P2,NEW,BLOG_NEWS,/seedance/versions,"Seedance Release History: Versions, Dates & Major Changes",Seedance Release History,23,ZERO_VOLUME_SUPPORT,seedance 2.0 fast vip 优惠到什么时候 官方连接,seedance 2.0 fast vip 优惠到什么时候 官方连接,CANONICAL,0,0,--,KEEP_P0,ZERO_VOLUME_RELEVANT,2.0 Core / Generator,Blog：用于时效性、观点/Review、实验性新主题或适合文章表达的教程；不要写成低质批量水文。,BUILD_P2
/compare,SUBPAGE,P2,EXISTING_OR_NEW,COMPARISON_HUB,/seedance-2-0;/seedance-2-5,"Seedance Comparisons: Kling, Veo, MiniMax H3 & More",Seedance Comparisons,1,PRIMARY,seedream vs seedance,seedream vs seedance,CANONICAL,2010,811,--,KEEP_P2,HAS_VOLUME,Comparison / Other,普通子页面：用于稳定、长期、功能型或明确独立意图；围绕主题完整回答并链接核心页。,KEEP_OR_REFRESH
/compare,SUBPAGE,P2,EXISTING_OR_NEW,COMPARISON_HUB,/seedance-2-0;/seedance-2-5,"Seedance Comparisons: Kling, Veo, MiniMax H3 & More",Seedance Comparisons,2,PRIMARY,ltx 2.3 vs seedance 2.0,ltx 2.3 vs seedance 2.0,CANONICAL,1770,244,--,KEEP_P2,HAS_VOLUME,Comparison / Other,普通子页面：用于稳定、长期、功能型或明确独立意图；围绕主题完整回答并链接核心页。,KEEP_OR_REFRESH
/compare,SUBPAGE,P2,EXISTING_OR_NEW,COMPARISON_HUB,/seedance-2-0;/seedance-2-5,"Seedance Comparisons: Kling, Veo, MiniMax H3 & More",Seedance Comparisons,3,PRIMARY,something better than seedance 2.5?,something better than seedance 2.5?,CANONICAL,1720,0,--,KEEP_P2,HAS_VOLUME,Comparison / Other,普通子页面：用于稳定、长期、功能型或明确独立意图；围绕主题完整回答并链接核心页。,KEEP_OR_REFRESH
/compare,SUBPAGE,P2,EXISTING_OR_NEW,COMPARISON_HUB,/seedance-2-0;/seedance-2-5,"Seedance Comparisons: Kling, Veo, MiniMax H3 & More",Seedance Comparisons,4,PRIMARY,flux 3 vs seedance 2,flux 3 vs seedance 2,CANONICAL,1670,0,--,KEEP_P2,HAS_VOLUME,Comparison / Other,普通子页面：用于稳定、长期、功能型或明确独立意图；围绕主题完整回答并链接核心页。,KEEP_OR_REFRESH
/compare,SUBPAGE,P2,EXISTING_OR_NEW,COMPARISON_HUB,/seedance-2-0;/seedance-2-5,"Seedance Comparisons: Kling, Veo, MiniMax H3 & More",Seedance Comparisons,5,PRIMARY,seedance vs seedream,seedance vs seedream,CANONICAL,1570,620,--,KEEP_P2,HAS_VOLUME,Comparison / Other,普通子页面：用于稳定、长期、功能型或明确独立意图；围绕主题完整回答并链接核心页。,KEEP_OR_REFRESH
/compare,SUBPAGE,P2,EXISTING_OR_NEW,COMPARISON_HUB,/seedance-2-0;/seedance-2-5,"Seedance Comparisons: Kling, Veo, MiniMax H3 & More",Seedance Comparisons,6,PRIMARY,flux 3 vs seedance 2.5,flux 3 vs seedance 2.5,CANONICAL,1230,0,--,KEEP_P2,HAS_VOLUME,Comparison / Other,普通子页面：用于稳定、长期、功能型或明确独立意图；围绕主题完整回答并链接核心页。,KEEP_OR_REFRESH
/compare,SUBPAGE,P2,EXISTING_OR_NEW,COMPARISON_HUB,/seedance-2-0;/seedance-2-5,"Seedance Comparisons: Kling, Veo, MiniMax H3 & More",Seedance Comparisons,7,PRIMARY,flux 3 vs seedance 2.5 ugc,flux 3 vs seedance 2.5 ugc,CANONICAL,1210,0,--,KEEP_P2,HAS_VOLUME,Comparison / Other,普通子页面：用于稳定、长期、功能型或明确独立意图；围绕主题完整回答并链接核心页。,KEEP_OR_REFRESH
/compare,SUBPAGE,P2,EXISTING_OR_NEW,COMPARISON_HUB,/seedance-2-0;/seedance-2-5,"Seedance Comparisons: Kling, Veo, MiniMax H3 & More",Seedance Comparisons,8,PRIMARY,seedance vs grok imagine which is good,seedance vs grok imagine which is good,CANONICAL,980,32,--,KEEP_P2,HAS_VOLUME,Comparison / Other,普通子页面：用于稳定、长期、功能型或明确独立意图；围绕主题完整回答并链接核心页。,KEEP_OR_REFRESH
/compare,SUBPAGE,P2,EXISTING_OR_NEW,COMPARISON_HUB,/seedance-2-0;/seedance-2-5,"Seedance Comparisons: Kling, Veo, MiniMax H3 & More",Seedance Comparisons,9,SECONDARY,seedance vs grok imagine?,seedance vs grok imagine?,CANONICAL,980,32,--,KEEP_P2,HAS_VOLUME,Comparison / Other,普通子页面：用于稳定、长期、功能型或明确独立意图；围绕主题完整回答并链接核心页。,KEEP_OR_REFRESH
/compare,SUBPAGE,P2,EXISTING_OR_NEW,COMPARISON_HUB,/seedance-2-0;/seedance-2-5,"Seedance Comparisons: Kling, Veo, MiniMax H3 & More",Seedance Comparisons,10,SECONDARY,seedance 2.5 vs,seedance 2.5 vs,CANONICAL,940,22,--,KEEP_P2,HAS_VOLUME,Comparison / Other,普通子页面：用于稳定、长期、功能型或明确独立意图；围绕主题完整回答并链接核心页。,KEEP_OR_REFRESH
/compare,SUBPAGE,P2,EXISTING_OR_NEW,COMPARISON_HUB,/seedance-2-0;/seedance-2-5,"Seedance Comparisons: Kling, Veo, MiniMax H3 & More",Seedance Comparisons,11,SECONDARY,ltx 2.3 vs seedance,ltx 2.3 vs seedance,CANONICAL,900,88,--,KEEP_P2,HAS_VOLUME,Comparison / Other,普通子页面：用于稳定、长期、功能型或明确独立意图；围绕主题完整回答并链接核心页。,KEEP_OR_REFRESH
/compare,SUBPAGE,P2,EXISTING_OR_NEW,COMPARISON_HUB,/seedance-2-0;/seedance-2-5,"Seedance Comparisons: Kling, Veo, MiniMax H3 & More",Seedance Comparisons,12,SECONDARY,gemini omni flash vs seedance 2.0,gemini omni flash vs seedance 2.0,CANONICAL,870,78,--,KEEP_P2,HAS_VOLUME,Comparison / Other,普通子页面：用于稳定、长期、功能型或明确独立意图；围绕主题完整回答并链接核心页。,KEEP_OR_REFRESH
/compare,SUBPAGE,P2,EXISTING_OR_NEW,COMPARISON_HUB,/seedance-2-0;/seedance-2-5,"Seedance Comparisons: Kling, Veo, MiniMax H3 & More",Seedance Comparisons,13,SECONDARY,is there any new video generation currently better than seedance and cheaper as well?,is there any new video generation currently better than seedance and cheaper as well?,CANONICAL,780,0,--,KEEP_P1,HAS_VOLUME,Generic Pricing / Free / Unlimited,普通子页面：用于稳定、长期、功能型或明确独立意图；围绕主题完整回答并链接核心页。,KEEP_OR_REFRESH
/compare,SUBPAGE,P2,EXISTING_OR_NEW,COMPARISON_HUB,/seedance-2-0;/seedance-2-5,"Seedance Comparisons: Kling, Veo, MiniMax H3 & More",Seedance Comparisons,14,SECONDARY,grok imagine 1.5 video cost vs seedance 2.0,grok imagine 1.5 video cost vs seedance 2.0,CANONICAL,760,0,--,KEEP_P1,HAS_VOLUME,2.0 Commercial / Generator,普通子页面：用于稳定、长期、功能型或明确独立意图；围绕主题完整回答并链接核心页。,KEEP_OR_REFRESH
/compare,SUBPAGE,P2,EXISTING_OR_NEW,COMPARISON_HUB,/seedance-2-0;/seedance-2-5,"Seedance Comparisons: Kling, Veo, MiniMax H3 & More",Seedance Comparisons,15,SECONDARY,heygen vs seedance 2.0,heygen vs seedance 2.0,CANONICAL,720,194,--,KEEP_P2,HAS_VOLUME,Comparison / Other,普通子页面：用于稳定、长期、功能型或明确独立意图；围绕主题完整回答并链接核心页。,KEEP_OR_REFRESH
/compare,SUBPAGE,P2,EXISTING_OR_NEW,COMPARISON_HUB,/seedance-2-0;/seedance-2-5,"Seedance Comparisons: Kling, Veo, MiniMax H3 & More",Seedance Comparisons,16,SECONDARY,seedance 2.5 on dreamina price vs higgsfield,seedance 2.5 on dreamina price vs higgsfield,CANONICAL,670,0,--,KEEP_P0,HAS_VOLUME,Pricing / Free / Unlimited,普通子页面：用于稳定、长期、功能型或明确独立意图；围绕主题完整回答并链接核心页。,KEEP_OR_REFRESH
/compare,SUBPAGE,P2,EXISTING_OR_NEW,COMPARISON_HUB,/seedance-2-0;/seedance-2-5,"Seedance Comparisons: Kling, Veo, MiniMax H3 & More",Seedance Comparisons,17,SECONDARY,seedance 2.5、料金比較,seedance 2.5、料金比較,CANONICAL,670,0,--,KEEP_P0,HAS_VOLUME,Pricing / Free / Unlimited,普通子页面：用于稳定、长期、功能型或明确独立意图；围绕主题完整回答并链接核心页。,KEEP_OR_REFRESH
/compare,SUBPAGE,P2,EXISTING_OR_NEW,COMPARISON_HUB,/seedance-2-0;/seedance-2-5,"Seedance Comparisons: Kling, Veo, MiniMax H3 & More",Seedance Comparisons,18,SECONDARY,ltx 2.3 vs seedance youtube,ltx 2.3 vs seedance youtube,CANONICAL,660,0,--,KEEP_P2,HAS_VOLUME,Comparison / Other,普通子页面：用于稳定、长期、功能型或明确独立意图；围绕主题完整回答并链接核心页。,KEEP_OR_REFRESH
/compare,SUBPAGE,P2,EXISTING_OR_NEW,COMPARISON_HUB,/seedance-2-0;/seedance-2-5,"Seedance Comparisons: Kling, Veo, MiniMax H3 & More",Seedance Comparisons,19,SECONDARY,wan 3.0 vs seedance 2.5,wan 3.0 vs seedance 2.5,CANONICAL,660,0,--,KEEP_P2,HAS_VOLUME,Comparison / Other,普通子页面：用于稳定、长期、功能型或明确独立意图；围绕主题完整回答并链接核心页。,KEEP_OR_REFRESH
/compare,SUBPAGE,P2,EXISTING_OR_NEW,COMPARISON_HUB,/seedance-2-0;/seedance-2-5,"Seedance Comparisons: Kling, Veo, MiniMax H3 & More",Seedance Comparisons,20,SECONDARY,wan 2.7 vs seedance 2.0,wan 2.7 vs seedance 2.0,CANONICAL,650,388,--,KEEP_P2,HAS_VOLUME,Comparison / Other,普通子页面：用于稳定、长期、功能型或明确独立意图；围绕主题完整回答并链接核心页。,KEEP_OR_REFRESH
/compare,SUBPAGE,P2,EXISTING_OR_NEW,COMPARISON_HUB,/seedance-2-0;/seedance-2-5,"Seedance Comparisons: Kling, Veo, MiniMax H3 & More",Seedance Comparisons,21,SECONDARY,google omni vs seedance 2.5,google omni vs seedance 2.5,CANONICAL,580,0,--,KEEP_P2,HAS_VOLUME,Comparison / Other,普通子页面：用于稳定、长期、功能型或明确独立意图；围绕主题完整回答并链接核心页。,KEEP_OR_REFRESH
/compare,SUBPAGE,P2,EXISTING_OR_NEW,COMPARISON_HUB,/seedance-2-0;/seedance-2-5,"Seedance Comparisons: Kling, Veo, MiniMax H3 & More",Seedance Comparisons,22,SECONDARY,grok imagine vs seedance 2.0,grok imagine vs seedance 2.0,CANONICAL,570,73,--,KEEP_P2,HAS_VOLUME,Comparison / Other,普通子页面：用于稳定、长期、功能型或明确独立意图；围绕主题完整回答并链接核心页。,KEEP_OR_REFRESH
/compare,SUBPAGE,P2,EXISTING_OR_NEW,COMPARISON_HUB,/seedance-2-0;/seedance-2-5,"Seedance Comparisons: Kling, Veo, MiniMax H3 & More",Seedance Comparisons,23,SECONDARY,the difference between openart seedance 2.5 and higgsfield seedance 2.5,the difference between openart seedance 2.5 and higgsfield seedance 2.5,CANONICAL,550,0,--,KEEP_P2,HAS_VOLUME,Comparison / Other,普通子页面：用于稳定、长期、功能型或明确独立意图；围绕主题完整回答并链接核心页。,KEEP_OR_REFRESH
/compare,SUBPAGE,P2,EXISTING_OR_NEW,COMPARISON_HUB,/seedance-2-0;/seedance-2-5,"Seedance Comparisons: Kling, Veo, MiniMax H3 & More",Seedance Comparisons,24,SECONDARY,ltx 2.3 vs seedance 2.5,ltx 2.3 vs seedance 2.5,CANONICAL,500,67,--,KEEP_P2,HAS_VOLUME,Comparison / Other,普通子页面：用于稳定、长期、功能型或明确独立意图；围绕主题完整回答并链接核心页。,KEEP_OR_REFRESH
/compare,SUBPAGE,P2,EXISTING_OR_NEW,COMPARISON_HUB,/seedance-2-0;/seedance-2-5,"Seedance Comparisons: Kling, Veo, MiniMax H3 & More",Seedance Comparisons,25,SECONDARY,ai 動画 比較 seedance vidu,ai 動画 比較 seedance vidu,CANONICAL,470,0,--,KEEP_P1,HAS_VOLUME,Homepage / Generic Seedance,普通子页面：用于稳定、长期、功能型或明确独立意图；围绕主题完整回答并链接核心页。,KEEP_OR_REFRESH
/compare,SUBPAGE,P2,EXISTING_OR_NEW,COMPARISON_HUB,/seedance-2-0;/seedance-2-5,"Seedance Comparisons: Kling, Veo, MiniMax H3 & More",Seedance Comparisons,26,SECONDARY,dreamina seedance 2.0 vs seedance 2.0,dreamina seedance 2.0 vs seedance 2.0,CANONICAL,450,189,--,KEEP_P2,HAS_VOLUME,Comparison / Other,普通子页面：用于稳定、长期、功能型或明确独立意图；围绕主题完整回答并链接核心页。,KEEP_OR_REFRESH
/compare,SUBPAGE,P2,EXISTING_OR_NEW,COMPARISON_HUB,/seedance-2-0;/seedance-2-5,"Seedance Comparisons: Kling, Veo, MiniMax H3 & More",Seedance Comparisons,27,SECONDARY,seedance 2 mini versus seedance 2,seedance 2 mini versus seedance 2,CANONICAL,440,14,--,KEEP_P2,HAS_VOLUME,Comparison / Other,普通子页面：用于稳定、长期、功能型或明确独立意图；围绕主题完整回答并链接核心页。,KEEP_OR_REFRESH
/compare,SUBPAGE,P2,EXISTING_OR_NEW,COMPARISON_HUB,/seedance-2-0;/seedance-2-5,"Seedance Comparisons: Kling, Veo, MiniMax H3 & More",Seedance Comparisons,28,SECONDARY,flux 3 vs seedance 2.0,flux 3 vs seedance 2.0,CANONICAL,400,9,--,KEEP_P2,HAS_VOLUME,Comparison / Other,普通子页面：用于稳定、长期、功能型或明确独立意图；围绕主题完整回答并链接核心页。,KEEP_OR_REFRESH
/compare,SUBPAGE,P2,EXISTING_OR_NEW,COMPARISON_HUB,/seedance-2-0;/seedance-2-5,"Seedance Comparisons: Kling, Veo, MiniMax H3 & More",Seedance Comparisons,29,SECONDARY,dreamina seedance 2.5 vs higgsfield ai pricing,dreamina seedance 2.5 vs higgsfield ai pricing,CANONICAL,400,0,--,KEEP_P0,HAS_VOLUME,Pricing / Free / Unlimited,普通子页面：用于稳定、长期、功能型或明确独立意图；围绕主题完整回答并链接核心页。,KEEP_OR_REFRESH
/compare,SUBPAGE,P2,EXISTING_OR_NEW,COMPARISON_HUB,/seedance-2-0;/seedance-2-5,"Seedance Comparisons: Kling, Veo, MiniMax H3 & More",Seedance Comparisons,30,SECONDARY,ltx 2.5 vs seedance,ltx 2.5 vs seedance,CANONICAL,400,0,--,KEEP_P2,HAS_VOLUME,Comparison / Other,普通子页面：用于稳定、长期、功能型或明确独立意图；围绕主题完整回答并链接核心页。,KEEP_OR_REFRESH
/compare,SUBPAGE,P2,EXISTING_OR_NEW,COMPARISON_HUB,/seedance-2-0;/seedance-2-5,"Seedance Comparisons: Kling, Veo, MiniMax H3 & More",Seedance Comparisons,31,SECONDARY,wan ai vs seedance,wan ai vs seedance,CANONICAL,390,0,--,KEEP_P2,HAS_VOLUME,Comparison / Other,普通子页面：用于稳定、长期、功能型或明确独立意图；围绕主题完整回答并链接核心页。,KEEP_OR_REFRESH
/compare,SUBPAGE,P2,EXISTING_OR_NEW,COMPARISON_HUB,/seedance-2-0;/seedance-2-5,"Seedance Comparisons: Kling, Veo, MiniMax H3 & More",Seedance Comparisons,32,SECONDARY,seedance2.5 比較,seedance2.5 比較,CANONICAL,360,8,--,KEEP_P0,HAS_VOLUME,2.5 Core Hub,普通子页面：用于稳定、长期、功能型或明确独立意图；围绕主题完整回答并链接核心页。,KEEP_OR_REFRESH
/compare,SUBPAGE,P2,EXISTING_OR_NEW,COMPARISON_HUB,/seedance-2-0;/seedance-2-5,"Seedance Comparisons: Kling, Veo, MiniMax H3 & More",Seedance Comparisons,33,SECONDARY,compare seedance 2.0 and 2.0 fast,compare seedance 2.0 and 2.0 fast,CANONICAL,350,0,--,KEEP_P2,HAS_VOLUME,Comparison / Other,普通子页面：用于稳定、长期、功能型或明确独立意图；围绕主题完整回答并链接核心页。,KEEP_OR_REFRESH
/compare,SUBPAGE,P2,EXISTING_OR_NEW,COMPARISON_HUB,/seedance-2-0;/seedance-2-5,"Seedance Comparisons: Kling, Veo, MiniMax H3 & More",Seedance Comparisons,34,SECONDARY,is supergrok better than seedance,is supergrok better than seedance,CANONICAL,320,0,--,KEEP_P2,HAS_VOLUME,Comparison / Other,普通子页面：用于稳定、长期、功能型或明确独立意图；围绕主题完整回答并链接核心页。,KEEP_OR_REFRESH
/compare,SUBPAGE,P2,EXISTING_OR_NEW,COMPARISON_HUB,/seedance-2-0;/seedance-2-5,"Seedance Comparisons: Kling, Veo, MiniMax H3 & More",Seedance Comparisons,35,SECONDARY,seedance 1.5 pro vs seedance 2.0,seedance 1.5 pro vs seedance 2.0,CANONICAL,300,48,--,KEEP_P2,HAS_VOLUME,Comparison / Other,普通子页面：用于稳定、长期、功能型或明确独立意图；围绕主题完整回答并链接核心页。,KEEP_OR_REFRESH
/compare,SUBPAGE,P2,EXISTING_OR_NEW,COMPARISON_HUB,/seedance-2-0;/seedance-2-5,"Seedance Comparisons: Kling, Veo, MiniMax H3 & More",Seedance Comparisons,36,SECONDARY,seedance 2.5 cost vs grok 1.5,seedance 2.5 cost vs grok 1.5,CANONICAL,300,0,--,KEEP_P0,HAS_VOLUME,Pricing / Free / Unlimited,普通子页面：用于稳定、长期、功能型或明确独立意图；围绕主题完整回答并链接核心页。,KEEP_OR_REFRESH
/compare,SUBPAGE,P2,EXISTING_OR_NEW,COMPARISON_HUB,/seedance-2-0;/seedance-2-5,"Seedance Comparisons: Kling, Veo, MiniMax H3 & More",Seedance Comparisons,37,SECONDARY,dreamina vs poyo.ai seedance 2.5 price,dreamina vs poyo.ai seedance 2.5 price,CANONICAL,290,0,--,KEEP_P0,HAS_VOLUME,Pricing / Free / Unlimited,普通子页面：用于稳定、长期、功能型或明确独立意图；围绕主题完整回答并链接核心页。,KEEP_OR_REFRESH
/compare,SUBPAGE,P2,EXISTING_OR_NEW,COMPARISON_HUB,/seedance-2-0;/seedance-2-5,"Seedance Comparisons: Kling, Veo, MiniMax H3 & More",Seedance Comparisons,38,SECONDARY,grok video vs seedance 2.5,grok video vs seedance 2.5,CANONICAL,290,0,--,KEEP_P2,HAS_VOLUME,Comparison / Other,普通子页面：用于稳定、长期、功能型或明确独立意图；围绕主题完整回答并链接核心页。,KEEP_OR_REFRESH
/compare,SUBPAGE,P2,EXISTING_OR_NEW,COMPARISON_HUB,/seedance-2-0;/seedance-2-5,"Seedance Comparisons: Kling, Veo, MiniMax H3 & More",Seedance Comparisons,39,SECONDARY,grok imagine video vs seedance,grok imagine video vs seedance,CANONICAL,280,51,--,KEEP_P2,HAS_VOLUME,Comparison / Other,普通子页面：用于稳定、长期、功能型或明确独立意图；围绕主题完整回答并链接核心页。,KEEP_OR_REFRESH
/compare,SUBPAGE,P2,EXISTING_OR_NEW,COMPARISON_HUB,/seedance-2-0;/seedance-2-5,"Seedance Comparisons: Kling, Veo, MiniMax H3 & More",Seedance Comparisons,40,SECONDARY,seedance 2.0 vs higgsfield pricing,seedance 2.0 vs higgsfield pricing,CANONICAL,280,0,--,KEEP_P1,HAS_VOLUME,2.0 Commercial / Generator,普通子页面：用于稳定、长期、功能型或明确独立意图；围绕主题完整回答并链接核心页。,KEEP_OR_REFRESH
/compare,SUBPAGE,P2,EXISTING_OR_NEW,COMPARISON_HUB,/seedance-2-0;/seedance-2-5,"Seedance Comparisons: Kling, Veo, MiniMax H3 & More",Seedance Comparisons,41,SECONDARY,higgsfield vs replicate seedance 2.5,higgsfield vs replicate seedance 2.5,CANONICAL,270,0,--,KEEP_P2,HAS_VOLUME,Comparison / Other,普通子页面：用于稳定、长期、功能型或明确独立意图；围绕主题完整回答并链接核心页。,KEEP_OR_REFRESH
/compare,SUBPAGE,P2,EXISTING_OR_NEW,COMPARISON_HUB,/seedance-2-0;/seedance-2-5,"Seedance Comparisons: Kling, Veo, MiniMax H3 & More",Seedance Comparisons,42,SECONDARY,seedance 2.0 vs wan vs google flow,seedance 2.0 vs wan vs google flow,CANONICAL,260,0,--,KEEP_P2,HAS_VOLUME,Comparison / Other,普通子页面：用于稳定、长期、功能型或明确独立意图；围绕主题完整回答并链接核心页。,KEEP_OR_REFRESH
/compare,SUBPAGE,P2,EXISTING_OR_NEW,COMPARISON_HUB,/seedance-2-0;/seedance-2-5,"Seedance Comparisons: Kling, Veo, MiniMax H3 & More",Seedance Comparisons,43,SECONDARY,seedance 2.5 vs ltx 2.5 6gb vram,seedance 2.5 vs ltx 2.5 6gb vram,CANONICAL,260,0,--,KEEP_P2,HAS_VOLUME,Comparison / Other,普通子页面：用于稳定、长期、功能型或明确独立意图；围绕主题完整回答并链接核心页。,KEEP_OR_REFRESH
/compare,SUBPAGE,P2,EXISTING_OR_NEW,COMPARISON_HUB,/seedance-2-0;/seedance-2-5,"Seedance Comparisons: Kling, Veo, MiniMax H3 & More",Seedance Comparisons,44,SECONDARY,wan3.0 vs seedance2.5,wan3.0 vs seedance2.5,CANONICAL,250,0,--,KEEP_P2,HAS_VOLUME,Comparison / Other,普通子页面：用于稳定、长期、功能型或明确独立意图；围绕主题完整回答并链接核心页。,KEEP_OR_REFRESH
/compare,SUBPAGE,P2,EXISTING_OR_NEW,COMPARISON_HUB,/seedance-2-0;/seedance-2-5,"Seedance Comparisons: Kling, Veo, MiniMax H3 & More",Seedance Comparisons,45,SECONDARY,difference between higgsfield and seedance,difference between higgsfield and seedance,CANONICAL,230,42,--,KEEP_P2,HAS_VOLUME,Comparison / Other,普通子页面：用于稳定、长期、功能型或明确独立意图；围绕主题完整回答并链接核心页。,KEEP_OR_REFRESH
/compare,SUBPAGE,P2,EXISTING_OR_NEW,COMPARISON_HUB,/seedance-2-0;/seedance-2-5,"Seedance Comparisons: Kling, Veo, MiniMax H3 & More",Seedance Comparisons,46,SECONDARY,seedance 2.0 vs gen 4.5,seedance 2.0 vs gen 4.5,CANONICAL,230,15,--,KEEP_P2,HAS_VOLUME,Comparison / Other,普通子页面：用于稳定、长期、功能型或明确独立意图；围绕主题完整回答并链接核心页。,KEEP_OR_REFRESH
/compare,SUBPAGE,P2,EXISTING_OR_NEW,COMPARISON_HUB,/seedance-2-0;/seedance-2-5,"Seedance Comparisons: Kling, Veo, MiniMax H3 & More",Seedance Comparisons,47,SECONDARY,flux 3 video vs seedance 2.5 input capabilities,flux 3 video vs seedance 2.5 input capabilities,CANONICAL,230,0,--,KEEP_P2,HAS_VOLUME,Comparison / Other,普通子页面：用于稳定、长期、功能型或明确独立意图；围绕主题完整回答并链接核心页。,KEEP_OR_REFRESH
/compare,SUBPAGE,P2,EXISTING_OR_NEW,COMPARISON_HUB,/seedance-2-0;/seedance-2-5,"Seedance Comparisons: Kling, Veo, MiniMax H3 & More",Seedance Comparisons,48,SECONDARY,flux 3 video vs seedance input capabilities,flux 3 video vs seedance input capabilities,CANONICAL,230,0,--,KEEP_P2,HAS_VOLUME,Comparison / Other,普通子页面：用于稳定、长期、功能型或明确独立意图；围绕主题完整回答并链接核心页。,KEEP_OR_REFRESH
/compare,SUBPAGE,P2,EXISTING_OR_NEW,COMPARISON_HUB,/seedance-2-0;/seedance-2-5,"Seedance Comparisons: Kling, Veo, MiniMax H3 & More",Seedance Comparisons,49,SECONDARY,seedance higgsfield 比較,seedance higgsfield 比較,CANONICAL,230,0,--,KEEP_P1,HAS_VOLUME,Platforms / Providers,普通子页面：用于稳定、长期、功能型或明确独立意图；围绕主题完整回答并链接核心页。,KEEP_OR_REFRESH
/compare,SUBPAGE,P2,EXISTING_OR_NEW,COMPARISON_HUB,/seedance-2-0;/seedance-2-5,"Seedance Comparisons: Kling, Veo, MiniMax H3 & More",Seedance Comparisons,50,SECONDARY,seedance 2.5 vs seedance 2.5 edit,seedance 2.5 vs seedance 2.5 edit,CANONICAL,210,0,--,KEEP_P2,HAS_VOLUME,Comparison / Other,普通子页面：用于稳定、长期、功能型或明确独立意图；围绕主题完整回答并链接核心页。,KEEP_OR_REFRESH
/compare,SUBPAGE,P2,EXISTING_OR_NEW,COMPARISON_HUB,/seedance-2-0;/seedance-2-5,"Seedance Comparisons: Kling, Veo, MiniMax H3 & More",Seedance Comparisons,51,SECONDARY,seedance 2.5 vs wan 3,seedance 2.5 vs wan 3,CANONICAL,210,0,--,KEEP_P2,HAS_VOLUME,Comparison / Other,普通子页面：用于稳定、长期、功能型或明确独立意图；围绕主题完整回答并链接核心页。,KEEP_OR_REFRESH
/compare,SUBPAGE,P2,EXISTING_OR_NEW,COMPARISON_HUB,/seedance-2-0;/seedance-2-5,"Seedance Comparisons: Kling, Veo, MiniMax H3 & More",Seedance Comparisons,52,SECONDARY,better than seedance 2.5,better than seedance 2.5,CANONICAL,190,0,--,KEEP_P2,HAS_VOLUME,Comparison / Other,普通子页面：用于稳定、长期、功能型或明确独立意图；围绕主题完整回答并链接核心页。,KEEP_OR_REFRESH
/compare,SUBPAGE,P2,EXISTING_OR_NEW,COMPARISON_HUB,/seedance-2-0;/seedance-2-5,"Seedance Comparisons: Kling, Veo, MiniMax H3 & More",Seedance Comparisons,53,SECONDARY,comfyui locally pricing is way better than higgsfield for seedance,comfyui locally pricing is way better than higgsfield for seedance,CANONICAL,180,0,--,KEEP_P1,HAS_VOLUME,Generic Pricing / Free / Unlimited,普通子页面：用于稳定、长期、功能型或明确独立意图；围绕主题完整回答并链接核心页。,KEEP_OR_REFRESH
/compare,SUBPAGE,P2,EXISTING_OR_NEW,COMPARISON_HUB,/seedance-2-0;/seedance-2-5,"Seedance Comparisons: Kling, Veo, MiniMax H3 & More",Seedance Comparisons,54,SECONDARY,grok imagine 2 vs seedance 2.5,grok imagine 2 vs seedance 2.5,CANONICAL,180,0,--,KEEP_P2,HAS_VOLUME,Comparison / Other,普通子页面：用于稳定、长期、功能型或明确独立意图；围绕主题完整回答并链接核心页。,KEEP_OR_REFRESH
/compare,SUBPAGE,P2,EXISTING_OR_NEW,COMPARISON_HUB,/seedance-2-0;/seedance-2-5,"Seedance Comparisons: Kling, Veo, MiniMax H3 & More",Seedance Comparisons,55,SECONDARY,hunyuanvideo vs seedance 2.0,hunyuanvideo vs seedance 2.0,CANONICAL,180,0,--,KEEP_P2,HAS_VOLUME,Comparison / Other,普通子页面：用于稳定、长期、功能型或明确独立意图；围绕主题完整回答并链接核心页。,KEEP_OR_REFRESH
/compare,SUBPAGE,P2,EXISTING_OR_NEW,COMPARISON_HUB,/seedance-2-0;/seedance-2-5,"Seedance Comparisons: Kling, Veo, MiniMax H3 & More",Seedance Comparisons,56,SECONDARY,cinema studio 3.5 vs seedance 2.0,cinema studio 3.5 vs seedance 2.0,CANONICAL,170,528,--,KEEP_P2,HAS_VOLUME,Comparison / Other,普通子页面：用于稳定、长期、功能型或明确独立意图；围绕主题完整回答并链接核心页。,KEEP_OR_REFRESH
/compare,SUBPAGE,P2,EXISTING_OR_NEW,COMPARISON_HUB,/seedance-2-0;/seedance-2-5,"Seedance Comparisons: Kling, Veo, MiniMax H3 & More",Seedance Comparisons,57,SECONDARY,seedance vs,seedance vs,CANONICAL,170,129,--,KEEP_P2,HAS_VOLUME,Comparison / Other,普通子页面：用于稳定、长期、功能型或明确独立意图；围绕主题完整回答并链接核心页。,KEEP_OR_REFRESH
/compare,SUBPAGE,P2,EXISTING_OR_NEW,COMPARISON_HUB,/seedance-2-0;/seedance-2-5,"Seedance Comparisons: Kling, Veo, MiniMax H3 & More",Seedance Comparisons,58,SECONDARY,flux 3 cost vs seedance 2.0,flux 3 cost vs seedance 2.0,CANONICAL,170,39,--,KEEP_P1,HAS_VOLUME,2.0 Commercial / Generator,普通子页面：用于稳定、长期、功能型或明确独立意图；围绕主题完整回答并链接核心页。,KEEP_OR_REFRESH
/compare,SUBPAGE,P2,EXISTING_OR_NEW,COMPARISON_HUB,/seedance-2-0;/seedance-2-5,"Seedance Comparisons: Kling, Veo, MiniMax H3 & More",Seedance Comparisons,59,SECONDARY,anything better than seedance 2.5,anything better than seedance 2.5,CANONICAL,170,0,--,KEEP_P2,HAS_VOLUME,Comparison / Other,普通子页面：用于稳定、长期、功能型或明确独立意图；围绕主题完整回答并链接核心页。,KEEP_OR_REFRESH
/compare,SUBPAGE,P2,EXISTING_OR_NEW,COMPARISON_HUB,/seedance-2-0;/seedance-2-5,"Seedance Comparisons: Kling, Veo, MiniMax H3 & More",Seedance Comparisons,60,SECONDARY,grok imageine compared to seedance 2.5,grok imageine compared to seedance 2.5,CANONICAL,170,0,--,KEEP_P2,HAS_VOLUME,Comparison / Other,普通子页面：用于稳定、长期、功能型或明确独立意图；围绕主题完整回答并链接核心页。,KEEP_OR_REFRESH
/compare,SUBPAGE,P2,EXISTING_OR_NEW,COMPARISON_HUB,/seedance-2-0;/seedance-2-5,"Seedance Comparisons: Kling, Veo, MiniMax H3 & More",Seedance Comparisons,61,ZERO_VOLUME_SUPPORT,happy horse vs seedance 2.0,happy horse vs seedance 2.0,CANONICAL,0,248,--,KEEP_P2,ZERO_VOLUME_RELEVANT,Comparison / Other,普通子页面：用于稳定、长期、功能型或明确独立意图；围绕主题完整回答并链接核心页。,KEEP_OR_REFRESH
/compare,SUBPAGE,P2,EXISTING_OR_NEW,COMPARISON_HUB,/seedance-2-0;/seedance-2-5,"Seedance Comparisons: Kling, Veo, MiniMax H3 & More",Seedance Comparisons,62,ZERO_VOLUME_SUPPORT,gemini omni vs seedance 2.0,gemini omni vs seedance 2.0,CANONICAL,0,184,--,KEEP_P2,ZERO_VOLUME_RELEVANT,Comparison / Other,普通子页面：用于稳定、长期、功能型或明确独立意图；围绕主题完整回答并链接核心页。,KEEP_OR_REFRESH
/compare,SUBPAGE,P2,EXISTING_OR_NEW,COMPARISON_HUB,/seedance-2-0;/seedance-2-5,"Seedance Comparisons: Kling, Veo, MiniMax H3 & More",Seedance Comparisons,63,ZERO_VOLUME_SUPPORT,what the difference between seedance and higgsfield,what the difference between seedance and higgsfield,CANONICAL,0,132,--,KEEP_P2,ZERO_VOLUME_RELEVANT,Comparison / Other,普通子页面：用于稳定、长期、功能型或明确独立意图；围绕主题完整回答并链接核心页。,KEEP_OR_REFRESH
/compare,SUBPAGE,P2,EXISTING_OR_NEW,COMPARISON_HUB,/seedance-2-0;/seedance-2-5,"Seedance Comparisons: Kling, Veo, MiniMax H3 & More",Seedance Comparisons,64,ZERO_VOLUME_SUPPORT,wan 2.2 vs seedance,wan 2.2 vs seedance,CANONICAL,0,117,--,KEEP_P2,ZERO_VOLUME_RELEVANT,Comparison / Other,普通子页面：用于稳定、长期、功能型或明确独立意图；围绕主题完整回答并链接核心页。,KEEP_OR_REFRESH
/compare,SUBPAGE,P2,EXISTING_OR_NEW,COMPARISON_HUB,/seedance-2-0;/seedance-2-5,"Seedance Comparisons: Kling, Veo, MiniMax H3 & More",Seedance Comparisons,65,ZERO_VOLUME_SUPPORT,seedance 2.0 vs higgsfield ai,seedance 2.0 vs higgsfield ai,CANONICAL,0,116,21,KEEP_P2,ZERO_VOLUME_RELEVANT,Comparison / Other,普通子页面：用于稳定、长期、功能型或明确独立意图；围绕主题完整回答并链接核心页。,KEEP_OR_REFRESH
/compare,SUBPAGE,P2,EXISTING_OR_NEW,COMPARISON_HUB,/seedance-2-0;/seedance-2-5,"Seedance Comparisons: Kling, Veo, MiniMax H3 & More",Seedance Comparisons,66,ZERO_VOLUME_SUPPORT,seedance vs wan vs ltx,seedance vs wan vs ltx,CANONICAL,0,98,--,KEEP_P2,ZERO_VOLUME_RELEVANT,Comparison / Other,普通子页面：用于稳定、长期、功能型或明确独立意图；围绕主题完整回答并链接核心页。,KEEP_OR_REFRESH
/compare,SUBPAGE,P2,EXISTING_OR_NEW,COMPARISON_HUB,/seedance-2-0;/seedance-2-5,"Seedance Comparisons: Kling, Veo, MiniMax H3 & More",Seedance Comparisons,67,ZERO_VOLUME_SUPPORT,seedance mini compare com seedance 2.0,seedance mini compare com seedance 2.0,CANONICAL,0,83,--,KEEP_P2,ZERO_VOLUME_RELEVANT,Comparison / Other,普通子页面：用于稳定、长期、功能型或明确独立意图；围绕主题完整回答并链接核心页。,KEEP_OR_REFRESH
/compare,SUBPAGE,P2,EXISTING_OR_NEW,COMPARISON_HUB,/seedance-2-0;/seedance-2-5,"Seedance Comparisons: Kling, Veo, MiniMax H3 & More",Seedance Comparisons,68,ZERO_VOLUME_SUPPORT,seedance 2.0 12v vs seedance 2.0,seedance 2.0 12v vs seedance 2.0,CANONICAL,0,77,41,KEEP_P2,ZERO_VOLUME_RELEVANT,Comparison / Other,普通子页面：用于稳定、长期、功能型或明确独立意图；围绕主题完整回答并链接核心页。,KEEP_OR_REFRESH
/compare,SUBPAGE,P2,EXISTING_OR_NEW,COMPARISON_HUB,/seedance-2-0;/seedance-2-5,"Seedance Comparisons: Kling, Veo, MiniMax H3 & More",Seedance Comparisons,69,ZERO_VOLUME_SUPPORT,seedance vs grok,seedance vs grok,CANONICAL,0,58,--,KEEP_P2,ZERO_VOLUME_RELEVANT,Comparison / Other,普通子页面：用于稳定、长期、功能型或明确独立意图；围绕主题完整回答并链接核心页。,KEEP_OR_REFRESH
/compare,SUBPAGE,P2,EXISTING_OR_NEW,COMPARISON_HUB,/seedance-2-0;/seedance-2-5,"Seedance Comparisons: Kling, Veo, MiniMax H3 & More",Seedance Comparisons,70,ZERO_VOLUME_SUPPORT,seedance vs ltx 2.3,seedance vs ltx 2.3,CANONICAL,0,51,--,KEEP_P2,ZERO_VOLUME_RELEVANT,Comparison / Other,普通子页面：用于稳定、长期、功能型或明确独立意图；围绕主题完整回答并链接核心页。,KEEP_OR_REFRESH
/compare,SUBPAGE,P2,EXISTING_OR_NEW,COMPARISON_HUB,/seedance-2-0;/seedance-2-5,"Seedance Comparisons: Kling, Veo, MiniMax H3 & More",Seedance Comparisons,71,ZERO_VOLUME_SUPPORT,seedance vs wan 2.7,seedance vs wan 2.7,CANONICAL,0,42,--,KEEP_P2,ZERO_VOLUME_RELEVANT,Comparison / Other,普通子页面：用于稳定、长期、功能型或明确独立意图；围绕主题完整回答并链接核心页。,KEEP_OR_REFRESH
/compare,SUBPAGE,P2,EXISTING_OR_NEW,COMPARISON_HUB,/seedance-2-0;/seedance-2-5,"Seedance Comparisons: Kling, Veo, MiniMax H3 & More",Seedance Comparisons,72,ZERO_VOLUME_SUPPORT,dreamina seedance 2.0 vs lumina?,dreamina seedance 2.0 vs lumina?,CANONICAL,0,40,--,KEEP_P2,ZERO_VOLUME_RELEVANT,Comparison / Other,普通子页面：用于稳定、长期、功能型或明确独立意图；围绕主题完整回答并链接核心页。,KEEP_OR_REFRESH
/compare,SUBPAGE,P2,EXISTING_OR_NEW,COMPARISON_HUB,/seedance-2-0;/seedance-2-5,"Seedance Comparisons: Kling, Veo, MiniMax H3 & More",Seedance Comparisons,73,ZERO_VOLUME_SUPPORT,"on ai, for iodine skin preps which is better, seedance 1.5 pro or wan 2.5","on ai, for iodine skin preps which is better, seedance 1.5 pro or wan 2.5",CANONICAL,0,39,--,KEEP_P2,ZERO_VOLUME_RELEVANT,Comparison / Other,普通子页面：用于稳定、长期、功能型或明确独立意图；围绕主题完整回答并链接核心页。,KEEP_OR_REFRESH
/compare,SUBPAGE,P2,EXISTING_OR_NEW,COMPARISON_HUB,/seedance-2-0;/seedance-2-5,"Seedance Comparisons: Kling, Veo, MiniMax H3 & More",Seedance Comparisons,74,ZERO_VOLUME_SUPPORT,is seedance 2.0 better than wan 2.7 for image ot video generation?,is seedance 2.0 better than wan 2.7 for image ot video generation?,CANONICAL,0,37,--,KEEP_P2,ZERO_VOLUME_RELEVANT,Comparison / Other,普通子页面：用于稳定、长期、功能型或明确独立意图；围绕主题完整回答并链接核心页。,KEEP_OR_REFRESH
/compare,SUBPAGE,P2,EXISTING_OR_NEW,COMPARISON_HUB,/seedance-2-0;/seedance-2-5,"Seedance Comparisons: Kling, Veo, MiniMax H3 & More",Seedance Comparisons,75,ZERO_VOLUME_SUPPORT,wan vs seedance qual melhor?,wan vs seedance qual melhor?,CANONICAL,0,37,--,KEEP_P2,ZERO_VOLUME_RELEVANT,Comparison / Other,普通子页面：用于稳定、长期、功能型或明确独立意图；围绕主题完整回答并链接核心页。,KEEP_OR_REFRESH
/compare,SUBPAGE,P2,EXISTING_OR_NEW,COMPARISON_HUB,/seedance-2-0;/seedance-2-5,"Seedance Comparisons: Kling, Veo, MiniMax H3 & More",Seedance Comparisons,76,ZERO_VOLUME_SUPPORT,seedance 2.0 vs google flow,seedance 2.0 vs google flow,CANONICAL,0,36,15,KEEP_P2,ZERO_VOLUME_RELEVANT,Comparison / Other,普通子页面：用于稳定、长期、功能型或明确独立意图；围绕主题完整回答并链接核心页。,KEEP_OR_REFRESH
/compare,SUBPAGE,P2,EXISTING_OR_NEW,COMPARISON_HUB,/seedance-2-0;/seedance-2-5,"Seedance Comparisons: Kling, Veo, MiniMax H3 & More",Seedance Comparisons,77,ZERO_VOLUME_SUPPORT,wan 2.6 vs seedance 2.0,wan 2.6 vs seedance 2.0,CANONICAL,0,35,--,KEEP_P2,ZERO_VOLUME_RELEVANT,Comparison / Other,普通子页面：用于稳定、长期、功能型或明确独立意图；围绕主题完整回答并链接核心页。,KEEP_OR_REFRESH
/compare,SUBPAGE,P2,EXISTING_OR_NEW,COMPARISON_HUB,/seedance-2-0;/seedance-2-5,"Seedance Comparisons: Kling, Veo, MiniMax H3 & More",Seedance Comparisons,78,ZERO_VOLUME_SUPPORT,seedream 5 pro vs seedance,seedream 5 pro vs seedance,CANONICAL,0,34,--,KEEP_P2,ZERO_VOLUME_RELEVANT,Comparison / Other,普通子页面：用于稳定、长期、功能型或明确独立意图；围绕主题完整回答并链接核心页。,KEEP_OR_REFRESH
/compare,SUBPAGE,P2,EXISTING_OR_NEW,COMPARISON_HUB,/seedance-2-0;/seedance-2-5,"Seedance Comparisons: Kling, Veo, MiniMax H3 & More",Seedance Comparisons,79,ZERO_VOLUME_SUPPORT,grok 1.5 vs seedance,grok 1.5 vs seedance,CANONICAL,0,31,--,KEEP_P2,ZERO_VOLUME_RELEVANT,Comparison / Other,普通子页面：用于稳定、长期、功能型或明确独立意图；围绕主题完整回答并链接核心页。,KEEP_OR_REFRESH
/compare,SUBPAGE,P2,EXISTING_OR_NEW,COMPARISON_HUB,/seedance-2-0;/seedance-2-5,"Seedance Comparisons: Kling, Veo, MiniMax H3 & More",Seedance Comparisons,80,ZERO_VOLUME_SUPPORT,compare seedance 2 models,compare seedance 2 models,CANONICAL,0,30,--,KEEP_P2,ZERO_VOLUME_RELEVANT,Comparison / Other,普通子页面：用于稳定、长期、功能型或明确独立意图；围绕主题完整回答并链接核心页。,KEEP_OR_REFRESH
/compare,SUBPAGE,P2,EXISTING_OR_NEW,COMPARISON_HUB,/seedance-2-0;/seedance-2-5,"Seedance Comparisons: Kling, Veo, MiniMax H3 & More",Seedance Comparisons,81,ZERO_VOLUME_SUPPORT,omni flash vs seedance 2.0,omni flash vs seedance 2.0,CANONICAL,0,30,--,KEEP_P2,ZERO_VOLUME_RELEVANT,Comparison / Other,普通子页面：用于稳定、长期、功能型或明确独立意图；围绕主题完整回答并链接核心页。,KEEP_OR_REFRESH
/compare,SUBPAGE,P2,EXISTING_OR_NEW,COMPARISON_HUB,/seedance-2-0;/seedance-2-5,"Seedance Comparisons: Kling, Veo, MiniMax H3 & More",Seedance Comparisons,82,ZERO_VOLUME_SUPPORT,gemini omni flash pricing vs seedance 2.5,gemini omni flash pricing vs seedance 2.5,CANONICAL,0,28,--,KEEP_P0,ZERO_VOLUME_RELEVANT,Pricing / Free / Unlimited,普通子页面：用于稳定、长期、功能型或明确独立意图；围绕主题完整回答并链接核心页。,KEEP_OR_REFRESH
/compare,SUBPAGE,P2,EXISTING_OR_NEW,COMPARISON_HUB,/seedance-2-0;/seedance-2-5,"Seedance Comparisons: Kling, Veo, MiniMax H3 & More",Seedance Comparisons,83,ZERO_VOLUME_SUPPORT,comfyui seedance 2.0 vs,comfyui seedance 2.0 vs,CANONICAL,0,24,--,KEEP_P2,ZERO_VOLUME_RELEVANT,Comparison / Other,普通子页面：用于稳定、长期、功能型或明确独立意图；围绕主题完整回答并链接核心页。,KEEP_OR_REFRESH
/compare,SUBPAGE,P2,EXISTING_OR_NEW,COMPARISON_HUB,/seedance-2-0;/seedance-2-5,"Seedance Comparisons: Kling, Veo, MiniMax H3 & More",Seedance Comparisons,84,ZERO_VOLUME_SUPPORT,seedance 2.0 vs seedance ai which to subscribe,seedance 2.0 vs seedance ai which to subscribe,CANONICAL,0,21,--,KEEP_P2,ZERO_VOLUME_RELEVANT,Comparison / Other,普通子页面：用于稳定、长期、功能型或明确独立意图；围绕主题完整回答并链接核心页。,KEEP_OR_REFRESH
/compare,SUBPAGE,P2,EXISTING_OR_NEW,COMPARISON_HUB,/seedance-2-0;/seedance-2-5,"Seedance Comparisons: Kling, Veo, MiniMax H3 & More",Seedance Comparisons,85,ZERO_VOLUME_SUPPORT,is happy horse 1.1 better than seedance 2.0,is happy horse 1.1 better than seedance 2.0,CANONICAL,0,18,--,KEEP_P2,ZERO_VOLUME_RELEVANT,Comparison / Other,普通子页面：用于稳定、长期、功能型或明确独立意图；围绕主题完整回答并链接核心页。,KEEP_OR_REFRESH
/compare/seedance-vs-kling,SUBPAGE,P2,NEW,COMPARISON,/seedance-2-0;/seedance-2-5,Seedance vs Kling: AI Video Model Comparison,Seedance vs Kling,1,PRIMARY,kling vs seedance,kling vs seedance,CANONICAL,4380,1883,1,KEEP_P2,HAS_VOLUME,Competitor Comparison / Kling,普通子页面：用于稳定、长期、功能型或明确独立意图；围绕主题完整回答并链接核心页。,BUILD_P2
/compare/seedance-vs-kling,SUBPAGE,P2,NEW,COMPARISON,/seedance-2-0;/seedance-2-5,Seedance vs Kling: AI Video Model Comparison,Seedance vs Kling,2,PRIMARY,seedance vs kling,seedance vs kling,CANONICAL,3770,1987,28,KEEP_P2,HAS_VOLUME,Competitor Comparison / Kling,普通子页面：用于稳定、长期、功能型或明确独立意图；围绕主题完整回答并链接核心页。,BUILD_P2
/compare/seedance-vs-kling,SUBPAGE,P2,NEW,COMPARISON,/seedance-2-0;/seedance-2-5,Seedance vs Kling: AI Video Model Comparison,Seedance vs Kling,3,PRIMARY,kling 3.0 vs seedance 2.0,kling 3.0 vs seedance 2.0,CANONICAL,3370,1548,1,KEEP_P2,HAS_VOLUME,Competitor Comparison / Kling,普通子页面：用于稳定、长期、功能型或明确独立意图；围绕主题完整回答并链接核心页。,BUILD_P2
/compare/seedance-vs-kling,SUBPAGE,P2,NEW,COMPARISON,/seedance-2-0;/seedance-2-5,Seedance vs Kling: AI Video Model Comparison,Seedance vs Kling,4,PRIMARY,seedance 2.0 vs kling 3.0,seedance 2.0 vs kling 3.0,CANONICAL,2670,1577,1,KEEP_P2,HAS_VOLUME,Competitor Comparison / Kling,普通子页面：用于稳定、长期、功能型或明确独立意图；围绕主题完整回答并链接核心页。,BUILD_P2
/compare/seedance-vs-kling,SUBPAGE,P2,NEW,COMPARISON,/seedance-2-0;/seedance-2-5,Seedance vs Kling: AI Video Model Comparison,Seedance vs Kling,5,PRIMARY,kling 3 omni vs seedance 2 omni,kling 3 omni vs seedance 2 omni,CANONICAL,1850,34,--,KEEP_P2,HAS_VOLUME,Competitor Comparison / Kling,普通子页面：用于稳定、长期、功能型或明确独立意图；围绕主题完整回答并链接核心页。,BUILD_P2
/compare/seedance-vs-kling,SUBPAGE,P2,NEW,COMPARISON,/seedance-2-0;/seedance-2-5,Seedance vs Kling: AI Video Model Comparison,Seedance vs Kling,6,PRIMARY,seedance 2 vs kling 3,seedance 2 vs kling 3,CANONICAL,1150,227,--,KEEP_P2,HAS_VOLUME,Competitor Comparison / Kling,普通子页面：用于稳定、长期、功能型或明确独立意图；围绕主题完整回答并链接核心页。,BUILD_P2
/compare/seedance-vs-kling,SUBPAGE,P2,NEW,COMPARISON,/seedance-2-0;/seedance-2-5,Seedance vs Kling: AI Video Model Comparison,Seedance vs Kling,7,PRIMARY,"kling 3.0 pro vs seedance 2,5","kling 3.0 pro vs seedance 2,5",CANONICAL,1150,0,--,KEEP_P2,HAS_VOLUME,Competitor Comparison / Kling,普通子页面：用于稳定、长期、功能型或明确独立意图；围绕主题完整回答并链接核心页。,BUILD_P2
/compare/seedance-vs-kling,SUBPAGE,P2,NEW,COMPARISON,/seedance-2-0;/seedance-2-5,Seedance vs Kling: AI Video Model Comparison,Seedance vs Kling,8,PRIMARY,"compare higgsfield, kling and seedance","compare higgsfield, kling and seedance",CANONICAL,960,0,--,KEEP_P2,HAS_VOLUME,Competitor Comparison / Kling,普通子页面：用于稳定、长期、功能型或明确独立意图；围绕主题完整回答并链接核心页。,BUILD_P2
/compare/seedance-vs-kling,SUBPAGE,P2,NEW,COMPARISON,/seedance-2-0;/seedance-2-5,Seedance vs Kling: AI Video Model Comparison,Seedance vs Kling,9,SECONDARY,seedance 2.5 vs kling 3.0 vs veo 3.1,seedance 2.5 vs kling 3.0 vs veo 3.1,CANONICAL,910,0,--,KEEP_P2,HAS_VOLUME,Competitor Comparison / Kling,普通子页面：用于稳定、长期、功能型或明确独立意图；围绕主题完整回答并链接核心页。,BUILD_P2
/compare/seedance-vs-kling,SUBPAGE,P2,NEW,COMPARISON,/seedance-2-0;/seedance-2-5,Seedance vs Kling: AI Video Model Comparison,Seedance vs Kling,10,SECONDARY,kling 3.0 pro vs seedance 2.5 price comparison,kling 3.0 pro vs seedance 2.5 price comparison,CANONICAL,790,0,--,KEEP_P0,HAS_VOLUME,Pricing / Free / Unlimited,普通子页面：用于稳定、长期、功能型或明确独立意图；围绕主题完整回答并链接核心页。,BUILD_P2
/compare/seedance-vs-kling,SUBPAGE,P2,NEW,COMPARISON,/seedance-2-0;/seedance-2-5,Seedance vs Kling: AI Video Model Comparison,Seedance vs Kling,11,SECONDARY,kling o3 vs seedance,kling o3 vs seedance,CANONICAL,650,63,--,KEEP_P2,HAS_VOLUME,Competitor Comparison / Kling,普通子页面：用于稳定、长期、功能型或明确独立意图；围绕主题完整回答并链接核心页。,BUILD_P2
/compare/seedance-vs-kling,SUBPAGE,P2,NEW,COMPARISON,/seedance-2-0;/seedance-2-5,Seedance vs Kling: AI Video Model Comparison,Seedance vs Kling,12,SECONDARY,seedance 2.0 vs kling,seedance 2.0 vs kling,CANONICAL,480,154,--,KEEP_P2,HAS_VOLUME,Competitor Comparison / Kling,普通子页面：用于稳定、长期、功能型或明确独立意图；围绕主题完整回答并链接核心页。,BUILD_P2
/compare/seedance-vs-kling,SUBPAGE,P2,NEW,COMPARISON,/seedance-2-0;/seedance-2-5,Seedance vs Kling: AI Video Model Comparison,Seedance vs Kling,13,SECONDARY,seedance or kling which is better for ad making,seedance or kling which is better for ad making,CANONICAL,480,0,--,KEEP_P2,HAS_VOLUME,Competitor Comparison / Kling,普通子页面：用于稳定、长期、功能型或明确独立意图；围绕主题完整回答并链接核心页。,BUILD_P2
/compare/seedance-vs-kling,SUBPAGE,P2,NEW,COMPARISON,/seedance-2-0;/seedance-2-5,Seedance vs Kling: AI Video Model Comparison,Seedance vs Kling,14,SECONDARY,seedance 2.5 vs kling 3.0,seedance 2.5 vs kling 3.0,CANONICAL,470,44,--,KEEP_P2,HAS_VOLUME,Competitor Comparison / Kling,普通子页面：用于稳定、长期、功能型或明确独立意图；围绕主题完整回答并链接核心页。,BUILD_P2
/compare/seedance-vs-kling,SUBPAGE,P2,NEW,COMPARISON,/seedance-2-0;/seedance-2-5,Seedance vs Kling: AI Video Model Comparison,Seedance vs Kling,15,SECONDARY,kling 3.0 vs seedance 2.5,kling 3.0 vs seedance 2.5,CANONICAL,450,0,--,KEEP_P2,HAS_VOLUME,Competitor Comparison / Kling,普通子页面：用于稳定、长期、功能型或明确独立意图；围绕主题完整回答并链接核心页。,BUILD_P2
/compare/seedance-vs-kling,SUBPAGE,P2,NEW,COMPARISON,/seedance-2-0;/seedance-2-5,Seedance vs Kling: AI Video Model Comparison,Seedance vs Kling,16,SECONDARY,kling vs seedance broll,kling vs seedance broll,CANONICAL,440,10,--,KEEP_P2,HAS_VOLUME,Competitor Comparison / Kling,普通子页面：用于稳定、长期、功能型或明确独立意图；围绕主题完整回答并链接核心页。,BUILD_P2
/compare/seedance-vs-kling,SUBPAGE,P2,NEW,COMPARISON,/seedance-2-0;/seedance-2-5,Seedance vs Kling: AI Video Model Comparison,Seedance vs Kling,17,SECONDARY,kling 3 vs seedance 2,kling 3 vs seedance 2,CANONICAL,410,403,1,KEEP_P2,HAS_VOLUME,Competitor Comparison / Kling,普通子页面：用于稳定、长期、功能型或明确独立意图；围绕主题完整回答并链接核心页。,BUILD_P2
/compare/seedance-vs-kling,SUBPAGE,P2,NEW,COMPARISON,/seedance-2-0;/seedance-2-5,Seedance vs Kling: AI Video Model Comparison,Seedance vs Kling,18,SECONDARY,kling 3 vs seedance 2 for ai ugc,kling 3 vs seedance 2 for ai ugc,CANONICAL,410,16,--,KEEP_P2,HAS_VOLUME,Competitor Comparison / Kling,普通子页面：用于稳定、长期、功能型或明确独立意图；围绕主题完整回答并链接核心页。,BUILD_P2
/compare/seedance-vs-kling,SUBPAGE,P2,NEW,COMPARISON,/seedance-2-0;/seedance-2-5,Seedance vs Kling: AI Video Model Comparison,Seedance vs Kling,19,SECONDARY,seedance 2.5 vs kling 3,seedance 2.5 vs kling 3,CANONICAL,380,0,--,KEEP_P2,HAS_VOLUME,Competitor Comparison / Kling,普通子页面：用于稳定、长期、功能型或明确独立意图；围绕主题完整回答并链接核心页。,BUILD_P2
/compare/seedance-vs-kling,SUBPAGE,P2,NEW,COMPARISON,/seedance-2-0;/seedance-2-5,Seedance vs Kling: AI Video Model Comparison,Seedance vs Kling,20,SECONDARY,kling is better than seedance,kling is better than seedance,CANONICAL,280,11,--,KEEP_P2,HAS_VOLUME,Competitor Comparison / Kling,普通子页面：用于稳定、长期、功能型或明确独立意图；围绕主题完整回答并链接核心页。,BUILD_P2
/compare/seedance-vs-kling,SUBPAGE,P2,NEW,COMPARISON,/seedance-2-0;/seedance-2-5,Seedance vs Kling: AI Video Model Comparison,Seedance vs Kling,21,SECONDARY,kling vs seedance video generator,kling vs seedance video generator,CANONICAL,270,138,--,KEEP_P2,HAS_VOLUME,Competitor Comparison / Kling,普通子页面：用于稳定、长期、功能型或明确独立意图；围绕主题完整回答并链接核心页。,BUILD_P2
/compare/seedance-vs-kling,SUBPAGE,P2,NEW,COMPARISON,/seedance-2-0;/seedance-2-5,Seedance vs Kling: AI Video Model Comparison,Seedance vs Kling,22,SECONDARY,kling ai avatar v2 vs seedance 2.0,kling ai avatar v2 vs seedance 2.0,CANONICAL,240,0,--,KEEP_P2,HAS_VOLUME,Competitor Comparison / Kling,普通子页面：用于稳定、长期、功能型或明确独立意图；围绕主题完整回答并链接核心页。,BUILD_P2
/compare/seedance-vs-kling,SUBPAGE,P2,NEW,COMPARISON,/seedance-2-0;/seedance-2-5,Seedance vs Kling: AI Video Model Comparison,Seedance vs Kling,23,SECONDARY,so sánh chất lượng kling 3.0 vs seedance 2.0,so sánh chất lượng kling 3.0 vs seedance 2.0,CANONICAL,210,8,--,KEEP_P2,HAS_VOLUME,Competitor Comparison / Kling,普通子页面：用于稳定、长期、功能型或明确独立意图；围绕主题完整回答并链接核心页。,BUILD_P2
/compare/seedance-vs-kling,SUBPAGE,P2,NEW,COMPARISON,/seedance-2-0;/seedance-2-5,Seedance vs Kling: AI Video Model Comparison,Seedance vs Kling,24,SECONDARY,dreamina seedance vs kling ai,dreamina seedance vs kling ai,CANONICAL,140,0,--,KEEP_P2,HAS_VOLUME,Competitor Comparison / Kling,普通子页面：用于稳定、长期、功能型或明确独立意图；围绕主题完整回答并链接核心页。,BUILD_P2
/compare/seedance-vs-kling,SUBPAGE,P2,NEW,COMPARISON,/seedance-2-0;/seedance-2-5,Seedance vs Kling: AI Video Model Comparison,Seedance vs Kling,25,SECONDARY,kling o3 vs seedance 2.5,kling o3 vs seedance 2.5,CANONICAL,120,0,--,KEEP_P2,HAS_VOLUME,Competitor Comparison / Kling,普通子页面：用于稳定、长期、功能型或明确独立意图；围绕主题完整回答并链接核心页。,BUILD_P2
/compare/seedance-vs-kling,SUBPAGE,P2,NEW,COMPARISON,/seedance-2-0;/seedance-2-5,Seedance vs Kling: AI Video Model Comparison,Seedance vs Kling,26,SECONDARY,is seedance better than kling,is seedance better than kling,CANONICAL,90,77,1,KEEP_P2,HAS_VOLUME,Competitor Comparison / Kling,普通子页面：用于稳定、长期、功能型或明确独立意图；围绕主题完整回答并链接核心页。,BUILD_P2
/compare/seedance-vs-kling,SUBPAGE,P2,NEW,COMPARISON,/seedance-2-0;/seedance-2-5,Seedance vs Kling: AI Video Model Comparison,Seedance vs Kling,27,SECONDARY,seedance vs kling:,seedance vs kling:,CANONICAL,60,7,--,KEEP_P2,HAS_VOLUME,Competitor Comparison / Kling,普通子页面：用于稳定、长期、功能型或明确独立意图；围绕主题完整回答并链接核心页。,BUILD_P2
/compare/seedance-vs-kling,SUBPAGE,P2,NEW,COMPARISON,/seedance-2-0;/seedance-2-5,Seedance vs Kling: AI Video Model Comparison,Seedance vs Kling,28,SECONDARY,seedance 2.0 vs kling 3.0 vs happyhorse 1.0,seedance 2.0 vs kling 3.0 vs happyhorse 1.0,CANONICAL,40,22,--,KEEP_P2,HAS_VOLUME,Competitor Comparison / Kling,普通子页面：用于稳定、长期、功能型或明确独立意图；围绕主题完整回答并链接核心页。,BUILD_P2
/compare/seedance-vs-kling,SUBPAGE,P2,NEW,COMPARISON,/seedance-2-0;/seedance-2-5,Seedance vs Kling: AI Video Model Comparison,Seedance vs Kling,29,SECONDARY,seedance vs kling abstract,seedance vs kling abstract,CANONICAL,40,18,--,KEEP_P2,HAS_VOLUME,Competitor Comparison / Kling,普通子页面：用于稳定、长期、功能型或明确独立意图；围绕主题完整回答并链接核心页。,BUILD_P2
/compare/seedance-vs-kling,SUBPAGE,P2,NEW,COMPARISON,/seedance-2-0;/seedance-2-5,Seedance vs Kling: AI Video Model Comparison,Seedance vs Kling,30,SECONDARY,kling vs seedance for motion graphics,kling vs seedance for motion graphics,CANONICAL,30,29,--,KEEP_P2,HAS_VOLUME,Competitor Comparison / Kling,普通子页面：用于稳定、长期、功能型或明确独立意图；围绕主题完整回答并链接核心页。,BUILD_P2
/compare/seedance-vs-kling,SUBPAGE,P2,NEW,COMPARISON,/seedance-2-0;/seedance-2-5,Seedance vs Kling: AI Video Model Comparison,Seedance vs Kling,31,SECONDARY,kling vs seedance vs wan for anime video,kling vs seedance vs wan for anime video,CANONICAL,20,32,--,KEEP_P2,HAS_VOLUME,Competitor Comparison / Kling,普通子页面：用于稳定、长期、功能型或明确独立意图；围绕主题完整回答并链接核心页。,BUILD_P2
/compare/seedance-vs-kling,SUBPAGE,P2,NEW,COMPARISON,/seedance-2-0;/seedance-2-5,Seedance vs Kling: AI Video Model Comparison,Seedance vs Kling,32,SECONDARY,seedance 2.5 vs kling 3.0 omni,seedance 2.5 vs kling 3.0 omni,CANONICAL,10,34,--,KEEP_P2,HAS_VOLUME,Competitor Comparison / Kling,普通子页面：用于稳定、长期、功能型或明确独立意图；围绕主题完整回答并链接核心页。,BUILD_P2
/compare/seedance-vs-kling,SUBPAGE,P2,NEW,COMPARISON,/seedance-2-0;/seedance-2-5,Seedance vs Kling: AI Video Model Comparison,Seedance vs Kling,33,ZERO_VOLUME_SUPPORT,kling vs seedance 2.0,kling vs seedance 2.0,CANONICAL,0,277,1,KEEP_P2,ZERO_VOLUME_RELEVANT,Competitor Comparison / Kling,普通子页面：用于稳定、长期、功能型或明确独立意图；围绕主题完整回答并链接核心页。,BUILD_P2
/compare/seedance-vs-kling,SUBPAGE,P2,NEW,COMPARISON,/seedance-2-0;/seedance-2-5,Seedance vs Kling: AI Video Model Comparison,Seedance vs Kling,34,ZERO_VOLUME_SUPPORT,kling 3.0 omni vs seedance 2.0,kling 3.0 omni vs seedance 2.0,CANONICAL,0,85,--,KEEP_P2,ZERO_VOLUME_RELEVANT,Competitor Comparison / Kling,普通子页面：用于稳定、长期、功能型或明确独立意图；围绕主题完整回答并链接核心页。,BUILD_P2
/compare/seedance-vs-kling,SUBPAGE,P2,NEW,COMPARISON,/seedance-2-0;/seedance-2-5,Seedance vs Kling: AI Video Model Comparison,Seedance vs Kling,35,ZERO_VOLUME_SUPPORT,seedance 2.0 vs kling 3.0 co lepsze przy animacji komputerowej,seedance 2.0 vs kling 3.0 co lepsze przy animacji komputerowej,CANONICAL,0,73,--,KEEP_P2,ZERO_VOLUME_RELEVANT,Competitor Comparison / Kling,普通子页面：用于稳定、长期、功能型或明确独立意图；围绕主题完整回答并链接核心页。,BUILD_P2
/compare/seedance-vs-kling,SUBPAGE,P2,NEW,COMPARISON,/seedance-2-0;/seedance-2-5,Seedance vs Kling: AI Video Model Comparison,Seedance vs Kling,36,ZERO_VOLUME_SUPPORT,kling 3.0 vs seedance 2,kling 3.0 vs seedance 2,CANONICAL,0,58,--,KEEP_P2,ZERO_VOLUME_RELEVANT,Competitor Comparison / Kling,普通子页面：用于稳定、长期、功能型或明确独立意图；围绕主题完整回答并链接核心页。,BUILD_P2
/compare/seedance-vs-kling,SUBPAGE,P2,NEW,COMPARISON,/seedance-2-0;/seedance-2-5,Seedance vs Kling: AI Video Model Comparison,Seedance vs Kling,37,ZERO_VOLUME_SUPPORT,seedance 2 fast vs kling,seedance 2 fast vs kling,CANONICAL,0,52,--,KEEP_P2,ZERO_VOLUME_RELEVANT,Competitor Comparison / Kling,普通子页面：用于稳定、长期、功能型或明确独立意图；围绕主题完整回答并链接核心页。,BUILD_P2
/compare/seedance-vs-kling,SUBPAGE,P2,NEW,COMPARISON,/seedance-2-0;/seedance-2-5,Seedance vs Kling: AI Video Model Comparison,Seedance vs Kling,38,ZERO_VOLUME_SUPPORT,seedance pro vs kling 2.1,seedance pro vs kling 2.1,CANONICAL,0,39,--,KEEP_P2,ZERO_VOLUME_RELEVANT,Competitor Comparison / Kling,普通子页面：用于稳定、长期、功能型或明确独立意图；围绕主题完整回答并链接核心页。,BUILD_P2
/compare/seedance-vs-kling,SUBPAGE,P2,NEW,COMPARISON,/seedance-2-0;/seedance-2-5,Seedance vs Kling: AI Video Model Comparison,Seedance vs Kling,39,ZERO_VOLUME_SUPPORT,what is ltx ai and how does it compare to kling and seedance,what is ltx ai and how does it compare to kling and seedance,CANONICAL,0,39,--,KEEP_P2,ZERO_VOLUME_RELEVANT,Competitor Comparison / Kling,普通子页面：用于稳定、长期、功能型或明确独立意图；围绕主题完整回答并链接核心页。,BUILD_P2
/compare/seedance-vs-kling,SUBPAGE,P2,NEW,COMPARISON,/seedance-2-0;/seedance-2-5,Seedance vs Kling: AI Video Model Comparison,Seedance vs Kling,40,ZERO_VOLUME_SUPPORT,kling 3.0 vs seedance 2.0?,kling 3.0 vs seedance 2.0?,CANONICAL,0,36,--,KEEP_P2,ZERO_VOLUME_RELEVANT,Competitor Comparison / Kling,普通子页面：用于稳定、长期、功能型或明确独立意图；围绕主题完整回答并链接核心页。,BUILD_P2
/compare/seedance-vs-kling,SUBPAGE,P2,NEW,COMPARISON,/seedance-2-0;/seedance-2-5,Seedance vs Kling: AI Video Model Comparison,Seedance vs Kling,41,ZERO_VOLUME_SUPPORT,kling vs seedance ugc,kling vs seedance ugc,CANONICAL,0,35,--,KEEP_P2,ZERO_VOLUME_RELEVANT,Competitor Comparison / Kling,普通子页面：用于稳定、长期、功能型或明确独立意图；围绕主题完整回答并链接核心页。,BUILD_P2
/compare/seedance-vs-kling,SUBPAGE,P2,NEW,COMPARISON,/seedance-2-0;/seedance-2-5,Seedance vs Kling: AI Video Model Comparison,Seedance vs Kling,42,ZERO_VOLUME_SUPPORT,kling vs seedance price comparison,kling vs seedance price comparison,CANONICAL,0,34,--,KEEP_P2,ZERO_VOLUME_RELEVANT,Generic Pricing / Free / Unlimited,普通子页面：用于稳定、长期、功能型或明确独立意图；围绕主题完整回答并链接核心页。,BUILD_P2
/compare/seedance-vs-kling,SUBPAGE,P2,NEW,COMPARISON,/seedance-2-0;/seedance-2-5,Seedance vs Kling: AI Video Model Comparison,Seedance vs Kling,43,ZERO_VOLUME_SUPPORT,kling: video v3.0 pro vs seedance 2.0,kling: video v3.0 pro vs seedance 2.0,CANONICAL,0,33,--,KEEP_P2,ZERO_VOLUME_RELEVANT,Competitor Comparison / Kling,普通子页面：用于稳定、长期、功能型或明确独立意图；围绕主题完整回答并链接核心页。,BUILD_P2
/compare/seedance-vs-kling,SUBPAGE,P2,NEW,COMPARISON,/seedance-2-0;/seedance-2-5,Seedance vs Kling: AI Video Model Comparison,Seedance vs Kling,44,ZERO_VOLUME_SUPPORT,veo 3.1 vs kling 3.0 vs seedance 2.0,veo 3.1 vs kling 3.0 vs seedance 2.0,CANONICAL,0,28,--,KEEP_P2,ZERO_VOLUME_RELEVANT,Competitor Comparison / Kling,普通子页面：用于稳定、长期、功能型或明确独立意图；围绕主题完整回答并链接核心页。,BUILD_P2
/compare/seedance-vs-kling,SUBPAGE,P2,NEW,COMPARISON,/seedance-2-0;/seedance-2-5,Seedance vs Kling: AI Video Model Comparison,Seedance vs Kling,45,ZERO_VOLUME_SUPPORT,kling video model vs seedance,kling video model vs seedance,CANONICAL,0,25,--,KEEP_P2,ZERO_VOLUME_RELEVANT,Competitor Comparison / Kling,普通子页面：用于稳定、长期、功能型或明确独立意图；围绕主题完整回答并链接核心页。,BUILD_P2
/compare/seedance-vs-kling,SUBPAGE,P2,NEW,COMPARISON,/seedance-2-0;/seedance-2-5,Seedance vs Kling: AI Video Model Comparison,Seedance vs Kling,46,ZERO_VOLUME_SUPPORT,veo vs seedance vs kling,veo vs seedance vs kling,CANONICAL,0,23,--,KEEP_P2,ZERO_VOLUME_RELEVANT,Competitor Comparison / Kling,普通子页面：用于稳定、长期、功能型或明确独立意图；围绕主题完整回答并链接核心页。,BUILD_P2
/compare/seedance-vs-kling,SUBPAGE,P2,NEW,COMPARISON,/seedance-2-0;/seedance-2-5,Seedance vs Kling: AI Video Model Comparison,Seedance vs Kling,47,ZERO_VOLUME_SUPPORT,seedance fast vs kling,seedance fast vs kling,CANONICAL,0,15,--,KEEP_P2,ZERO_VOLUME_RELEVANT,Competitor Comparison / Kling,普通子页面：用于稳定、长期、功能型或明确独立意图；围绕主题完整回答并链接核心页。,BUILD_P2
/compare/seedance-vs-kling,SUBPAGE,P2,NEW,COMPARISON,/seedance-2-0;/seedance-2-5,Seedance vs Kling: AI Video Model Comparison,Seedance vs Kling,48,ZERO_VOLUME_SUPPORT,kling 3 vs seedance 2 in 1 tool,kling 3 vs seedance 2 in 1 tool,CANONICAL,0,12,--,KEEP_P2,ZERO_VOLUME_RELEVANT,Competitor Comparison / Kling,普通子页面：用于稳定、长期、功能型或明确独立意图；围绕主题完整回答并链接核心页。,BUILD_P2
/compare/seedance-vs-kling,SUBPAGE,P2,NEW,COMPARISON,/seedance-2-0;/seedance-2-5,Seedance vs Kling: AI Video Model Comparison,Seedance vs Kling,49,ZERO_VOLUME_SUPPORT,kling 3.0 vs seedance 2.0: which ai video model is better? - artlist blog,kling 3.0 vs seedance 2.0: which ai video model is better? - artlist blog,CANONICAL,0,5,--,KEEP_P2,ZERO_VOLUME_RELEVANT,Competitor Comparison / Kling,普通子页面：用于稳定、长期、功能型或明确独立意图；围绕主题完整回答并链接核心页。,BUILD_P2
/compare/seedance-vs-kling,SUBPAGE,P2,NEW,COMPARISON,/seedance-2-0;/seedance-2-5,Seedance vs Kling: AI Video Model Comparison,Seedance vs Kling,50,ZERO_VOLUME_SUPPORT,seedance 2.5 comparison veo 3 kling,seedance 2.5 comparison veo 3 kling,CANONICAL,0,5,--,KEEP_P2,ZERO_VOLUME_RELEVANT,Competitor Comparison / Kling,普通子页面：用于稳定、长期、功能型或明确独立意图；围绕主题完整回答并链接核心页。,BUILD_P2
/compare/seedance-vs-minimax-h3,SUBPAGE,P2,NEW,COMPARISON,/seedance-2-0;/seedance-2-5,Seedance vs MiniMax H3: AI Video Model Comparison,Seedance vs MiniMax H3,1,PRIMARY,minimax h3 vs seedance,minimax h3 vs seedance,CANONICAL,4540,0,--,KEEP_P2,HAS_VOLUME,Competitor Comparison / MiniMax H3,普通子页面：用于稳定、长期、功能型或明确独立意图；围绕主题完整回答并链接核心页。,BUILD_P2
/compare/seedance-vs-minimax-h3,SUBPAGE,P2,NEW,COMPARISON,/seedance-2-0;/seedance-2-5,Seedance vs MiniMax H3: AI Video Model Comparison,Seedance vs MiniMax H3,2,PRIMARY,minimax h3 vs seedance 2.0,minimax h3 vs seedance 2.0,CANONICAL,2670,0,--,KEEP_P2,HAS_VOLUME,Competitor Comparison / MiniMax H3,普通子页面：用于稳定、长期、功能型或明确独立意图；围绕主题完整回答并链接核心页。,BUILD_P2
/compare/seedance-vs-minimax-h3,SUBPAGE,P2,NEW,COMPARISON,/seedance-2-0;/seedance-2-5,Seedance vs MiniMax H3: AI Video Model Comparison,Seedance vs MiniMax H3,3,PRIMARY,minimax h3 vs seedance 2.5,minimax h3 vs seedance 2.5,CANONICAL,2090,0,--,KEEP_P2,HAS_VOLUME,Competitor Comparison / MiniMax H3,普通子页面：用于稳定、长期、功能型或明确独立意图；围绕主题完整回答并链接核心页。,BUILD_P2
/compare/seedance-vs-minimax-h3,SUBPAGE,P2,NEW,COMPARISON,/seedance-2-0;/seedance-2-5,Seedance vs MiniMax H3: AI Video Model Comparison,Seedance vs MiniMax H3,4,PRIMARY,seedance vs minimax h3,seedance vs minimax h3,CANONICAL,1160,13,--,KEEP_P2,HAS_VOLUME,Competitor Comparison / MiniMax H3,普通子页面：用于稳定、长期、功能型或明确独立意图；围绕主题完整回答并链接核心页。,BUILD_P2
/compare/seedance-vs-minimax-h3,SUBPAGE,P2,NEW,COMPARISON,/seedance-2-0;/seedance-2-5,Seedance vs MiniMax H3: AI Video Model Comparison,Seedance vs MiniMax H3,5,PRIMARY,minimax h3 vs seedance 2.5 cual es mejor,minimax h3 vs seedance 2.5 cual es mejor,CANONICAL,1010,0,--,KEEP_P2,HAS_VOLUME,Competitor Comparison / MiniMax H3,普通子页面：用于稳定、长期、功能型或明确独立意图；围绕主题完整回答并链接核心页。,BUILD_P2
/compare/seedance-vs-minimax-h3,SUBPAGE,P2,NEW,COMPARISON,/seedance-2-0;/seedance-2-5,Seedance vs MiniMax H3: AI Video Model Comparison,Seedance vs MiniMax H3,6,PRIMARY,seedance 2.0 vs minimax h3,seedance 2.0 vs minimax h3,CANONICAL,860,0,--,KEEP_P2,HAS_VOLUME,Competitor Comparison / MiniMax H3,普通子页面：用于稳定、长期、功能型或明确独立意图；围绕主题完整回答并链接核心页。,BUILD_P2
/compare/seedance-vs-minimax-h3,SUBPAGE,P2,NEW,COMPARISON,/seedance-2-0;/seedance-2-5,Seedance vs MiniMax H3: AI Video Model Comparison,Seedance vs MiniMax H3,7,PRIMARY,how much does a 15 second seedance video cost vs minimax h3 on fal,how much does a 15 second seedance video cost vs minimax h3 on fal,CANONICAL,770,0,--,KEEP_P1,HAS_VOLUME,Generic Pricing / Free / Unlimited,普通子页面：用于稳定、长期、功能型或明确独立意图；围绕主题完整回答并链接核心页。,BUILD_P2
/compare/seedance-vs-minimax-h3,SUBPAGE,P2,NEW,COMPARISON,/seedance-2-0;/seedance-2-5,Seedance vs MiniMax H3: AI Video Model Comparison,Seedance vs MiniMax H3,8,PRIMARY,hailuo 03 (aka minimax h3) price vs seedance 2,hailuo 03 (aka minimax h3) price vs seedance 2,CANONICAL,690,17,--,KEEP_P1,HAS_VOLUME,Generic Pricing / Free / Unlimited,普通子页面：用于稳定、长期、功能型或明确独立意图；围绕主题完整回答并链接核心页。,BUILD_P2
/compare/seedance-vs-minimax-h3,SUBPAGE,P2,NEW,COMPARISON,/seedance-2-0;/seedance-2-5,Seedance vs MiniMax H3: AI Video Model Comparison,Seedance vs MiniMax H3,9,SECONDARY,seedance 2.5 vs minimax,seedance 2.5 vs minimax,CANONICAL,420,0,--,KEEP_P2,HAS_VOLUME,Competitor Comparison / MiniMax H3,普通子页面：用于稳定、长期、功能型或明确独立意图；围绕主题完整回答并链接核心页。,BUILD_P2
/compare/seedance-vs-minimax-h3,SUBPAGE,P2,NEW,COMPARISON,/seedance-2-0;/seedance-2-5,Seedance vs MiniMax H3: AI Video Model Comparison,Seedance vs MiniMax H3,10,SECONDARY,seedance 2 vs minimax h3,seedance 2 vs minimax h3,CANONICAL,310,0,--,KEEP_P2,HAS_VOLUME,Competitor Comparison / MiniMax H3,普通子页面：用于稳定、长期、功能型或明确独立意图；围绕主题完整回答并链接核心页。,BUILD_P2
/compare/seedance-vs-minimax-h3,SUBPAGE,P2,NEW,COMPARISON,/seedance-2-0;/seedance-2-5,Seedance vs MiniMax H3: AI Video Model Comparison,Seedance vs MiniMax H3,11,SECONDARY,flux 3 vs seedance 2 vs minimax 3,flux 3 vs seedance 2 vs minimax 3,CANONICAL,290,0,--,KEEP_P2,HAS_VOLUME,Competitor Comparison / MiniMax H3,普通子页面：用于稳定、长期、功能型或明确独立意图；围绕主题完整回答并链接核心页。,BUILD_P2
/compare/seedance-vs-minimax-h3,SUBPAGE,P2,NEW,COMPARISON,/seedance-2-0;/seedance-2-5,Seedance vs MiniMax H3: AI Video Model Comparison,Seedance vs MiniMax H3,12,SECONDARY,mini max h3 vs seedance cost,mini max h3 vs seedance cost,CANONICAL,250,0,--,KEEP_P1,HAS_VOLUME,Generic Pricing / Free / Unlimited,普通子页面：用于稳定、长期、功能型或明确独立意图；围绕主题完整回答并链接核心页。,BUILD_P2
/compare/seedance-vs-minimax-h3,SUBPAGE,P2,NEW,COMPARISON,/seedance-2-0;/seedance-2-5,Seedance vs MiniMax H3: AI Video Model Comparison,Seedance vs MiniMax H3,13,SECONDARY,minimax h3 vs seedance 2.0 pricing,minimax h3 vs seedance 2.0 pricing,CANONICAL,240,0,--,KEEP_P1,HAS_VOLUME,2.0 Commercial / Generator,普通子页面：用于稳定、长期、功能型或明确独立意图；围绕主题完整回答并链接核心页。,BUILD_P2
/compare/seedance-vs-minimax-h3,SUBPAGE,P2,NEW,COMPARISON,/seedance-2-0;/seedance-2-5,Seedance vs MiniMax H3: AI Video Model Comparison,Seedance vs MiniMax H3,14,SECONDARY,minimax h3 vs seedance 2.5 vs flux 3,minimax h3 vs seedance 2.5 vs flux 3,CANONICAL,240,0,--,KEEP_P2,HAS_VOLUME,Competitor Comparison / MiniMax H3,普通子页面：用于稳定、长期、功能型或明确独立意图；围绕主题完整回答并链接核心页。,BUILD_P2
/compare/seedance-vs-minimax-h3,SUBPAGE,P2,NEW,COMPARISON,/seedance-2-0;/seedance-2-5,Seedance vs MiniMax H3: AI Video Model Comparison,Seedance vs MiniMax H3,15,SECONDARY,minimaxh3 vs seedance2.5,minimaxh3 vs seedance2.5,CANONICAL,220,0,--,KEEP_P2,HAS_VOLUME,Competitor Comparison / MiniMax H3,普通子页面：用于稳定、长期、功能型或明确独立意图；围绕主题完整回答并链接核心页。,BUILD_P2
/compare/seedance-vs-minimax-h3,SUBPAGE,P2,NEW,COMPARISON,/seedance-2-0;/seedance-2-5,Seedance vs MiniMax H3: AI Video Model Comparison,Seedance vs MiniMax H3,16,SECONDARY,minimax h3 vs seedance2,minimax h3 vs seedance2,CANONICAL,200,0,--,KEEP_P2,HAS_VOLUME,Competitor Comparison / MiniMax H3,普通子页面：用于稳定、长期、功能型或明确独立意图；围绕主题完整回答并链接核心页。,BUILD_P2
/compare/seedance-vs-minimax-h3,SUBPAGE,P2,NEW,COMPARISON,/seedance-2-0;/seedance-2-5,Seedance vs MiniMax H3: AI Video Model Comparison,Seedance vs MiniMax H3,17,SECONDARY,minimax h3 和 seedance 2.0 对比,minimax h3 和 seedance 2.0 对比,CANONICAL,160,0,--,KEEP_P1,HAS_VOLUME,2.0 Core / Generator,普通子页面：用于稳定、长期、功能型或明确独立意图；围绕主题完整回答并链接核心页。,BUILD_P2
/compare/seedance-vs-minimax-h3,SUBPAGE,P2,NEW,COMPARISON,/seedance-2-0;/seedance-2-5,Seedance vs MiniMax H3: AI Video Model Comparison,Seedance vs MiniMax H3,18,SECONDARY,"minimax vs seedance 2,5","minimax vs seedance 2,5",CANONICAL,160,0,--,KEEP_P2,HAS_VOLUME,Competitor Comparison / MiniMax H3,普通子页面：用于稳定、长期、功能型或明确独立意图；围绕主题完整回答并链接核心页。,BUILD_P2
/compare/seedance-vs-minimax-h3,SUBPAGE,P2,NEW,COMPARISON,/seedance-2-0;/seedance-2-5,Seedance vs MiniMax H3: AI Video Model Comparison,Seedance vs MiniMax H3,19,SECONDARY,minmax h3 vs seedance2.5,minmax h3 vs seedance2.5,CANONICAL,150,0,--,KEEP_P2,HAS_VOLUME,Competitor Comparison / MiniMax H3,普通子页面：用于稳定、长期、功能型或明确独立意图；围绕主题完整回答并链接核心页。,BUILD_P2
/compare/seedance-vs-minimax-h3,SUBPAGE,P2,NEW,COMPARISON,/seedance-2-0;/seedance-2-5,Seedance vs MiniMax H3: AI Video Model Comparison,Seedance vs MiniMax H3,20,SECONDARY,seedance vs h3,seedance vs h3,CANONICAL,140,0,--,KEEP_P2,HAS_VOLUME,Competitor Comparison / MiniMax H3,普通子页面：用于稳定、长期、功能型或明确独立意图；围绕主题完整回答并链接核心页。,BUILD_P2
/compare/seedance-vs-minimax-h3,SUBPAGE,P2,NEW,COMPARISON,/seedance-2-0;/seedance-2-5,Seedance vs MiniMax H3: AI Video Model Comparison,Seedance vs MiniMax H3,21,SECONDARY,实测minimax h3 vs seedance2.5 ：旗鼓相当，性格迥异,实测minimax h3 vs seedance2.5 ：旗鼓相当，性格迥异,CANONICAL,120,0,--,KEEP_P2,HAS_VOLUME,Competitor Comparison / MiniMax H3,普通子页面：用于稳定、长期、功能型或明确独立意图；围绕主题完整回答并链接核心页。,BUILD_P2
/compare/seedance-vs-minimax-h3,SUBPAGE,P2,NEW,COMPARISON,/seedance-2-0;/seedance-2-5,Seedance vs MiniMax H3: AI Video Model Comparison,Seedance vs MiniMax H3,22,SECONDARY,seedance 2.5 cost vs minimax h3,seedance 2.5 cost vs minimax h3,CANONICAL,40,0,--,KEEP_P0,HAS_VOLUME,Pricing / Free / Unlimited,普通子页面：用于稳定、长期、功能型或明确独立意图；围绕主题完整回答并链接核心页。,BUILD_P2
/compare/seedance-vs-veo,SUBPAGE,P2,NEW,COMPARISON,/seedance-2-0;/seedance-2-5,Seedance vs Veo: AI Video Model Comparison,Seedance vs Veo,1,PRIMARY,veo 3.1 vs seedance 2.0,veo 3.1 vs seedance 2.0,CANONICAL,3100,334,2,KEEP_P2,HAS_VOLUME,Competitor Comparison / Veo,普通子页面：用于稳定、长期、功能型或明确独立意图；围绕主题完整回答并链接核心页。,BUILD_P2
/compare/seedance-vs-veo,SUBPAGE,P2,NEW,COMPARISON,/seedance-2-0;/seedance-2-5,Seedance vs Veo: AI Video Model Comparison,Seedance vs Veo,2,PRIMARY,seedance 2.0 vs veo 3.1,seedance 2.0 vs veo 3.1,CANONICAL,1640,547,1,KEEP_P2,HAS_VOLUME,Competitor Comparison / Veo,普通子页面：用于稳定、长期、功能型或明确独立意图；围绕主题完整回答并链接核心页。,BUILD_P2
/compare/seedance-vs-veo,SUBPAGE,P2,NEW,COMPARISON,/seedance-2-0;/seedance-2-5,Seedance vs Veo: AI Video Model Comparison,Seedance vs Veo,3,PRIMARY,seedance 2.0 vs veo 3.1 diferencias,seedance 2.0 vs veo 3.1 diferencias,CANONICAL,1600,0,--,KEEP_P2,HAS_VOLUME,Competitor Comparison / Veo,普通子页面：用于稳定、长期、功能型或明确独立意图；围绕主题完整回答并链接核心页。,BUILD_P2
/compare/seedance-vs-veo,SUBPAGE,P2,NEW,COMPARISON,/seedance-2-0;/seedance-2-5,Seedance vs Veo: AI Video Model Comparison,Seedance vs Veo,4,PRIMARY,seedance vs veo 3,seedance vs veo 3,CANONICAL,970,696,4,KEEP_P2,HAS_VOLUME,Competitor Comparison / Veo,普通子页面：用于稳定、长期、功能型或明确独立意图；围绕主题完整回答并链接核心页。,BUILD_P2
/compare/seedance-vs-veo,SUBPAGE,P2,NEW,COMPARISON,/seedance-2-0;/seedance-2-5,Seedance vs Veo: AI Video Model Comparison,Seedance vs Veo,5,PRIMARY,veo 4 vs seedance 2.5,veo 4 vs seedance 2.5,CANONICAL,970,40,--,KEEP_P2,HAS_VOLUME,Competitor Comparison / Veo,普通子页面：用于稳定、长期、功能型或明确独立意图；围绕主题完整回答并链接核心页。,BUILD_P2
/compare/seedance-vs-veo,SUBPAGE,P2,NEW,COMPARISON,/seedance-2-0;/seedance-2-5,Seedance vs Veo: AI Video Model Comparison,Seedance vs Veo,6,PRIMARY,seedance 2.5 vs veo 3.1,seedance 2.5 vs veo 3.1,CANONICAL,640,0,--,KEEP_P2,HAS_VOLUME,Competitor Comparison / Veo,普通子页面：用于稳定、长期、功能型或明确独立意图；围绕主题完整回答并链接核心页。,BUILD_P2
/compare/seedance-vs-veo,SUBPAGE,P2,NEW,COMPARISON,/seedance-2-0;/seedance-2-5,Seedance vs Veo: AI Video Model Comparison,Seedance vs Veo,7,PRIMARY,seedance vs veo,seedance vs veo,CANONICAL,530,173,--,KEEP_P2,HAS_VOLUME,Competitor Comparison / Veo,普通子页面：用于稳定、长期、功能型或明确独立意图；围绕主题完整回答并链接核心页。,BUILD_P2
/compare/seedance-vs-veo,SUBPAGE,P2,NEW,COMPARISON,/seedance-2-0;/seedance-2-5,Seedance vs Veo: AI Video Model Comparison,Seedance vs Veo,8,PRIMARY,api料金比較 minimax kiling veo seedance,api料金比較 minimax kiling veo seedance,CANONICAL,460,0,--,KEEP_P1,HAS_VOLUME,API / Developer,普通子页面：用于稳定、长期、功能型或明确独立意图；围绕主题完整回答并链接核心页。,BUILD_P2
/compare/seedance-vs-veo,SUBPAGE,P2,NEW,COMPARISON,/seedance-2-0;/seedance-2-5,Seedance vs Veo: AI Video Model Comparison,Seedance vs Veo,9,SECONDARY,veo 3 vs seedance 2.0,veo 3 vs seedance 2.0,CANONICAL,410,47,--,KEEP_P2,HAS_VOLUME,Competitor Comparison / Veo,普通子页面：用于稳定、长期、功能型或明确独立意图；围绕主题完整回答并链接核心页。,BUILD_P2
/compare/seedance-vs-veo,SUBPAGE,P2,NEW,COMPARISON,/seedance-2-0;/seedance-2-5,Seedance vs Veo: AI Video Model Comparison,Seedance vs Veo,10,SECONDARY,difference between google flow and veo 3 and seedance 2.0?,difference between google flow and veo 3 and seedance 2.0?,CANONICAL,320,0,--,KEEP_P2,HAS_VOLUME,Competitor Comparison / Veo,普通子页面：用于稳定、长期、功能型或明确独立意图；围绕主题完整回答并链接核心页。,BUILD_P2
/compare/seedance-vs-veo,SUBPAGE,P2,NEW,COMPARISON,/seedance-2-0;/seedance-2-5,Seedance vs Veo: AI Video Model Comparison,Seedance vs Veo,11,SECONDARY,seedance vs veo 3 lite which is cheaper but better,seedance vs veo 3 lite which is cheaper but better,CANONICAL,290,0,--,KEEP_P1,HAS_VOLUME,Generic Pricing / Free / Unlimited,普通子页面：用于稳定、长期、功能型或明确独立意图；围绕主题完整回答并链接核心页。,BUILD_P2
/compare/seedance-vs-veo,SUBPAGE,P2,NEW,COMPARISON,/seedance-2-0;/seedance-2-5,Seedance vs Veo: AI Video Model Comparison,Seedance vs Veo,12,SECONDARY,google veo 3.1 vs seedance 2.0,google veo 3.1 vs seedance 2.0,CANONICAL,180,55,--,KEEP_P2,HAS_VOLUME,Competitor Comparison / Veo,普通子页面：用于稳定、长期、功能型或明确独立意图；围绕主题完整回答并链接核心页。,BUILD_P2
/compare/seedance-vs-veo,SUBPAGE,P2,NEW,COMPARISON,/seedance-2-0;/seedance-2-5,Seedance vs Veo: AI Video Model Comparison,Seedance vs Veo,13,SECONDARY,seedance vs veo 3 benchmarks,seedance vs veo 3 benchmarks,CANONICAL,70,29,--,KEEP_P2,HAS_VOLUME,Competitor Comparison / Veo,普通子页面：用于稳定、长期、功能型或明确独立意图；围绕主题完整回答并链接核心页。,BUILD_P2
/compare/seedance-vs-veo,SUBPAGE,P2,NEW,COMPARISON,/seedance-2-0;/seedance-2-5,Seedance vs Veo: AI Video Model Comparison,Seedance vs Veo,14,SECONDARY,veo 3.1 vs seedance las model,veo 3.1 vs seedance las model,CANONICAL,30,0,--,KEEP_P2,HAS_VOLUME,Competitor Comparison / Veo,普通子页面：用于稳定、长期、功能型或明确独立意图；围绕主题完整回答并链接核心页。,BUILD_P2
/compare/seedance-vs-veo,SUBPAGE,P2,NEW,COMPARISON,/seedance-2-0;/seedance-2-5,Seedance vs Veo: AI Video Model Comparison,Seedance vs Veo,15,ZERO_VOLUME_SUPPORT,seedance 2.0 vs veo,seedance 2.0 vs veo,CANONICAL,0,113,--,KEEP_P2,ZERO_VOLUME_RELEVANT,Competitor Comparison / Veo,普通子页面：用于稳定、长期、功能型或明确独立意图；围绕主题完整回答并链接核心页。,BUILD_P2
/compare/seedance-vs-veo,SUBPAGE,P2,NEW,COMPARISON,/seedance-2-0;/seedance-2-5,Seedance vs Veo: AI Video Model Comparison,Seedance vs Veo,16,ZERO_VOLUME_SUPPORT,seedance 2 vs veo 3.1,seedance 2 vs veo 3.1,CANONICAL,0,95,--,KEEP_P2,ZERO_VOLUME_RELEVANT,Competitor Comparison / Veo,普通子页面：用于稳定、长期、功能型或明确独立意图；围绕主题完整回答并链接核心页。,BUILD_P2
/compare/seedance-vs-veo,SUBPAGE,P2,NEW,COMPARISON,/seedance-2-0;/seedance-2-5,Seedance vs Veo: AI Video Model Comparison,Seedance vs Veo,17,ZERO_VOLUME_SUPPORT,seedance 2 vs google veo 3.1,seedance 2 vs google veo 3.1,CANONICAL,0,56,3,KEEP_P2,ZERO_VOLUME_RELEVANT,Competitor Comparison / Veo,普通子页面：用于稳定、长期、功能型或明确独立意图；围绕主题完整回答并链接核心页。,BUILD_P2
/compare/seedance-vs-veo,SUBPAGE,P2,NEW,COMPARISON,/seedance-2-0;/seedance-2-5,Seedance vs Veo: AI Video Model Comparison,Seedance vs Veo,18,ZERO_VOLUME_SUPPORT,seedance 2.0 video generator vs google veo,seedance 2.0 video generator vs google veo,CANONICAL,0,26,--,KEEP_P2,ZERO_VOLUME_RELEVANT,Competitor Comparison / Veo,普通子页面：用于稳定、长期、功能型或明确独立意图；围绕主题完整回答并链接核心页。,BUILD_P2
/compare/seedance-vs-veo,SUBPAGE,P2,NEW,COMPARISON,/seedance-2-0;/seedance-2-5,Seedance vs Veo: AI Video Model Comparison,Seedance vs Veo,19,ZERO_VOLUME_SUPPORT,compare pricing veo 3.1 vs seedance 2.0 on price per seconds,compare pricing veo 3.1 vs seedance 2.0 on price per seconds,CANONICAL,0,21,--,KEEP_P2,ZERO_VOLUME_RELEVANT,2.0 Commercial / Generator,普通子页面：用于稳定、长期、功能型或明确独立意图；围绕主题完整回答并链接核心页。,BUILD_P2
/compare/seedance-vs-veo,SUBPAGE,P2,NEW,COMPARISON,/seedance-2-0;/seedance-2-5,Seedance vs Veo: AI Video Model Comparison,Seedance vs Veo,20,ZERO_VOLUME_SUPPORT,seedance 2.5 vs veo 3,seedance 2.5 vs veo 3,CANONICAL,0,19,--,KEEP_P2,ZERO_VOLUME_RELEVANT,Competitor Comparison / Veo,普通子页面：用于稳定、长期、功能型或明确独立意图；围绕主题完整回答并链接核心页。,BUILD_P2
/compare/seedance-vs-veo,SUBPAGE,P2,NEW,COMPARISON,/seedance-2-0;/seedance-2-5,Seedance vs Veo: AI Video Model Comparison,Seedance vs Veo,21,ZERO_VOLUME_SUPPORT,veo3.1 vs seedance 2.0,veo3.1 vs seedance 2.0,CANONICAL,0,18,--,KEEP_P2,ZERO_VOLUME_RELEVANT,Competitor Comparison / Veo,普通子页面：用于稳定、长期、功能型或明确独立意图；围绕主题完整回答并链接核心页。,BUILD_P2
/compare/seedance-vs-veo,SUBPAGE,P2,NEW,COMPARISON,/seedance-2-0;/seedance-2-5,Seedance vs Veo: AI Video Model Comparison,Seedance vs Veo,22,ZERO_VOLUME_SUPPORT,seedance 2.0 vs veo 3.1 pricing,seedance 2.0 vs veo 3.1 pricing,CANONICAL,0,13,--,KEEP_P2,ZERO_VOLUME_RELEVANT,2.0 Commercial / Generator,普通子页面：用于稳定、长期、功能型或明确独立意图；围绕主题完整回答并链接核心页。,BUILD_P2
/compare/seedance-vs-veo,SUBPAGE,P2,NEW,COMPARISON,/seedance-2-0;/seedance-2-5,Seedance vs Veo: AI Video Model Comparison,Seedance vs Veo,23,ZERO_VOLUME_SUPPORT,seedance-1.5-pro vs veo 3.1 fats,seedance-1.5-pro vs veo 3.1 fats,CANONICAL,0,7,--,KEEP_P2,ZERO_VOLUME_RELEVANT,Competitor Comparison / Veo,普通子页面：用于稳定、长期、功能型或明确独立意图；围绕主题完整回答并链接核心页。,BUILD_P2
/compare/seedance-vs-veo,SUBPAGE,P2,NEW,COMPARISON,/seedance-2-0;/seedance-2-5,Seedance vs Veo: AI Video Model Comparison,Seedance vs Veo,24,ZERO_VOLUME_SUPPORT,comparison between veo 3 and seedance,comparison between veo 3 and seedance,CANONICAL,0,0,--,KEEP_P2,ZERO_VOLUME_RELEVANT,Competitor Comparison / Veo,普通子页面：用于稳定、长期、功能型或明确独立意图；围绕主题完整回答并链接核心页。,BUILD_P2
/compare/seedance-vs-veo,SUBPAGE,P2,NEW,COMPARISON,/seedance-2-0;/seedance-2-5,Seedance vs Veo: AI Video Model Comparison,Seedance vs Veo,25,ZERO_VOLUME_SUPPORT,veo 3.1 fast vs seedance 2 fast,veo 3.1 fast vs seedance 2 fast,CANONICAL,0,0,--,KEEP_P2,ZERO_VOLUME_RELEVANT,Competitor Comparison / Veo,普通子页面：用于稳定、长期、功能型或明确独立意图；围绕主题完整回答并链接核心页。,BUILD_P2
/use-cases/seedance-ugc-video,SUBPAGE,P2,NEW,USE_CASE,/prompts;/seedance-2-0,"Seedance UGC Video: Product Ads, Social Video & Prompts",Seedance UGC Video,1,PRIMARY,seedance 2.5 ugc,seedance 2.5 ugc,CANONICAL,3800,0,--,KEEP_P1,HAS_VOLUME,UGC / Product Ads / Social Video,普通子页面：用于稳定、长期、功能型或明确独立意图；围绕主题完整回答并链接核心页。,BUILD_P2
/use-cases/seedance-ugc-video,SUBPAGE,P2,NEW,USE_CASE,/prompts;/seedance-2-0,"Seedance UGC Video: Product Ads, Social Video & Prompts",Seedance UGC Video,2,PRIMARY,ugc seedance 2.0,ugc seedance 2.0,CANONICAL,1230,100,--,KEEP_P1,HAS_VOLUME,UGC / Product Ads / Social Video,普通子页面：用于稳定、长期、功能型或明确独立意图；围绕主题完整回答并链接核心页。,BUILD_P2
/use-cases/seedance-ugc-video,SUBPAGE,P2,NEW,USE_CASE,/prompts;/seedance-2-0,"Seedance UGC Video: Product Ads, Social Video & Prompts",Seedance UGC Video,3,PRIMARY,does create ugc . ai have seedance 2.5?,does create ugc . ai have seedance 2.5?,CANONICAL,880,0,--,KEEP_P2,HAS_VOLUME,UGC / Product Ads / Social Video,普通子页面：用于稳定、长期、功能型或明确独立意图；围绕主题完整回答并链接核心页。,BUILD_P2
/use-cases/seedance-ugc-video,SUBPAGE,P2,NEW,USE_CASE,/prompts;/seedance-2-0,"Seedance UGC Video: Product Ads, Social Video & Prompts",Seedance UGC Video,4,PRIMARY,does create ugc have seedance 2.5?,does create ugc have seedance 2.5?,CANONICAL,880,0,--,KEEP_P2,HAS_VOLUME,UGC / Product Ads / Social Video,普通子页面：用于稳定、长期、功能型或明确独立意图；围绕主题完整回答并链接核心页。,BUILD_P2
/use-cases/seedance-ugc-video,SUBPAGE,P2,NEW,USE_CASE,/prompts;/seedance-2-0,"Seedance UGC Video: Product Ads, Social Video & Prompts",Seedance UGC Video,5,PRIMARY,does https://www.createugc.ai have seedance 2.5?,does https://www.createugc.ai have seedance 2.5?,CANONICAL,870,0,--,KEEP_P0,HAS_VOLUME,2.5 Core Hub,普通子页面：用于稳定、长期、功能型或明确独立意图；围绕主题完整回答并链接核心页。,BUILD_P2
/use-cases/seedance-ugc-video,SUBPAGE,P2,NEW,USE_CASE,/prompts;/seedance-2-0,"Seedance UGC Video: Product Ads, Social Video & Prompts",Seedance UGC Video,6,PRIMARY,seedance 2.5 reels,seedance 2.5 reels,CANONICAL,860,0,--,KEEP_P2,HAS_VOLUME,UGC / Product Ads / Social Video,普通子页面：用于稳定、长期、功能型或明确独立意图；围绕主题完整回答并链接核心页。,BUILD_P2
/use-cases/seedance-ugc-video,SUBPAGE,P2,NEW,USE_CASE,/prompts;/seedance-2-0,"Seedance UGC Video: Product Ads, Social Video & Prompts",Seedance UGC Video,7,PRIMARY,ai ugc seedance 2.5,ai ugc seedance 2.5,CANONICAL,760,0,--,KEEP_P2,HAS_VOLUME,UGC / Product Ads / Social Video,普通子页面：用于稳定、长期、功能型或明确独立意图；围绕主题完整回答并链接核心页。,BUILD_P2
/use-cases/seedance-ugc-video,SUBPAGE,P2,NEW,USE_CASE,/prompts;/seedance-2-0,"Seedance UGC Video: Product Ads, Social Video & Prompts",Seedance UGC Video,8,PRIMARY,ai ugc seedance,ai ugc seedance,CANONICAL,740,73,--,KEEP_P2,HAS_VOLUME,UGC / Product Ads / Social Video,普通子页面：用于稳定、长期、功能型或明确独立意图；围绕主题完整回答并链接核心页。,BUILD_P2
/use-cases/seedance-ugc-video,SUBPAGE,P2,NEW,USE_CASE,/prompts;/seedance-2-0,"Seedance UGC Video: Product Ads, Social Video & Prompts",Seedance UGC Video,9,SECONDARY,seedance ugc same character,seedance ugc same character,CANONICAL,740,0,--,KEEP_P2,HAS_VOLUME,UGC / Product Ads / Social Video,普通子页面：用于稳定、长期、功能型或明确独立意图；围绕主题完整回答并链接核心页。,BUILD_P2
/use-cases/seedance-ugc-video,SUBPAGE,P2,NEW,USE_CASE,/prompts;/seedance-2-0,"Seedance UGC Video: Product Ads, Social Video & Prompts",Seedance UGC Video,10,SECONDARY,seedance is good 2.0 for ecommerce creatives or kling 3.0,seedance is good 2.0 for ecommerce creatives or kling 3.0,CANONICAL,730,0,--,KEEP_P2,HAS_VOLUME,UGC / Product Ads / Social Video,普通子页面：用于稳定、长期、功能型或明确独立意图；围绕主题完整回答并链接核心页。,BUILD_P2
/use-cases/seedance-ugc-video,SUBPAGE,P2,NEW,USE_CASE,/prompts;/seedance-2-0,"Seedance UGC Video: Product Ads, Social Video & Prompts",Seedance UGC Video,11,SECONDARY,seedance2.5 ugc,seedance2.5 ugc,CANONICAL,630,0,--,KEEP_P2,HAS_VOLUME,UGC / Product Ads / Social Video,普通子页面：用于稳定、长期、功能型或明确独立意图；围绕主题完整回答并链接核心页。,BUILD_P2
/use-cases/seedance-ugc-video,SUBPAGE,P2,NEW,USE_CASE,/prompts;/seedance-2-0,"Seedance UGC Video: Product Ads, Social Video & Prompts",Seedance UGC Video,12,SECONDARY,ugc seedance higgsfield,ugc seedance higgsfield,CANONICAL,530,17,--,KEEP_P1,HAS_VOLUME,Platforms / Providers,普通子页面：用于稳定、长期、功能型或明确独立意图；围绕主题完整回答并链接核心页。,BUILD_P2
/use-cases/seedance-ugc-video,SUBPAGE,P2,NEW,USE_CASE,/prompts;/seedance-2-0,"Seedance UGC Video: Product Ads, Social Video & Prompts",Seedance UGC Video,13,SECONDARY,seedance 2.5 ugc guide,seedance 2.5 ugc guide,CANONICAL,510,0,--,KEEP_P2,HAS_VOLUME,UGC / Product Ads / Social Video,普通子页面：用于稳定、长期、功能型或明确独立意图；围绕主题完整回答并链接核心页。,BUILD_P2
/use-cases/seedance-ugc-video,SUBPAGE,P2,NEW,USE_CASE,/prompts;/seedance-2-0,"Seedance UGC Video: Product Ads, Social Video & Prompts",Seedance UGC Video,14,SECONDARY,seedance 2.5 ugc pormpting,seedance 2.5 ugc pormpting,CANONICAL,490,0,--,KEEP_P2,HAS_VOLUME,UGC / Product Ads / Social Video,普通子页面：用于稳定、长期、功能型或明确独立意图；围绕主题完整回答并链接核心页。,BUILD_P2
/use-cases/seedance-ugc-video,SUBPAGE,P2,NEW,USE_CASE,/prompts;/seedance-2-0,"Seedance UGC Video: Product Ads, Social Video & Prompts",Seedance UGC Video,15,SECONDARY,seedance ugc,seedance ugc,CANONICAL,460,411,--,KEEP_P2,HAS_VOLUME,UGC / Product Ads / Social Video,普通子页面：用于稳定、长期、功能型或明确独立意图；围绕主题完整回答并链接核心页。,BUILD_P2
/use-cases/seedance-ugc-video,SUBPAGE,P2,NEW,USE_CASE,/prompts;/seedance-2-0,"Seedance UGC Video: Product Ads, Social Video & Prompts",Seedance UGC Video,16,SECONDARY,seedance 2.0 realistic ugc prompt guide,seedance 2.0 realistic ugc prompt guide,CANONICAL,400,0,--,KEEP_P0,HAS_VOLUME,2.0 Prompts,普通子页面：用于稳定、长期、功能型或明确独立意图；围绕主题完整回答并链接核心页。,BUILD_P2
/use-cases/seedance-ugc-video,SUBPAGE,P2,NEW,USE_CASE,/prompts;/seedance-2-0,"Seedance UGC Video: Product Ads, Social Video & Prompts",Seedance UGC Video,17,SECONDARY,seedance 2.0 realistic ugc prompt guide md coument,seedance 2.0 realistic ugc prompt guide md coument,CANONICAL,400,0,--,KEEP_P0,HAS_VOLUME,2.0 Prompts,普通子页面：用于稳定、长期、功能型或明确独立意图；围绕主题完整回答并链接核心页。,BUILD_P2
/use-cases/seedance-ugc-video,SUBPAGE,P2,NEW,USE_CASE,/prompts;/seedance-2-0,"Seedance UGC Video: Product Ads, Social Video & Prompts",Seedance UGC Video,18,SECONDARY,seedance 2.0 realistic ugc prompt guide md document higgsfield,seedance 2.0 realistic ugc prompt guide md document higgsfield,CANONICAL,400,0,--,KEEP_P0,HAS_VOLUME,Platforms / Providers,普通子页面：用于稳定、长期、功能型或明确独立意图；围绕主题完整回答并链接核心页。,BUILD_P2
/use-cases/seedance-ugc-video,SUBPAGE,P2,NEW,USE_CASE,/prompts;/seedance-2-0,"Seedance UGC Video: Product Ads, Social Video & Prompts",Seedance UGC Video,19,SECONDARY,videos seedance ilimitados con el programa de tiktok,videos seedance ilimitados con el programa de tiktok,CANONICAL,400,0,--,KEEP_P2,HAS_VOLUME,Homepage / Generic Seedance,普通子页面：用于稳定、长期、功能型或明确独立意图；围绕主题完整回答并链接核心页。,BUILD_P2
/use-cases/seedance-ugc-video,SUBPAGE,P2,NEW,USE_CASE,/prompts;/seedance-2-0,"Seedance UGC Video: Product Ads, Social Video & Prompts",Seedance UGC Video,20,SECONDARY,seedance 2 iphone ugc prompts,seedance 2 iphone ugc prompts,CANONICAL,350,0,--,KEEP_P1,HAS_VOLUME,Generic Prompts,普通子页面：用于稳定、长期、功能型或明确独立意图；围绕主题完整回答并链接核心页。,BUILD_P2
/use-cases/seedance-ugc-video,SUBPAGE,P2,NEW,USE_CASE,/prompts;/seedance-2-0,"Seedance UGC Video: Product Ads, Social Video & Prompts",Seedance UGC Video,21,SECONDARY,ai ugc playbook seedance 2.0,ai ugc playbook seedance 2.0,CANONICAL,340,0,--,KEEP_P2,HAS_VOLUME,UGC / Product Ads / Social Video,普通子页面：用于稳定、长期、功能型或明确独立意图；围绕主题完整回答并链接核心页。,BUILD_P2
/use-cases/seedance-ugc-video,SUBPAGE,P2,NEW,USE_CASE,/prompts;/seedance-2-0,"Seedance UGC Video: Product Ads, Social Video & Prompts",Seedance UGC Video,22,SECONDARY,makeugc seedance 2.5,makeugc seedance 2.5,CANONICAL,340,0,--,KEEP_P2,HAS_VOLUME,UGC / Product Ads / Social Video,普通子页面：用于稳定、长期、功能型或明确独立意图；围绕主题完整回答并链接核心页。,BUILD_P2
/use-cases/seedance-ugc-video,SUBPAGE,P2,NEW,USE_CASE,/prompts;/seedance-2-0,"Seedance UGC Video: Product Ads, Social Video & Prompts",Seedance UGC Video,23,SECONDARY,seedance ai ugc,seedance ai ugc,CANONICAL,310,269,--,KEEP_P2,HAS_VOLUME,UGC / Product Ads / Social Video,普通子页面：用于稳定、长期、功能型或明确独立意图；围绕主题完整回答并链接核心页。,BUILD_P2
/use-cases/seedance-ugc-video,SUBPAGE,P2,NEW,USE_CASE,/prompts;/seedance-2-0,"Seedance UGC Video: Product Ads, Social Video & Prompts",Seedance UGC Video,24,SECONDARY,product video seedance,product video seedance,CANONICAL,300,0,--,KEEP_P2,HAS_VOLUME,UGC / Product Ads / Social Video,普通子页面：用于稳定、长期、功能型或明确独立意图；围绕主题完整回答并链接核心页。,BUILD_P2
/use-cases/seedance-ugc-video,SUBPAGE,P2,NEW,USE_CASE,/prompts;/seedance-2-0,"Seedance UGC Video: Product Ads, Social Video & Prompts",Seedance UGC Video,25,SECONDARY,use seedance for videos ugc,use seedance for videos ugc,CANONICAL,270,0,--,KEEP_P2,HAS_VOLUME,UGC / Product Ads / Social Video,普通子页面：用于稳定、长期、功能型或明确独立意图；围绕主题完整回答并链接核心页。,BUILD_P2
/use-cases/seedance-ugc-video,SUBPAGE,P2,NEW,USE_CASE,/prompts;/seedance-2-0,"Seedance UGC Video: Product Ads, Social Video & Prompts",Seedance UGC Video,26,SECONDARY,how to create promps for seedance 2.5 for ugc,how to create promps for seedance 2.5 for ugc,CANONICAL,210,0,--,KEEP_P2,HAS_VOLUME,UGC / Product Ads / Social Video,普通子页面：用于稳定、长期、功能型或明确独立意图；围绕主题完整回答并链接核心页。,BUILD_P2
/use-cases/seedance-ugc-video,SUBPAGE,P2,NEW,USE_CASE,/prompts;/seedance-2-0,"Seedance UGC Video: Product Ads, Social Video & Prompts",Seedance UGC Video,27,SECONDARY,realistic ugc prompts for seedance,realistic ugc prompts for seedance,CANONICAL,180,0,--,KEEP_P1,HAS_VOLUME,Generic Prompts,普通子页面：用于稳定、长期、功能型或明确独立意图；围绕主题完整回答并链接核心页。,BUILD_P2
/use-cases/seedance-ugc-video,SUBPAGE,P2,NEW,USE_CASE,/prompts;/seedance-2-0,"Seedance UGC Video: Product Ads, Social Video & Prompts",Seedance UGC Video,28,SECONDARY,how to make good prompts in seedance 2.0 ugc,how to make good prompts in seedance 2.0 ugc,CANONICAL,170,0,--,KEEP_P0,HAS_VOLUME,2.0 Prompts,普通子页面：用于稳定、长期、功能型或明确独立意图；围绕主题完整回答并链接核心页。,BUILD_P2
/use-cases/seedance-ugc-video,SUBPAGE,P2,NEW,USE_CASE,/prompts;/seedance-2-0,"Seedance UGC Video: Product Ads, Social Video & Prompts",Seedance UGC Video,29,SECONDARY,makeugc   seedance,makeugc seedance,CANONICAL,150,116,--,KEEP_P2,HAS_VOLUME,UGC / Product Ads / Social Video,普通子页面：用于稳定、长期、功能型或明确独立意图；围绕主题完整回答并链接核心页。,BUILD_P2
/use-cases/seedance-ugc-video,SUBPAGE,P2,NEW,USE_CASE,/prompts;/seedance-2-0,"Seedance UGC Video: Product Ads, Social Video & Prompts",Seedance UGC Video,30,SECONDARY,higgsfild canvas templates seedance ugc ads,higgsfild canvas templates seedance ugc ads,CANONICAL,150,0,--,KEEP_P2,HAS_VOLUME,UGC / Product Ads / Social Video,普通子页面：用于稳定、长期、功能型或明确独立意图；围绕主题完整回答并链接核心页。,BUILD_P2
/use-cases/seedance-ugc-video,SUBPAGE,P2,NEW,USE_CASE,/prompts;/seedance-2-0,"Seedance UGC Video: Product Ads, Social Video & Prompts",Seedance UGC Video,31,SECONDARY,seedance 2.0 ai video creator for beauty brand - tiktok & reels - ongoing,seedance 2.0 ai video creator for beauty brand - tiktok & reels - ongoing,CANONICAL,140,0,--,KEEP_P2,HAS_VOLUME,UGC / Product Ads / Social Video,普通子页面：用于稳定、长期、功能型或明确独立意图；围绕主题完整回答并链接核心页。,BUILD_P2
/use-cases/seedance-ugc-video,SUBPAGE,P2,NEW,USE_CASE,/prompts;/seedance-2-0,"Seedance UGC Video: Product Ads, Social Video & Prompts",Seedance UGC Video,32,SECONDARY,seedance 2.5 makeugc.ai,seedance 2.5 makeugc.ai,CANONICAL,60,0,--,KEEP_P0,HAS_VOLUME,2.5 Core Hub,普通子页面：用于稳定、长期、功能型或明确独立意图；围绕主题完整回答并链接核心页。,BUILD_P2
/use-cases/seedance-ugc-video,SUBPAGE,P2,NEW,USE_CASE,/prompts;/seedance-2-0,"Seedance UGC Video: Product Ads, Social Video & Prompts",Seedance UGC Video,33,SECONDARY,is seedance 2 fast good at ugc,is seedance 2 fast good at ugc,CANONICAL,50,6,--,KEEP_P2,HAS_VOLUME,UGC / Product Ads / Social Video,普通子页面：用于稳定、长期、功能型或明确独立意图；围绕主题完整回答并链接核心页。,BUILD_P2
/use-cases/seedance-ugc-video,SUBPAGE,P2,NEW,USE_CASE,/prompts;/seedance-2-0,"Seedance UGC Video: Product Ads, Social Video & Prompts",Seedance UGC Video,34,SECONDARY,hyper realistic seedance 2.0 reels,hyper realistic seedance 2.0 reels,CANONICAL,40,0,--,KEEP_P2,HAS_VOLUME,UGC / Product Ads / Social Video,普通子页面：用于稳定、长期、功能型或明确独立意图；围绕主题完整回答并链接核心页。,BUILD_P2
/use-cases/seedance-ugc-video,SUBPAGE,P2,NEW,USE_CASE,/prompts;/seedance-2-0,"Seedance UGC Video: Product Ads, Social Video & Prompts",Seedance UGC Video,35,SECONDARY,seedance ai ugc factory,seedance ai ugc factory,CANONICAL,30,15,--,KEEP_P2,HAS_VOLUME,UGC / Product Ads / Social Video,普通子页面：用于稳定、长期、功能型或明确独立意图；围绕主题完整回答并链接核心页。,BUILD_P2
/use-cases/seedance-ugc-video,SUBPAGE,P2,NEW,USE_CASE,/prompts;/seedance-2-0,"Seedance UGC Video: Product Ads, Social Video & Prompts",Seedance UGC Video,36,SECONDARY,seedance prompt ugc reverse engineering,seedance prompt ugc reverse engineering,CANONICAL,10,20,--,KEEP_P2,HAS_VOLUME,Generic Prompts,普通子页面：用于稳定、长期、功能型或明确独立意图；围绕主题完整回答并链接核心页。,BUILD_P2
/use-cases/seedance-ugc-video,SUBPAGE,P2,NEW,USE_CASE,/prompts;/seedance-2-0,"Seedance UGC Video: Product Ads, Social Video & Prompts",Seedance UGC Video,37,ZERO_VOLUME_SUPPORT,fable 5   seedance 2.0 = 500   viral ai ugc,fable 5 seedance 2.0 = 500 viral ai ugc,CANONICAL,0,119,--,KEEP_P2,ZERO_VOLUME_RELEVANT,UGC / Product Ads / Social Video,普通子页面：用于稳定、长期、功能型或明确独立意图；围绕主题完整回答并链接核心页。,BUILD_P2
/use-cases/seedance-ugc-video,SUBPAGE,P2,NEW,USE_CASE,/prompts;/seedance-2-0,"Seedance UGC Video: Product Ads, Social Video & Prompts",Seedance UGC Video,38,ZERO_VOLUME_SUPPORT,fable 5   seedance 2.0 = viral ai ugc,fable 5 seedance 2.0 = viral ai ugc,CANONICAL,0,119,--,KEEP_P2,ZERO_VOLUME_RELEVANT,UGC / Product Ads / Social Video,普通子页面：用于稳定、长期、功能型或明确独立意图；围绕主题完整回答并链接核心页。,BUILD_P2
/use-cases/seedance-ugc-video,SUBPAGE,P2,NEW,USE_CASE,/prompts;/seedance-2-0,"Seedance UGC Video: Product Ads, Social Video & Prompts",Seedance UGC Video,39,ZERO_VOLUME_SUPPORT,ugc video seedance,ugc video seedance,CANONICAL,0,92,--,KEEP_P2,ZERO_VOLUME_RELEVANT,UGC / Product Ads / Social Video,普通子页面：用于稳定、长期、功能型或明确独立意图；围绕主题完整回答并链接核心页。,BUILD_P2
/use-cases/seedance-ugc-video,SUBPAGE,P2,NEW,USE_CASE,/prompts;/seedance-2-0,"Seedance UGC Video: Product Ads, Social Video & Prompts",Seedance UGC Video,40,ZERO_VOLUME_SUPPORT,seedance 2 ugc prompt,seedance 2 ugc prompt,CANONICAL,0,91,4,KEEP_P2,ZERO_VOLUME_RELEVANT,Generic Prompts,普通子页面：用于稳定、长期、功能型或明确独立意图；围绕主题完整回答并链接核心页。,BUILD_P2
/use-cases/seedance-ugc-video,SUBPAGE,P2,NEW,USE_CASE,/prompts;/seedance-2-0,"Seedance UGC Video: Product Ads, Social Video & Prompts",Seedance UGC Video,41,ZERO_VOLUME_SUPPORT,seedance ugc ads,seedance ugc ads,CANONICAL,0,86,1,KEEP_P2,ZERO_VOLUME_RELEVANT,UGC / Product Ads / Social Video,普通子页面：用于稳定、长期、功能型或明确独立意图；围绕主题完整回答并链接核心页。,BUILD_P2
/use-cases/seedance-ugc-video,SUBPAGE,P2,NEW,USE_CASE,/prompts;/seedance-2-0,"Seedance UGC Video: Product Ads, Social Video & Prompts",Seedance UGC Video,42,ZERO_VOLUME_SUPPORT,ugc seedance how,ugc seedance how,CANONICAL,0,83,--,KEEP_P2,ZERO_VOLUME_RELEVANT,UGC / Product Ads / Social Video,普通子页面：用于稳定、长期、功能型或明确独立意图；围绕主题完整回答并链接核心页。,BUILD_P2
/use-cases/seedance-ugc-video,SUBPAGE,P2,NEW,USE_CASE,/prompts;/seedance-2-0,"Seedance UGC Video: Product Ads, Social Video & Prompts",Seedance UGC Video,43,ZERO_VOLUME_SUPPORT,seedance 2.0 ugc prompts,seedance 2.0 ugc prompts,CANONICAL,0,58,--,KEEP_P0,ZERO_VOLUME_RELEVANT,2.0 Prompts,普通子页面：用于稳定、长期、功能型或明确独立意图；围绕主题完整回答并链接核心页。,BUILD_P2
/use-cases/seedance-ugc-video,SUBPAGE,P2,NEW,USE_CASE,/prompts;/seedance-2-0,"Seedance UGC Video: Product Ads, Social Video & Prompts",Seedance UGC Video,44,ZERO_VOLUME_SUPPORT,seedance 2.0 product video,seedance 2.0 product video,CANONICAL,0,53,47,KEEP_P2,ZERO_VOLUME_RELEVANT,UGC / Product Ads / Social Video,普通子页面：用于稳定、长期、功能型或明确独立意图；围绕主题完整回答并链接核心页。,BUILD_P2
/use-cases/seedance-ugc-video,SUBPAGE,P2,NEW,USE_CASE,/prompts;/seedance-2-0,"Seedance UGC Video: Product Ads, Social Video & Prompts",Seedance UGC Video,45,ZERO_VOLUME_SUPPORT,ugc hiperrealistic prompt seedance,ugc hiperrealistic prompt seedance,CANONICAL,0,51,--,KEEP_P2,ZERO_VOLUME_RELEVANT,Generic Prompts,普通子页面：用于稳定、长期、功能型或明确独立意图；围绕主题完整回答并链接核心页。,BUILD_P2
/use-cases/seedance-ugc-video,SUBPAGE,P2,NEW,USE_CASE,/prompts;/seedance-2-0,"Seedance UGC Video: Product Ads, Social Video & Prompts",Seedance UGC Video,46,ZERO_VOLUME_SUPPORT,ugc hiperrealistic seedance,ugc hiperrealistic seedance,CANONICAL,0,51,--,KEEP_P2,ZERO_VOLUME_RELEVANT,UGC / Product Ads / Social Video,普通子页面：用于稳定、长期、功能型或明确独立意图；围绕主题完整回答并链接核心页。,BUILD_P2
/use-cases/seedance-ugc-video,SUBPAGE,P2,NEW,USE_CASE,/prompts;/seedance-2-0,"Seedance UGC Video: Product Ads, Social Video & Prompts",Seedance UGC Video,47,ZERO_VOLUME_SUPPORT,using seedance 2.0 for mass ugc tiktok,using seedance 2.0 for mass ugc tiktok,CANONICAL,0,51,--,KEEP_P2,ZERO_VOLUME_RELEVANT,UGC / Product Ads / Social Video,普通子页面：用于稳定、长期、功能型或明确独立意图；围绕主题完整回答并链接核心页。,BUILD_P2
/use-cases/seedance-ugc-video,SUBPAGE,P2,NEW,USE_CASE,/prompts;/seedance-2-0,"Seedance UGC Video: Product Ads, Social Video & Prompts",Seedance UGC Video,48,ZERO_VOLUME_SUPPORT,remake ugc video with seedance,remake ugc video with seedance,CANONICAL,0,47,--,KEEP_P2,ZERO_VOLUME_RELEVANT,UGC / Product Ads / Social Video,普通子页面：用于稳定、长期、功能型或明确独立意图；围绕主题完整回答并链接核心页。,BUILD_P2
/use-cases/seedance-ugc-video,SUBPAGE,P2,NEW,USE_CASE,/prompts;/seedance-2-0,"Seedance UGC Video: Product Ads, Social Video & Prompts",Seedance UGC Video,49,ZERO_VOLUME_SUPPORT,seedance 2.0 sfotware product video,seedance 2.0 sfotware product video,CANONICAL,0,45,59,KEEP_P2,ZERO_VOLUME_RELEVANT,UGC / Product Ads / Social Video,普通子页面：用于稳定、长期、功能型或明确独立意图；围绕主题完整回答并链接核心页。,BUILD_P2
/use-cases/seedance-ugc-video,SUBPAGE,P2,NEW,USE_CASE,/prompts;/seedance-2-0,"Seedance UGC Video: Product Ads, Social Video & Prompts",Seedance UGC Video,50,ZERO_VOLUME_SUPPORT,videos ugc seedance 2.0 fast,videos ugc seedance 2.0 fast,CANONICAL,0,43,--,KEEP_P2,ZERO_VOLUME_RELEVANT,UGC / Product Ads / Social Video,普通子页面：用于稳定、长期、功能型或明确独立意图；围绕主题完整回答并链接核心页。,BUILD_P2
/use-cases/seedance-ugc-video,SUBPAGE,P2,NEW,USE_CASE,/prompts;/seedance-2-0,"Seedance UGC Video: Product Ads, Social Video & Prompts",Seedance UGC Video,51,ZERO_VOLUME_SUPPORT,seedance 2.0 asmr unboxing,seedance 2.0 asmr unboxing,CANONICAL,0,42,--,KEEP_P2,ZERO_VOLUME_RELEVANT,UGC / Product Ads / Social Video,普通子页面：用于稳定、长期、功能型或明确独立意图；围绕主题完整回答并链接核心页。,BUILD_P2
/use-cases/seedance-ugc-video,SUBPAGE,P2,NEW,USE_CASE,/prompts;/seedance-2-0,"Seedance UGC Video: Product Ads, Social Video & Prompts",Seedance UGC Video,52,ZERO_VOLUME_SUPPORT,seedance 2.0 prompt library ugc,seedance 2.0 prompt library ugc,CANONICAL,0,42,--,KEEP_P0,ZERO_VOLUME_RELEVANT,2.0 Prompts,普通子页面：用于稳定、长期、功能型或明确独立意图；围绕主题完整回答并链接核心页。,BUILD_P2
/use-cases/seedance-ugc-video,SUBPAGE,P2,NEW,USE_CASE,/prompts;/seedance-2-0,"Seedance UGC Video: Product Ads, Social Video & Prompts",Seedance UGC Video,53,ZERO_VOLUME_SUPPORT,ugc seedance prompt,ugc seedance prompt,CANONICAL,0,41,--,KEEP_P2,ZERO_VOLUME_RELEVANT,Generic Prompts,普通子页面：用于稳定、长期、功能型或明确独立意图；围绕主题完整回答并链接核心页。,BUILD_P2
/use-cases/seedance-ugc-video,SUBPAGE,P2,NEW,USE_CASE,/prompts;/seedance-2-0,"Seedance UGC Video: Product Ads, Social Video & Prompts",Seedance UGC Video,54,ZERO_VOLUME_SUPPORT,ai ugc seedance 2.0,ai ugc seedance 2.0,CANONICAL,0,39,80,KEEP_P2,ZERO_VOLUME_RELEVANT,UGC / Product Ads / Social Video,普通子页面：用于稳定、长期、功能型或明确独立意图；围绕主题完整回答并链接核心页。,BUILD_P2
/use-cases/seedance-ugc-video,SUBPAGE,P2,NEW,USE_CASE,/prompts;/seedance-2-0,"Seedance UGC Video: Product Ads, Social Video & Prompts",Seedance UGC Video,55,ZERO_VOLUME_SUPPORT,how do you crearte seedance same perosn ai ugc,how do you crearte seedance same perosn ai ugc,CANONICAL,0,35,--,KEEP_P2,ZERO_VOLUME_RELEVANT,UGC / Product Ads / Social Video,普通子页面：用于稳定、长期、功能型或明确独立意图；围绕主题完整回答并链接核心页。,BUILD_P2
/use-cases/seedance-ugc-video,SUBPAGE,P2,NEW,USE_CASE,/prompts;/seedance-2-0,"Seedance UGC Video: Product Ads, Social Video & Prompts",Seedance UGC Video,56,ZERO_VOLUME_SUPPORT,product videos on seedance,product videos on seedance,CANONICAL,0,35,--,KEEP_P2,ZERO_VOLUME_RELEVANT,UGC / Product Ads / Social Video,普通子页面：用于稳定、长期、功能型或明确独立意图；围绕主题完整回答并链接核心页。,BUILD_P2
/use-cases/seedance-ugc-video,SUBPAGE,P2,NEW,USE_CASE,/prompts;/seedance-2-0,"Seedance UGC Video: Product Ads, Social Video & Prompts",Seedance UGC Video,57,ZERO_VOLUME_SUPPORT,seedance trained on tiktok videos data,seedance trained on tiktok videos data,CANONICAL,0,31,--,KEEP_P2,ZERO_VOLUME_RELEVANT,UGC / Product Ads / Social Video,普通子页面：用于稳定、长期、功能型或明确独立意图；围绕主题完整回答并链接核心页。,BUILD_P2
/use-cases/seedance-ugc-video,SUBPAGE,P2,NEW,USE_CASE,/prompts;/seedance-2-0,"Seedance UGC Video: Product Ads, Social Video & Prompts",Seedance UGC Video,58,ZERO_VOLUME_SUPPORT,prompt ugc seedance 2,prompt ugc seedance 2,CANONICAL,0,29,--,KEEP_P2,ZERO_VOLUME_RELEVANT,Generic Prompts,普通子页面：用于稳定、长期、功能型或明确独立意图；围绕主题完整回答并链接核心页。,BUILD_P2
/use-cases/seedance-ugc-video,SUBPAGE,P2,NEW,USE_CASE,/prompts;/seedance-2-0,"Seedance UGC Video: Product Ads, Social Video & Prompts",Seedance UGC Video,59,ZERO_VOLUME_SUPPORT,prompt ugc seedance 2.0,prompt ugc seedance 2.0,CANONICAL,0,24,--,KEEP_P0,ZERO_VOLUME_RELEVANT,2.0 Prompts,普通子页面：用于稳定、长期、功能型或明确独立意图；围绕主题完整回答并链接核心页。,BUILD_P2
/use-cases/seedance-ugc-video,SUBPAGE,P2,NEW,USE_CASE,/prompts;/seedance-2-0,"Seedance UGC Video: Product Ads, Social Video & Prompts",Seedance UGC Video,60,ZERO_VOLUME_SUPPORT,seedance-ugc-cn-director,seedance-ugc-cn-director,CANONICAL,0,24,--,KEEP_P2,ZERO_VOLUME_RELEVANT,Homepage / Generic Seedance,普通子页面：用于稳定、长期、功能型或明确独立意图；围绕主题完整回答并链接核心页。,BUILD_P2
/use-cases/seedance-ugc-video,SUBPAGE,P2,NEW,USE_CASE,/prompts;/seedance-2-0,"Seedance UGC Video: Product Ads, Social Video & Prompts",Seedance UGC Video,61,ZERO_VOLUME_SUPPORT,ugc with seedance,ugc with seedance,CANONICAL,0,24,--,KEEP_P2,ZERO_VOLUME_RELEVANT,UGC / Product Ads / Social Video,普通子页面：用于稳定、长期、功能型或明确独立意图；围绕主题完整回答并链接核心页。,BUILD_P2
